{
    "type": "FeatureCollection",
    "features": [
        {
            "type": "Feature",
            "id": 1,
            "geometry": {
                "type": "LineString",
                "coordinates": [
                    [
                        28.751944000000037,
                        41.27527800000007
                    ],
                    [
                        28.76326947700005,
                        41.272474001000035
                    ],
                    [
                        31.563726233000068,
                        40.53701488200005
                    ],
                    [
                        32.99509811000007,
                        40.128101350000065
                    ]
                ]
            },
            "properties": {
                "OID": 1,
                "Departure_Airport": "IST",
                "Destination_Code": "ESB",
                "Destination_Name": "Ankara",
                "Airline": "Turkish Airlines",
                "Duration__minutes_": 70,
                "Reverse_Duration__minutes_": 85,
                "Distance__km_": 381.0,
                "Flights_per_Day": 17.0,
                "Latitude": 40.12810135,
                "Longitude": 32.99509811,
                "Altitude": 3125,
                "Name": "Esenbo\u011fa International Airport",
                "StartLon": 28.751944,
                "StartLat": 41.275278,
                "ORIG_FID": 1,
                "Shape_Length": 4.395832358130084,
                "Country": "Turkey"
            }
        },
        {
            "type": "Feature",
            "id": 2,
            "geometry": {
                "type": "LineString",
                "coordinates": [
                    [
                        28.751944000000037,
                        41.27527800000007
                    ],
                    [
                        28.74730389000007,
                        41.267002708000064
                    ],
                    [
                        27.622502074000067,
                        39.192193158000066
                    ],
                    [
                        27.156999590000055,
                        38.292400360000045
                    ]
                ]
            },
            "properties": {
                "OID": 2,
                "Departure_Airport": "IST",
                "Destination_Code": "ADB",
                "Destination_Name": "Izmir",
                "Airline": "Pegasus",
                "Duration__minutes_": 70,
                "Reverse_Duration__minutes_": 95,
                "Distance__km_": 359.0,
                "Flights_per_Day": 14.0,
                "Latitude": 38.29240036,
                "Longitude": 27.15699959,
                "Altitude": 412,
                "Name": "Adnan Menderes International Airport",
                "StartLon": 28.751944,
                "StartLat": 41.275278,
                "ORIG_FID": 2,
                "Shape_Length": 3.3827314177433756,
                "Country": "Turkey"
            }
        },
        {
            "type": "Feature",
            "id": 3,
            "geometry": {
                "type": "LineString",
                "coordinates": [
                    [
                        28.751944000000037,
                        41.27527800000007
                    ],
                    [
                        28.756154237000032,
                        41.266868499000054
                    ],
                    [
                        29.77626650700006,
                        39.15948964300003
                    ],
                    [
                        30.737127163000025,
                        37.04293276800007
                    ],
                    [
                        30.800501000000054,
                        36.898701000000074
                    ]
                ]
            },
            "properties": {
                "OID": 3,
                "Departure_Airport": "IST",
                "Destination_Code": "AYT",
                "Destination_Name": "Antalya",
                "Airline": "Turkish Airlines",
                "Duration__minutes_": 80,
                "Reverse_Duration__minutes_": 110,
                "Distance__km_": 518.0,
                "Flights_per_Day": 14.0,
                "Latitude": 36.898701,
                "Longitude": 30.800501,
                "Altitude": 177,
                "Name": "Antalya International Airport",
                "StartLon": 28.751944,
                "StartLat": 41.275278,
                "ORIG_FID": 3,
                "Shape_Length": 4.832811427489183,
                "Country": "Turkey"
            }
        },
        {
            "type": "Feature",
            "id": 4,
            "geometry": {
                "type": "LineString",
                "coordinates": [
                    [
                        28.751944000000037,
                        41.27527800000007
                    ],
                    [
                        28.763651328000037,
                        41.273539191000054
                    ],
                    [
                        31.67009088100008,
                        40.801833343000055
                    ],
                    [
                        34.53258269100007,
                        40.25795678500003
                    ],
                    [
                        37.34672948900004,
                        39.644392046000064
                    ],
                    [
                        40.10892181300005,
                        38.96381730100006
                    ],
                    [
                        42.816334864000055,
                        38.21906044100007
                    ],
                    [
                        45.46690379900008,
                        37.413055221000036
                    ],
                    [
                        48.05928169500004,
                        36.54880067000005
                    ],
                    [
                        50.59278468700006,
                        35.62932458600005
                    ],
                    [
                        51.152198792000036,
                        35.416099548000034
                    ]
                ]
            },
            "properties": {
                "OID": 4,
                "Departure_Airport": "IST",
                "Destination_Code": "IKA",
                "Destination_Name": "Tehran",
                "Airline": "Iran Air",
                "Duration__minutes_": 190,
                "Reverse_Duration__minutes_": 240,
                "Distance__km_": 2063.0,
                "Flights_per_Day": 12.0,
                "Latitude": 35.416099548339844,
                "Longitude": 51.15219879150391,
                "Altitude": 3305,
                "Name": "Imam Khomeini International Airport",
                "StartLon": 28.751944,
                "StartLat": 41.275278,
                "ORIG_FID": 4,
                "Shape_Length": 23.200639492037602,
                "Country": "Iran"
            }
        },
        {
            "type": "Feature",
            "id": 5,
            "geometry": {
                "type": "LineString",
                "coordinates": [
                    [
                        28.751944000000037,
                        41.27527800000007
                    ],
                    [
                        28.757434045000025,
                        41.26728403800007
                    ],
                    [
                        30.08959251700003,
                        39.26057576200003
                    ],
                    [
                        31.347600826000075,
                        37.23877817300007
                    ],
                    [
                        32.53992739900008,
                        35.20361778000006
                    ],
                    [
                        33.67402512100006,
                        33.156600885000046
                    ],
                    [
                        34.756479263000074,
                        31.09905002800008
                    ],
                    [
                        35.79313377500006,
                        29.03213403700005
                    ],
                    [
                        36.78919904300005,
                        26.956892894000077
                    ],
                    [
                        37.74934391100004,
                        24.874258395000027
                    ],
                    [
                        38.67777443700004,
                        22.785071406000043
                    ],
                    [
                        39.156502000000046,
                        21.67960000000005
                    ]
                ]
            },
            "properties": {
                "OID": 5,
                "Departure_Airport": "IST",
                "Destination_Code": "JED",
                "Destination_Name": "Jeddah",
                "Airline": "Saudia",
                "Duration__minutes_": 230,
                "Reverse_Duration__minutes_": 255,
                "Distance__km_": 2399.0,
                "Flights_per_Day": 10.0,
                "Latitude": 21.6796,
                "Longitude": 39.156502,
                "Altitude": 48,
                "Name": "King Abdulaziz International Airport",
                "StartLon": 28.751944,
                "StartLat": 41.275278,
                "ORIG_FID": 6,
                "Shape_Length": 22.222190250058954,
                "Country": "Saudi Arabia"
            }
        },
        {
            "type": "Feature",
            "id": 6,
            "geometry": {
                "type": "LineString",
                "coordinates": [
                    [
                        28.751944000000037,
                        41.27527800000007
                    ],
                    [
                        28.762521615000026,
                        41.27110817800008
                    ],
                    [
                        31.364867634000063,
                        40.198753715000066
                    ],
                    [
                        33.88440366100008,
                        39.06953693500003
                    ],
                    [
                        36.32309552300006,
                        37.88739098100007
                    ],
                    [
                        38.68347912400003,
                        36.65609115600006
                    ],
                    [
                        40.96853108600004,
                        35.37923843300007
                    ],
                    [
                        43.18155497500004,
                        34.060249945000066
                    ],
                    [
                        45.326083751000056,
                        32.70235519800008
                    ],
                    [
                        47.405798048000065,
                        31.308596813000065
                    ],
                    [
                        49.424459280000065,
                        29.88183477000007
                    ],
                    [
                        51.385856121000074,
                        28.424753228000043
                    ],
                    [
                        53.29376276200003,
                        26.939869180000073
                    ],
                    [
                        55.15190732800005,
                        25.42954232200003
                    ],
                    [
                        55.364398960000074,
                        25.252799990000028
                    ]
                ]
            },
            "properties": {
                "OID": 6,
                "Departure_Airport": "IST",
                "Destination_Code": "DXB",
                "Destination_Name": "Dubai",
                "Airline": "Emirates",
                "Duration__minutes_": 265,
                "Reverse_Duration__minutes_": 325,
                "Distance__km_": 3044.0,
                "Flights_per_Day": 9.0,
                "Latitude": 25.25279999,
                "Longitude": 55.36439896,
                "Altitude": 62,
                "Name": "Dubai International Airport",
                "StartLon": 28.751944,
                "StartLat": 41.275278,
                "ORIG_FID": 7,
                "Shape_Length": 31.19992064266284,
                "Country": "United Arab Emirates"
            }
        },
        {
            "type": "Feature",
            "id": 7,
            "geometry": {
                "type": "LineString",
                "coordinates": [
                    [
                        28.751944000000037,
                        41.27527800000007
                    ],
                    [
                        28.755722717000026,
                        41.283818591000056
                    ],
                    [
                        29.732781877000036,
                        43.414486544000056
                    ],
                    [
                        30.780701556000054,
                        45.53540808400004
                    ],
                    [
                        31.910293053000032,
                        47.64518031000006
                    ],
                    [
                        33.13440732200007,
                        49.742124905000026
                    ],
                    [
                        34.468422118000035,
                        51.82421540000007
                    ],
                    [
                        35.93086137900008,
                        53.88898192800008
                    ],
                    [
                        37.26150131000003,
                        55.59149933000003
                    ]
                ]
            },
            "properties": {
                "OID": 7,
                "Departure_Airport": "IST",
                "Destination_Code": "VKO",
                "Destination_Name": "Moscow",
                "Airline": "Pobeda",
                "Duration__minutes_": 240,
                "Reverse_Duration__minutes_": 305,
                "Distance__km_": 1720.0,
                "Flights_per_Day": 9.0,
                "Latitude": 55.59149933,
                "Longitude": 37.26150131,
                "Altitude": 685,
                "Name": "Vnukovo International Airport",
                "StartLon": 28.751944,
                "StartLat": 41.275278,
                "ORIG_FID": 8,
                "Shape_Length": 16.70516864889027,
                "Country": "Russia"
            }
        },
        {
            "type": "Feature",
            "id": 8,
            "geometry": {
                "type": "LineString",
                "coordinates": [
                    [
                        28.751944000000037,
                        41.27527800000007
                    ],
                    [
                        28.742407350000065,
                        41.280688492000024
                    ],
                    [
                        26.307978452000043,
                        42.60762315000005
                    ],
                    [
                        23.770189447000064,
                        43.880324951000034
                    ],
                    [
                        21.12464428800007,
                        45.09398679600008
                    ],
                    [
                        18.367719688000022,
                        46.24351742500005
                    ],
                    [
                        15.49683639400007,
                        47.32357277700004
                    ],
                    [
                        12.51076174700006,
                        48.32860519900004
                    ],
                    [
                        9.409931646000075,
                        49.25293330400007
                    ],
                    [
                        6.196772870000075,
                        50.09083455000007
                    ],
                    [
                        2.8759990400000675,
                        50.836661106000065
                    ],
                    [
                        -0.4619409999999675,
                        51.47060000000005
                    ]
                ]
            },
            "properties": {
                "OID": 8,
                "Departure_Airport": "IST",
                "Destination_Code": "LHR",
                "Destination_Name": "London",
                "Airline": "British Airways",
                "Duration__minutes_": 245,
                "Reverse_Duration__minutes_": 245,
                "Distance__km_": 2502.0,
                "Flights_per_Day": 9.0,
                "Latitude": 51.4706,
                "Longitude": -0.461941,
                "Altitude": 83,
                "Name": "London Heathrow Airport",
                "StartLon": 28.751944,
                "StartLat": 41.275278,
                "ORIG_FID": 9,
                "Shape_Length": 31.09712943848468,
                "Country": "United Kingdom"
            }
        },
        {
            "type": "Feature",
            "id": 9,
            "geometry": {
                "type": "LineString",
                "coordinates": [
                    [
                        28.751944000000037,
                        41.27527800000007
                    ],
                    [
                        28.74285559300006,
                        41.269449062000035
                    ],
                    [
                        26.52038011600007,
                        39.790218062000065
                    ],
                    [
                        24.392375831000038,
                        38.26983818600007
                    ],
                    [
                        23.944499970000038,
                        37.936401370000056
                    ]
                ]
            },
            "properties": {
                "OID": 9,
                "Departure_Airport": "IST",
                "Destination_Code": "ATH",
                "Destination_Name": "Athens",
                "Airline": "Aegean Airlines",
                "Duration__minutes_": 90,
                "Reverse_Duration__minutes_": 105,
                "Distance__km_": 555.0,
                "Flights_per_Day": 8.0,
                "Latitude": 37.93640137,
                "Longitude": 23.94449997,
                "Altitude": 308,
                "Name": "Eleftherios Venizelos International Airport",
                "StartLon": 28.751944,
                "StartLat": 41.275278,
                "ORIG_FID": 10,
                "Shape_Length": 5.854478916692176,
                "Country": "Greece"
            }
        },
        {
            "type": "Feature",
            "id": 10,
            "geometry": {
                "type": "LineString",
                "coordinates": [
                    [
                        28.751944000000037,
                        41.27527800000007
                    ],
                    [
                        28.741786139000055,
                        41.280003915000066
                    ],
                    [
                        26.15591065700005,
                        42.43250961100006
                    ],
                    [
                        23.476123608000023,
                        43.524325788000056
                    ],
                    [
                        20.700923381000052,
                        44.550879043000066
                    ],
                    [
                        17.82988626300005,
                        45.50747098800008
                    ],
                    [
                        14.863876576000052,
                        46.38933482500005
                    ],
                    [
                        11.805250324000042,
                        47.191706784000075
                    ],
                    [
                        8.658036107000044,
                        47.909912328000075
                    ],
                    [
                        5.428074071000026,
                        48.53946574400004
                    ],
                    [
                        2.550000000000068,
                        49.01279800000003
                    ]
                ]
            },
            "properties": {
                "OID": 10,
                "Departure_Airport": "IST",
                "Destination_Code": "CDG",
                "Destination_Name": "Paris",
                "Airline": "Air France",
                "Duration__minutes_": 230,
                "Reverse_Duration__minutes_": 225,
                "Distance__km_": 2225.0,
                "Flights_per_Day": 7.0,
                "Latitude": 49.012798,
                "Longitude": 2.55,
                "Altitude": 392,
                "Name": "Charles de Gaulle International Airport",
                "StartLon": 28.751944,
                "StartLat": 41.275278,
                "ORIG_FID": 11,
                "Shape_Length": 27.414349209159308,
                "Country": "France"
            }
        },
        {
            "type": "Feature",
            "id": 11,
            "geometry": {
                "type": "LineString",
                "coordinates": [
                    [
                        28.751944000000037,
                        41.27527800000007
                    ],
                    [
                        28.76286562300004,
                        41.27167938800005
                    ],
                    [
                        31.455511889000036,
                        40.34008501100004
                    ],
                    [
                        34.07274768100007,
                        39.34738848400008
                    ],
                    [
                        35.49539948000006,
                        38.77040100000005
                    ]
                ]
            },
            "properties": {
                "OID": 11,
                "Departure_Airport": "IST",
                "Destination_Code": "ASR",
                "Destination_Name": "Kayseri",
                "Airline": "Turkish Airlines",
                "Duration__minutes_": 85,
                "Reverse_Duration__minutes_": 105,
                "Distance__km_": 645.0,
                "Flights_per_Day": 7.0,
                "Latitude": 38.770401,
                "Longitude": 35.49539948,
                "Altitude": 3463,
                "Name": "Kayseri Erkilet Airport",
                "StartLon": 28.751944,
                "StartLat": 41.275278,
                "ORIG_FID": 12,
                "Shape_Length": 7.195344955565332,
                "Country": "Turkey"
            }
        },
        {
            "type": "Feature",
            "id": 12,
            "geometry": {
                "type": "LineString",
                "coordinates": [
                    [
                        28.751944000000037,
                        41.27527800000007
                    ],
                    [
                        28.76230319000007,
                        41.27082560800005
                    ],
                    [
                        31.308270845000038,
                        40.12907643500006
                    ],
                    [
                        33.76849918200003,
                        38.93299292700004
                    ],
                    [
                        36.14577926900006,
                        37.686540698000044
                    ],
                    [
                        37.478698730000076,
                        36.94720078000006
                    ]
                ]
            },
            "properties": {
                "OID": 12,
                "Departure_Airport": "IST",
                "Destination_Code": "GZT",
                "Destination_Name": "Gaziantep",
                "Airline": "Turkish Airlines",
                "Duration__minutes_": 105,
                "Reverse_Duration__minutes_": 120,
                "Distance__km_": 898.0,
                "Flights_per_Day": 7.0,
                "Latitude": 36.94720078,
                "Longitude": 37.47869873,
                "Altitude": 2315,
                "Name": "Gaziantep International Airport",
                "StartLon": 28.751944,
                "StartLat": 41.275278,
                "ORIG_FID": 13,
                "Shape_Length": 9.745912355432797,
                "Country": "Turkey"
            }
        },
        {
            "type": "Feature",
            "id": 13,
            "geometry": {
                "type": "LineString",
                "coordinates": [
                    [
                        28.751944000000037,
                        41.27527800000007
                    ],
                    [
                        28.763540860000035,
                        41.27740297500003
                    ],
                    [
                        31.685513721000063,
                        41.77155815700007
                    ],
                    [
                        34.64919234100006,
                        42.19027615700003
                    ],
                    [
                        37.64856615200006,
                        42.531453301000056
                    ],
                    [
                        40.67691981300004,
                        42.793321967000054
                    ],
                    [
                        43.726941141000054,
                        42.974491638000075
                    ],
                    [
                        46.79085704900007,
                        43.073982655000066
                    ],
                    [
                        49.860592214000064,
                        43.091250767000076
                    ],
                    [
                        52.92794317500005,
                        43.02620105400007
                    ],
                    [
                        55.98475908200004,
                        42.879190376000054
                    ],
                    [
                        59.023119705000056,
                        42.65101820000007
                    ],
                    [
                        62.035501569000076,
                        42.34290635900004
                    ],
                    [
                        65.01492418800007,
                        41.95646895200008
                    ],
                    [
                        67.95507023600004,
                        41.49367410100007
                    ],
                    [
                        69.28119659000004,
                        41.257900240000026
                    ]
                ]
            },
            "properties": {
                "OID": 13,
                "Departure_Airport": "IST",
                "Destination_Code": "TAS",
                "Destination_Name": "Tashkent",
                "Airline": "Uzbekistan Airways",
                "Duration__minutes_": 275,
                "Reverse_Duration__minutes_": 335,
                "Distance__km_": 3374.0,
                "Flights_per_Day": 7.0,
                "Latitude": 41.25790024,
                "Longitude": 69.28119659,
                "Altitude": 1417,
                "Name": "Tashkent International Airport",
                "StartLon": 28.751944,
                "StartLat": 41.275278,
                "ORIG_FID": 14,
                "Shape_Length": 40.749703033650235,
                "Country": "Uzbekistan"
            }
        },
        {
            "type": "Feature",
            "id": 14,
            "geometry": {
                "type": "LineString",
                "coordinates": [
                    [
                        28.751944000000037,
                        41.27527800000007
                    ],
                    [
                        28.754379137000058,
                        41.266467429000045
                    ],
                    [
                        29.343561884000053,
                        39.06185994200007
                    ],
                    [
                        29.897156847000076,
                        36.85361893000004
                    ],
                    [
                        30.419757841000035,
                        34.642121065000026
                    ],
                    [
                        30.915298583000038,
                        32.42769560700003
                    ],
                    [
                        31.387173747000077,
                        30.21063406500008
                    ],
                    [
                        31.40559959400008,
                        30.12190055800005
                    ]
                ]
            },
            "properties": {
                "OID": 14,
                "Departure_Airport": "IST",
                "Destination_Code": "CAI",
                "Destination_Name": "Cairo",
                "Airline": "EgyptAir",
                "Duration__minutes_": 140,
                "Reverse_Duration__minutes_": 205,
                "Distance__km_": 1266.0,
                "Flights_per_Day": 6.0,
                "Latitude": 30.12190055847168,
                "Longitude": 31.40559959411621,
                "Altitude": 382,
                "Name": "Cairo International Airport",
                "StartLon": 28.751944,
                "StartLat": 41.275278,
                "ORIG_FID": 15,
                "Shape_Length": 11.46672730313053,
                "Country": "Egypt"
            }
        },
        {
            "type": "Feature",
            "id": 15,
            "geometry": {
                "type": "LineString",
                "coordinates": [
                    [
                        28.751944000000037,
                        41.27527800000007
                    ],
                    [
                        28.76384676400005,
                        41.27593458200005
                    ],
                    [
                        31.74586626300004,
                        41.40134595200004
                    ],
                    [
                        34.73581507100005,
                        41.44924014500003
                    ],
                    [
                        37.72659136400006,
                        41.419374782000034
                    ],
                    [
                        40.71107647500003,
                        41.311901112000044
                    ],
                    [
                        43.68227933600008,
                        41.12736045300005
                    ],
                    [
                        46.63347487000004,
                        40.86667160400003
                    ],
                    [
                        49.558329987000036,
                        40.53110990300007
                    ],
                    [
                        50.046699524000076,
                        40.46749877900004
                    ]
                ]
            },
            "properties": {
                "OID": 15,
                "Departure_Airport": "IST",
                "Destination_Code": "GYD",
                "Destination_Name": "Baku",
                "Airline": "AZAL Azerbaijan Airlines",
                "Duration__minutes_": 175,
                "Reverse_Duration__minutes_": 205,
                "Distance__km_": 1799.0,
                "Flights_per_Day": 6.0,
                "Latitude": 40.46749877929688,
                "Longitude": 50.04669952392578,
                "Altitude": 10,
                "Name": "Heydar Aliyev International Airport",
                "StartLon": 28.751944,
                "StartLat": 41.275278,
                "ORIG_FID": 16,
                "Shape_Length": 21.34099466419088,
                "Country": "Azerbaijan"
            }
        },
        {
            "type": "Feature",
            "id": 16,
            "geometry": {
                "type": "LineString",
                "coordinates": [
                    [
                        28.751944000000037,
                        41.27527800000007
                    ],
                    [
                        28.755661599000064,
                        41.28383140900007
                    ],
                    [
                        29.716969031000076,
                        43.41783315200007
                    ],
                    [
                        30.748121437000066,
                        45.54237113900007
                    ],
                    [
                        31.859808740000062,
                        47.65608451600008
                    ],
                    [
                        33.06474849400007,
                        49.757344551000074
                    ],
                    [
                        34.37817424000008,
                        51.84418351900007
                    ],
                    [
                        35.81845832400006,
                        53.91420139400003
                    ],
                    [
                        37.407908005000024,
                        55.964442398000074
                    ],
                    [
                        37.414600000000064,
                        55.97259900000006
                    ]
                ]
            },
            "properties": {
                "OID": 16,
                "Departure_Airport": "IST",
                "Destination_Code": "SVO",
                "Destination_Name": "Moscow",
                "Airline": "Aeroflot",
                "Duration__minutes_": 295,
                "Reverse_Duration__minutes_": 330,
                "Distance__km_": 1762.0,
                "Flights_per_Day": 6.0,
                "Latitude": 55.972599,
                "Longitude": 37.4146,
                "Altitude": 622,
                "Name": "Sheremetyevo International Airport",
                "StartLon": 28.751944,
                "StartLat": 41.275278,
                "ORIG_FID": 17,
                "Shape_Length": 17.115345338664604,
                "Country": "Russia"
            }
        },
        {
            "type": "Feature",
            "id": 17,
            "geometry": {
                "type": "LineString",
                "coordinates": [
                    [
                        28.751944000000037,
                        41.27527800000007
                    ],
                    [
                        28.740049714000065,
                        41.274552079000046
                    ],
                    [
                        25.77586778600005,
                        41.05468212200003
                    ],
                    [
                        22.834721714000068,
                        40.75912562700006
                    ],
                    [
                        19.922743574000037,
                        40.38931634200003
                    ],
                    [
                        17.04552003300006,
                        39.94700215600005
                    ],
                    [
                        14.208015899000031,
                        39.43420889600003
                    ],
                    [
                        11.414521858000057,
                        38.85320074900005
                    ],
                    [
                        8.668626192000033,
                        38.206439009000064
                    ],
                    [
                        5.973208874000022,
                        37.49654074600005
                    ],
                    [
                        3.33045536700007,
                        36.72623875600004
                    ],
                    [
                        3.2154099940000265,
                        36.69100189200003
                    ]
                ]
            },
            "properties": {
                "OID": 17,
                "Departure_Airport": "IST",
                "Destination_Code": "ALG",
                "Destination_Name": "Algiers",
                "Airline": "Air Algerie",
                "Duration__minutes_": 230,
                "Reverse_Duration__minutes_": 225,
                "Distance__km_": 2267.0,
                "Flights_per_Day": 6.0,
                "Latitude": 36.69100189208984,
                "Longitude": 3.215409994125366,
                "Altitude": 82,
                "Name": "Houari Boumediene Airport",
                "StartLon": 28.751944,
                "StartLat": 41.275278,
                "ORIG_FID": 18,
                "Shape_Length": 26.00549093285147,
                "Country": "Algeria"
            }
        },
        {
            "type": "Feature",
            "id": 18,
            "geometry": {
                "type": "LineString",
                "coordinates": [
                    [
                        28.751944000000037,
                        41.27527800000007
                    ],
                    [
                        28.75926219300004,
                        41.26817081400003
                    ],
                    [
                        30.540638811000065,
                        39.47705122200006
                    ],
                    [
                        32.232274344000075,
                        37.65945382600006
                    ],
                    [
                        33.84286299400003,
                        35.818188991000056
                    ],
                    [
                        35.380327617000034,
                        33.955751760000055
                    ],
                    [
                        35.488399506000064,
                        33.820899963000045
                    ]
                ]
            },
            "properties": {
                "OID": 18,
                "Departure_Airport": "IST",
                "Destination_Code": "BEY",
                "Destination_Name": "Beirut",
                "Airline": "Middle East Airlines",
                "Duration__minutes_": 115,
                "Reverse_Duration__minutes_": 135,
                "Distance__km_": 1023.0,
                "Flights_per_Day": 6.0,
                "Latitude": 33.820899963378906,
                "Longitude": 35.488399505615234,
                "Altitude": 87,
                "Name": "Beirut Rafic Hariri International Airport",
                "StartLon": 28.751944,
                "StartLat": 41.275278,
                "ORIG_FID": 19,
                "Shape_Length": 10.053880220244134,
                "Country": "Lebanon"
            }
        },
        {
            "type": "Feature",
            "id": 19,
            "geometry": {
                "type": "LineString",
                "coordinates": [
                    [
                        28.751944000000037,
                        41.27527800000007
                    ],
                    [
                        28.763869748000047,
                        41.27554753600003
                    ],
                    [
                        31.74720751500007,
                        41.30413170000003
                    ],
                    [
                        34.72962730300003,
                        41.25539394600003
                    ],
                    [
                        37.70412178600003,
                        41.129579027000034
                    ],
                    [
                        39.78969955400004,
                        40.99509811400003
                    ]
                ]
            },
            "properties": {
                "OID": 19,
                "Departure_Airport": "IST",
                "Destination_Code": "TZX",
                "Destination_Name": "Trabzon",
                "Airline": "Turkish Airlines",
                "Duration__minutes_": 110,
                "Reverse_Duration__minutes_": 135,
                "Distance__km_": 930.0,
                "Flights_per_Day": 5.0,
                "Latitude": 40.99509811401367,
                "Longitude": 39.78969955444336,
                "Altitude": 104,
                "Name": "Trabzon International Airport",
                "StartLon": 28.751944,
                "StartLat": 41.275278,
                "ORIG_FID": 20,
                "Shape_Length": 11.045564377935321,
                "Country": "Turkey"
            }
        },
        {
            "type": "Feature",
            "id": 20,
            "geometry": {
                "type": "LineString",
                "coordinates": [
                    [
                        28.751944000000037,
                        41.27527800000007
                    ],
                    [
                        28.758426101000055,
                        41.26773055500007
                    ],
                    [
                        30.33380651600004,
                        39.36956269900003
                    ],
                    [
                        31.825667745000032,
                        37.45056965800006
                    ],
                    [
                        33.24283781400004,
                        35.513056265000046
                    ],
                    [
                        33.49610137900004,
                        35.154701233000026
                    ]
                ]
            },
            "properties": {
                "OID": 20,
                "Departure_Airport": "IST",
                "Destination_Code": "ECN",
                "Destination_Name": "Ercan",
                "Airline": "Turkish Airlines",
                "Duration__minutes_": 100,
                "Reverse_Duration__minutes_": 115,
                "Distance__km_": 798.0,
                "Flights_per_Day": 5.0,
                "Latitude": 35.15470123291016,
                "Longitude": 33.49610137939453,
                "Altitude": 404,
                "Name": "Ercan International Airport",
                "StartLon": 28.751944,
                "StartLat": 41.275278,
                "ORIG_FID": 21,
                "Shape_Length": 7.746966489078721,
                "Country": "Cyprus"
            }
        },
        {
            "type": "Feature",
            "id": 21,
            "geometry": {
                "type": "LineString",
                "coordinates": [
                    [
                        28.751944000000037,
                        41.27527800000007
                    ],
                    [
                        28.742633371000068,
                        41.280911084000024
                    ],
                    [
                        26.36376252100007,
                        42.664645379000035
                    ],
                    [
                        23.87906787600008,
                        43.99644584300006
                    ],
                    [
                        21.283180709000078,
                        45.271481804000075
                    ],
                    [
                        18.57136025500006,
                        46.48458896400007
                    ],
                    [
                        15.739773077000052,
                        47.630289796000056
                    ],
                    [
                        12.785817198000075,
                        48.70283167600007
                    ],
                    [
                        9.708482729000025,
                        49.69624655700005
                    ],
                    [
                        8.570556000000067,
                        50.03333300000003
                    ]
                ]
            },
            "properties": {
                "OID": 21,
                "Departure_Airport": "IST",
                "Destination_Code": "FRA",
                "Destination_Name": "Frankfurt",
                "Airline": "Lufthansa",
                "Duration__minutes_": 205,
                "Reverse_Duration__minutes_": 195,
                "Distance__km_": 1847.0,
                "Flights_per_Day": 5.0,
                "Latitude": 50.033333,
                "Longitude": 8.570556,
                "Altitude": 364,
                "Name": "Frankfurt am Main Airport",
                "StartLon": 28.751944,
                "StartLat": 41.275278,
                "ORIG_FID": 22,
                "Shape_Length": 22.063807403791635,
                "Country": "Germany"
            }
        },
        {
            "type": "Feature",
            "id": 22,
            "geometry": {
                "type": "LineString",
                "coordinates": [
                    [
                        28.751944000000037,
                        41.27527800000007
                    ],
                    [
                        28.75856271400005,
                        41.26778791100003
                    ],
                    [
                        30.367472614000064,
                        39.383491984000045
                    ],
                    [
                        31.89163029100007,
                        37.47750110100003
                    ],
                    [
                        33.33989493900003,
                        35.552204879000044
                    ],
                    [
                        34.720212580000066,
                        33.60970791300008
                    ],
                    [
                        35.99319839000003,
                        31.722600940000063
                    ]
                ]
            },
            "properties": {
                "OID": 22,
                "Departure_Airport": "IST",
                "Destination_Code": "AMM",
                "Destination_Name": "Amman",
                "Airline": "Royal Jordanian",
                "Duration__minutes_": 135,
                "Reverse_Duration__minutes_": 220,
                "Distance__km_": 1247.0,
                "Flights_per_Day": 5.0,
                "Latitude": 31.72260094,
                "Longitude": 35.99319839,
                "Altitude": 2395,
                "Name": "Queen Alia International Airport",
                "StartLon": 28.751944,
                "StartLat": 41.275278,
                "ORIG_FID": 23,
                "Shape_Length": 11.997101560173844,
                "Country": "Jordan"
            }
        },
        {
            "type": "Feature",
            "id": 23,
            "geometry": {
                "type": "LineString",
                "coordinates": [
                    [
                        28.751944000000037,
                        41.27527800000007
                    ],
                    [
                        28.743104928000037,
                        41.281328372000075
                    ],
                    [
                        26.48089365000004,
                        42.77171158400006
                    ],
                    [
                        24.10934799300003,
                        44.21486062900004
                    ],
                    [
                        21.621270862000074,
                        45.605990632000044
                    ],
                    [
                        19.009755962000042,
                        46.93989781300007
                    ],
                    [
                        16.268459307000057,
                        48.21095598000005
                    ],
                    [
                        13.391939367000077,
                        49.41312866000004
                    ],
                    [
                        10.376067489000036,
                        50.54000221600006
                    ],
                    [
                        7.218502499000067,
                        51.58484574100004
                    ],
                    [
                        4.76389000000006,
                        52.30860100000007
                    ]
                ]
            },
            "properties": {
                "OID": 23,
                "Departure_Airport": "IST",
                "Destination_Code": "AMS",
                "Destination_Name": "Amsterdam",
                "Airline": "KLM",
                "Duration__minutes_": 225,
                "Reverse_Duration__minutes_": 215,
                "Distance__km_": 2195.0,
                "Flights_per_Day": 5.0,
                "Latitude": 52.308601,
                "Longitude": 4.76389,
                "Altitude": -11,
                "Name": "Amsterdam Airport Schiphol",
                "StartLon": 28.751944,
                "StartLat": 41.275278,
                "ORIG_FID": 24,
                "Shape_Length": 26.524214594002274,
                "Country": "Netherlands"
            }
        },
        {
            "type": "Feature",
            "id": 24,
            "geometry": {
                "type": "LineString",
                "coordinates": [
                    [
                        28.751944000000037,
                        41.27527800000007
                    ],
                    [
                        28.746005729000046,
                        41.283087057000046
                    ],
                    [
                        27.215209188000074,
                        43.22498342700004
                    ],
                    [
                        26.085000000000036,
                        44.57111110000005
                    ]
                ]
            },
            "properties": {
                "OID": 24,
                "Departure_Airport": "IST",
                "Destination_Code": "OTP",
                "Destination_Name": "Bucharest",
                "Airline": "TAROM",
                "Duration__minutes_": 80,
                "Reverse_Duration__minutes_": 170,
                "Distance__km_": 428.0,
                "Flights_per_Day": 5.0,
                "Latitude": 44.5711111,
                "Longitude": 26.085,
                "Altitude": 314,
                "Name": "Henri Coand\u0103 International Airport",
                "StartLon": 28.751944,
                "StartLat": 41.275278,
                "ORIG_FID": 25,
                "Shape_Length": 4.240377635105828,
                "Country": "Romania"
            }
        },
        {
            "type": "Feature",
            "id": 25,
            "geometry": {
                "type": "LineString",
                "coordinates": [
                    [
                        28.751944000000037,
                        41.27527800000007
                    ],
                    [
                        28.75828308900003,
                        41.26765116100006
                    ],
                    [
                        30.298470020000025,
                        39.35011230300006
                    ],
                    [
                        31.756270263000033,
                        37.41264053400005
                    ],
                    [
                        33.140515641000036,
                        35.457457463000026
                    ],
                    [
                        34.459085403000074,
                        33.48651441700002
                    ],
                    [
                        35.719024088000026,
                        31.501533804000076
                    ],
                    [
                        36.92664723300004,
                        29.504043969000065
                    ],
                    [
                        38.08763531500006,
                        27.49540858200004
                    ],
                    [
                        39.20711674900008,
                        25.476851487000033
                    ],
                    [
                        39.70510100000007,
                        24.553400000000067
                    ]
                ]
            },
            "properties": {
                "OID": 25,
                "Departure_Airport": "IST",
                "Destination_Code": "MED",
                "Destination_Name": "Madinah",
                "Airline": "Saudia",
                "Duration__minutes_": 205,
                "Reverse_Duration__minutes_": 240,
                "Distance__km_": 2127.0,
                "Flights_per_Day": 5.0,
                "Latitude": 24.5534,
                "Longitude": 39.705101,
                "Altitude": 2151,
                "Name": "Prince Mohammad Bin Abdulaziz Airport",
                "StartLon": 28.751944,
                "StartLat": 41.275278,
                "ORIG_FID": 26,
                "Shape_Length": 20.024151153285665,
                "Country": "Saudi Arabia"
            }
        },
        {
            "type": "Feature",
            "id": 26,
            "geometry": {
                "type": "LineString",
                "coordinates": [
                    [
                        28.751944000000037,
                        41.27527800000007
                    ],
                    [
                        28.740235462000044,
                        41.27355786000004
                    ],
                    [
                        25.833290498000054,
                        40.806508335000046
                    ],
                    [
                        22.969909545000064,
                        40.267252245000066
                    ],
                    [
                        20.154523699000038,
                        39.658252866000055
                    ],
                    [
                        17.390779933000033,
                        38.982171341000026
                    ],
                    [
                        14.681542750000062,
                        38.241820877000066
                    ],
                    [
                        12.02891753800003,
                        37.44012291400003
                    ],
                    [
                        10.227199554000038,
                        36.85100174000007
                    ]
                ]
            },
            "properties": {
                "OID": 26,
                "Departure_Airport": "IST",
                "Destination_Code": "TUN",
                "Destination_Name": "Tunis",
                "Airline": "Turkish Airlines",
                "Duration__minutes_": 180,
                "Reverse_Duration__minutes_": 180,
                "Distance__km_": 1677.0,
                "Flights_per_Day": 5.0,
                "Latitude": 36.85100173950195,
                "Longitude": 10.22719955444336,
                "Altitude": 22,
                "Name": "Tunis Carthage International Airport",
                "StartLon": 28.751944,
                "StartLat": 41.275278,
                "ORIG_FID": 27,
                "Shape_Length": 19.071340231030668,
                "Country": "Tunisia"
            }
        },
        {
            "type": "Feature",
            "id": 27,
            "geometry": {
                "type": "LineString",
                "coordinates": [
                    [
                        28.751944000000037,
                        41.27527800000007
                    ],
                    [
                        28.741890278000028,
                        41.280130548000045
                    ],
                    [
                        26.181225219000055,
                        42.464856248000046
                    ],
                    [
                        23.52468566500005,
                        43.58998287800006
                    ],
                    [
                        20.770253997000054,
                        44.650874317000046
                    ],
                    [
                        20.30909920000005,
                        44.81840134000004
                    ]
                ]
            },
            "properties": {
                "OID": 27,
                "Departure_Airport": "IST",
                "Destination_Code": "BEG",
                "Destination_Name": "Belgrade",
                "Airline": "Turkish Airlines",
                "Duration__minutes_": 110,
                "Reverse_Duration__minutes_": 140,
                "Distance__km_": 793.0,
                "Flights_per_Day": 4.0,
                "Latitude": 44.81840134,
                "Longitude": 20.3090992,
                "Altitude": 335,
                "Name": "Belgrade Nikola Tesla Airport",
                "StartLon": 28.751944,
                "StartLat": 41.275278,
                "ORIG_FID": 28,
                "Shape_Length": 9.160299678212976,
                "Country": "Serbia"
            }
        },
        {
            "type": "Feature",
            "id": 28,
            "geometry": {
                "type": "LineString",
                "coordinates": [
                    [
                        28.751944000000037,
                        41.27527800000007
                    ],
                    [
                        28.742319208000026,
                        41.28060054300005
                    ],
                    [
                        26.286262027000078,
                        42.58509195400006
                    ],
                    [
                        23.727885590000028,
                        43.834443469000064
                    ],
                    [
                        21.06317740700007,
                        45.023862689000055
                    ],
                    [
                        18.288949769000055,
                        46.14829311700004
                    ],
                    [
                        15.403106100000059,
                        47.20244956300007
                    ],
                    [
                        12.404933319000065,
                        48.18087128900004
                    ],
                    [
                        9.295407152000053,
                        49.07799530900007
                    ],
                    [
                        6.077490623000074,
                        49.888251387000025
                    ],
                    [
                        2.7563990990000207,
                        50.60617873900003
                    ],
                    [
                        -0.19027799999997796,
                        51.14810200000005
                    ]
                ]
            },
            "properties": {
                "OID": 28,
                "Departure_Airport": "IST",
                "Destination_Code": "LGW",
                "Destination_Name": "London",
                "Airline": "Turkish Airlines",
                "Duration__minutes_": 260,
                "Reverse_Duration__minutes_": 300,
                "Distance__km_": 2475.0,
                "Flights_per_Day": 4.0,
                "Latitude": 51.148102,
                "Longitude": -0.190278,
                "Altitude": 202,
                "Name": "London Gatwick Airport",
                "StartLon": 28.751944,
                "StartLat": 41.275278,
                "ORIG_FID": 29,
                "Shape_Length": 30.726883890187942,
                "Country": "United Kingdom"
            }
        },
        {
            "type": "Feature",
            "id": 29,
            "geometry": {
                "type": "LineString",
                "coordinates": [
                    [
                        28.751944000000037,
                        41.27527800000007
                    ],
                    [
                        28.763260992000028,
                        41.27811776800007
                    ],
                    [
                        31.622719612000026,
                        41.95257942400008
                    ],
                    [
                        34.53976904500007,
                        42.55429497500006
                    ],
                    [
                        37.509793251000076,
                        43.080320380000046
                    ],
                    [
                        39.95660000000004,
                        43.449902000000066
                    ]
                ]
            },
            "properties": {
                "OID": 29,
                "Departure_Airport": "IST",
                "Destination_Code": "AER",
                "Destination_Name": "Adler/Sochi",
                "Airline": "Aeroflot",
                "Duration__minutes_": 110,
                "Reverse_Duration__minutes_": 145,
                "Distance__km_": 956.0,
                "Flights_per_Day": 5.0,
                "Latitude": 43.449902,
                "Longitude": 39.9566,
                "Altitude": 89,
                "Name": "Sochi International Airport",
                "StartLon": 28.751944,
                "StartLat": 41.275278,
                "ORIG_FID": 30,
                "Shape_Length": 11.419212081728636,
                "Country": "Russia"
            }
        },
        {
            "type": "Feature",
            "id": 30,
            "geometry": {
                "type": "LineString",
                "coordinates": [
                    [
                        28.751944000000037,
                        41.27527800000007
                    ],
                    [
                        28.747206427000037,
                        41.283536567000056
                    ],
                    [
                        27.523653053000032,
                        43.34140166100008
                    ],
                    [
                        26.21484732400006,
                        45.384526967000056
                    ],
                    [
                        24.80861378800006,
                        47.41080985100007
                    ],
                    [
                        23.290725171000076,
                        49.417759499000056
                    ],
                    [
                        21.644495019000033,
                        51.40240474800004
                    ],
                    [
                        20.96710014000007,
                        52.165699010000026
                    ]
                ]
            },
            "properties": {
                "OID": 30,
                "Departure_Airport": "IST",
                "Destination_Code": "WAW",
                "Destination_Name": "Warsaw",
                "Airline": "LOT",
                "Duration__minutes_": 155,
                "Reverse_Duration__minutes_": 170,
                "Distance__km_": 1355.0,
                "Flights_per_Day": 4.0,
                "Latitude": 52.16569901,
                "Longitude": 20.96710014,
                "Altitude": 362,
                "Name": "Warsaw Chopin Airport",
                "StartLon": 28.751944,
                "StartLat": 41.275278,
                "ORIG_FID": 31,
                "Shape_Length": 13.41269084847939,
                "Country": "Poland"
            }
        },
        {
            "type": "Feature",
            "id": 31,
            "geometry": {
                "type": "LineString",
                "coordinates": [
                    [
                        28.751944000000037,
                        41.27527800000007
                    ],
                    [
                        28.74355920000005,
                        41.28168119500003
                    ],
                    [
                        26.594526990000077,
                        42.862410400000044
                    ],
                    [
                        24.334541014000024,
                        44.40028560600007
                    ],
                    [
                        21.95490349100004,
                        45.890662785000075
                    ],
                    [
                        19.446858574000032,
                        47.32841909900003
                    ],
                    [
                        19.261093000000074,
                        47.429760000000044
                    ]
                ]
            },
            "properties": {
                "OID": 31,
                "Departure_Airport": "IST",
                "Destination_Code": "BUD",
                "Destination_Name": "Budapest",
                "Airline": "Turkish Airlines",
                "Duration__minutes_": 130,
                "Reverse_Duration__minutes_": 195,
                "Distance__km_": 1025.0,
                "Flights_per_Day": 4.0,
                "Latitude": 47.42976,
                "Longitude": 19.261093,
                "Altitude": 495,
                "Name": "Budapest Liszt Ferenc International Airport",
                "StartLon": 28.751944,
                "StartLat": 41.275278,
                "ORIG_FID": 33,
                "Shape_Length": 11.322958781860379,
                "Country": "Hungary"
            }
        },
        {
            "type": "Feature",
            "id": 32,
            "geometry": {
                "type": "LineString",
                "coordinates": [
                    [
                        28.751944000000037,
                        41.27527800000007
                    ],
                    [
                        28.761956316000067,
                        41.27038063800006
                    ],
                    [
                        31.21866877900004,
                        40.01930821600007
                    ],
                    [
                        33.58552681400005,
                        38.717767568000056
                    ],
                    [
                        35.866592378000064,
                        37.36974228100007
                    ],
                    [
                        38.06622267700004,
                        35.978970865000065
                    ],
                    [
                        40.188951366000026,
                        34.548948308000035
                    ],
                    [
                        42.23939308300004,
                        33.08293258000003
                    ],
                    [
                        44.22216875300006,
                        31.583954688000063
                    ],
                    [
                        46.14184884400004,
                        30.054831095000054
                    ],
                    [
                        48.00291174800003,
                        28.498177621000025
                    ],
                    [
                        49.80971467200004,
                        26.916424092000057
                    ],
                    [
                        51.56647466600003,
                        25.311829224000064
                    ],
                    [
                        51.60805600000003,
                        25.273056000000054
                    ]
                ]
            },
            "properties": {
                "OID": 32,
                "Departure_Airport": "IST",
                "Destination_Code": "DOH",
                "Destination_Name": "Doha",
                "Airline": "Qatar Airways",
                "Duration__minutes_": 240,
                "Reverse_Duration__minutes_": 290,
                "Distance__km_": 2769.0,
                "Flights_per_Day": 4.0,
                "Latitude": 25.273056,
                "Longitude": 51.608056,
                "Altitude": 13,
                "Name": "Hamad International Airport",
                "StartLon": 28.751944,
                "StartLat": 41.275278,
                "ORIG_FID": 34,
                "Shape_Length": 28.005800764004192,
                "Country": "Qatar"
            }
        },
        {
            "type": "Feature",
            "id": 33,
            "geometry": {
                "type": "LineString",
                "coordinates": [
                    [
                        28.751944000000037,
                        41.27527800000007
                    ],
                    [
                        28.76377751600006,
                        41.27640903400004
                    ],
                    [
                        31.73388280300003,
                        41.52077866700006
                    ],
                    [
                        34.72285495400007,
                        41.68792098600005
                    ],
                    [
                        37.723704026000064,
                        41.77698788200007
                    ],
                    [
                        40.72919754600008,
                        41.78752276300003
                    ],
                    [
                        43.73200719300007,
                        41.71947140800006
                    ],
                    [
                        44.954700470000034,
                        41.66920090000008
                    ]
                ]
            },
            "properties": {
                "OID": 33,
                "Departure_Airport": "IST",
                "Destination_Code": "TBS",
                "Destination_Name": "Tbilisi",
                "Airline": "Turkish Airlines",
                "Duration__minutes_": 140,
                "Reverse_Duration__minutes_": 165,
                "Distance__km_": 1356.0,
                "Flights_per_Day": 5.0,
                "Latitude": 41.6692009,
                "Longitude": 44.95470047,
                "Altitude": 1624,
                "Name": "Tbilisi International Airport",
                "StartLon": 28.751944,
                "StartLat": 41.275278,
                "ORIG_FID": 35,
                "Shape_Length": 16.22109424289364,
                "Country": "Georgia"
            }
        },
        {
            "type": "Feature",
            "id": 34,
            "geometry": {
                "type": "LineString",
                "coordinates": [
                    [
                        28.751944000000037,
                        41.27527800000007
                    ],
                    [
                        28.763344543000073,
                        41.27262016900005
                    ],
                    [
                        31.58389660000006,
                        40.57322238000006
                    ],
                    [
                        34.34356455100004,
                        39.806332646000044
                    ],
                    [
                        37.04009433300007,
                        38.97518541900007
                    ],
                    [
                        39.67207429100006,
                        38.08307850500006
                    ],
                    [
                        40.201000210000075,
                        37.89390183000006
                    ]
                ]
            },
            "properties": {
                "OID": 34,
                "Departure_Airport": "IST",
                "Destination_Code": "DIY",
                "Destination_Name": "Diyarbakir",
                "Airline": "Turkish Airlines",
                "Duration__minutes_": 120,
                "Reverse_Duration__minutes_": 140,
                "Distance__km_": 1056.0,
                "Flights_per_Day": 4.0,
                "Latitude": 37.89390183,
                "Longitude": 40.20100021,
                "Altitude": 2251,
                "Name": "Diyarbakir Airport",
                "StartLon": 28.751944,
                "StartLat": 41.275278,
                "ORIG_FID": 36,
                "Shape_Length": 11.944804280162083,
                "Country": "Turkey"
            }
        },
        {
            "type": "Feature",
            "id": 35,
            "geometry": {
                "type": "LineString",
                "coordinates": [
                    [
                        28.751944000000037,
                        41.27527800000007
                    ],
                    [
                        28.76082533300007,
                        41.26926458500003
                    ],
                    [
                        30.931213935000073,
                        39.74490522700006
                    ],
                    [
                        33.00683537400005,
                        38.18132048600006
                    ],
                    [
                        34.99462455200006,
                        36.58216826000006
                    ],
                    [
                        36.901275654000074,
                        34.95077989200007
                    ],
                    [
                        38.73319229300006,
                        33.29018827700003
                    ],
                    [
                        40.49645941500006,
                        31.60315564600006
                    ],
                    [
                        42.19683152500005,
                        29.892200310000078
                    ],
                    [
                        43.83973286000003,
                        28.159621884000046
                    ],
                    [
                        45.43026604800008,
                        26.40752477600006
                    ],
                    [
                        46.69879913300008,
                        24.95759964000007
                    ]
                ]
            },
            "properties": {
                "OID": 35,
                "Departure_Airport": "IST",
                "Destination_Code": "RUH",
                "Destination_Name": "Riyadh",
                "Airline": "Saudia",
                "Duration__minutes_": 255,
                "Reverse_Duration__minutes_": 295,
                "Distance__km_": 2468.0,
                "Flights_per_Day": 4.0,
                "Latitude": 24.957599639892575,
                "Longitude": 46.69879913330078,
                "Altitude": 2049,
                "Name": "King Khaled International Airport",
                "StartLon": 28.751944,
                "StartLat": 41.275278,
                "ORIG_FID": 37,
                "Shape_Length": 24.328475250513574,
                "Country": "Saudi Arabia"
            }
        },
        {
            "type": "Feature",
            "id": 36,
            "geometry": {
                "type": "LineString",
                "coordinates": [
                    [
                        28.751944000000037,
                        41.27527800000007
                    ],
                    [
                        28.74255432900003,
                        41.280836039000064
                    ],
                    [
                        26.344216222000057,
                        42.645408806000034
                    ],
                    [
                        23.84083285400004,
                        43.95724583900005
                    ],
                    [
                        21.227365139000028,
                        45.21151995500003
                    ],
                    [
                        18.499453955000035,
                        46.40308679100008
                    ],
                    [
                        15.653697714000032,
                        47.52650908800007
                    ],
                    [
                        12.687970135000057,
                        48.576098812000055
                    ],
                    [
                        9.60176860000007,
                        49.54598061300004
                    ],
                    [
                        6.3965757140000505,
                        50.430179527000064
                    ],
                    [
                        4.484439850000058,
                        50.901401520000036
                    ]
                ]
            },
            "properties": {
                "OID": 36,
                "Departure_Airport": "IST",
                "Destination_Code": "BRU",
                "Destination_Name": "Brussels",
                "Airline": "Turkish Airlines",
                "Duration__minutes_": 225,
                "Reverse_Duration__minutes_": 210,
                "Distance__km_": 2153.0,
                "Flights_per_Day": 4.0,
                "Latitude": 50.90140152,
                "Longitude": 4.48443985,
                "Altitude": 184,
                "Name": "Brussels Airport",
                "StartLon": 28.751944,
                "StartLat": 41.275278,
                "ORIG_FID": 38,
                "Shape_Length": 26.20824001122621,
                "Country": "Belgium"
            }
        },
        {
            "type": "Feature",
            "id": 37,
            "geometry": {
                "type": "LineString",
                "coordinates": [
                    [
                        28.751944000000037,
                        41.27527800000007
                    ],
                    [
                        28.742313573000047,
                        41.28059267000003
                    ],
                    [
                        26.28489604600003,
                        42.58308699100007
                    ],
                    [
                        23.72527576300007,
                        43.83038555400003
                    ],
                    [
                        21.059472699000025,
                        45.017699477000065
                    ],
                    [
                        18.284335095000074,
                        46.139977550000026
                    ],
                    [
                        15.397805177000066,
                        47.191941935000045
                    ],
                    [
                        12.399210422000067,
                        48.16814155900005
                    ],
                    [
                        11.786100000000033,
                        48.35380200000003
                    ]
                ]
            },
            "properties": {
                "OID": 37,
                "Departure_Airport": "IST",
                "Destination_Code": "MUC",
                "Destination_Name": "Munich",
                "Airline": "Turkish Airlines",
                "Duration__minutes_": 170,
                "Reverse_Duration__minutes_": 175,
                "Distance__km_": 1556.0,
                "Flights_per_Day": 4.0,
                "Latitude": 48.353802,
                "Longitude": 11.7861,
                "Altitude": 1487,
                "Name": "Munich Airport",
                "StartLon": 28.751944,
                "StartLat": 41.275278,
                "ORIG_FID": 39,
                "Shape_Length": 18.41856584204363,
                "Country": "Germany"
            }
        },
        {
            "type": "Feature",
            "id": 38,
            "geometry": {
                "type": "LineString",
                "coordinates": [
                    [
                        28.751944000000037,
                        41.27527800000007
                    ],
                    [
                        28.76386327000006,
                        41.27565078500004
                    ],
                    [
                        31.746762602000047,
                        41.33006725400003
                    ],
                    [
                        34.73109675400008,
                        41.30711463500006
                    ],
                    [
                        36.56710100000004,
                        41.25450100000006
                    ]
                ]
            },
            "properties": {
                "OID": 38,
                "Departure_Airport": "IST",
                "Destination_Code": "SZF",
                "Destination_Name": "Samsun",
                "Airline": "Turkish Airlines",
                "Duration__minutes_": 85,
                "Reverse_Duration__minutes_": 110,
                "Distance__km_": 655.0,
                "Flights_per_Day": 4.0,
                "Latitude": 41.254501,
                "Longitude": 36.567101,
                "Altitude": 18,
                "Name": "Samsun \u00c7ar\u015famba Airport",
                "StartLon": 28.751944,
                "StartLat": 41.275278,
                "ORIG_FID": 40,
                "Shape_Length": 7.816687926102613,
                "Country": "Turkey"
            }
        },
        {
            "type": "Feature",
            "id": 39,
            "geometry": {
                "type": "LineString",
                "coordinates": [
                    [
                        28.751944000000037,
                        41.27527800000007
                    ],
                    [
                        28.76197452100007,
                        41.270404262000056
                    ],
                    [
                        31.22336659800004,
                        40.02513888800007
                    ],
                    [
                        33.59511034500008,
                        38.72920658700008
                    ],
                    [
                        35.88120128000003,
                        37.38659072100006
                    ],
                    [
                        38.085939815000074,
                        36.00103212200003
                    ],
                    [
                        40.213811786000065,
                        34.57603006700003
                    ],
                    [
                        42.26939212800005,
                        33.11484827900006
                    ],
                    [
                        44.257269257000075,
                        31.620524552000063
                    ],
                    [
                        46.181987382000045,
                        30.09588282800007
                    ],
                    [
                        48.04800399000004,
                        28.54354681500007
                    ],
                    [
                        49.859659898000075,
                        26.965954409000062
                    ],
                    [
                        50.63359832800006,
                        26.27079963700004
                    ]
                ]
            },
            "properties": {
                "OID": 39,
                "Departure_Airport": "IST",
                "Destination_Code": "BAH",
                "Destination_Name": "Bahrain",
                "Airline": "Gulf Air",
                "Duration__minutes_": 240,
                "Reverse_Duration__minutes_": 270,
                "Distance__km_": 2621.0,
                "Flights_per_Day": 4.0,
                "Latitude": 26.27079963684082,
                "Longitude": 50.63359832763672,
                "Altitude": 6,
                "Name": "Bahrain International Airport",
                "StartLon": 28.751944,
                "StartLat": 41.275278,
                "ORIG_FID": 41,
                "Shape_Length": 26.623436485546915,
                "Country": "Bahrain"
            }
        },
        {
            "type": "Feature",
            "id": 40,
            "geometry": {
                "type": "LineString",
                "coordinates": [
                    [
                        28.751944000000037,
                        41.27527800000007
                    ],
                    [
                        28.740156012000057,
                        41.276678179000044
                    ],
                    [
                        25.778392994000058,
                        41.588568990000056
                    ],
                    [
                        22.79154451200003,
                        41.823477009000044
                    ],
                    [
                        19.786447544000055,
                        41.980209709000064
                    ],
                    [
                        16.770310790000053,
                        42.057958831000064
                    ],
                    [
                        13.750572107000039,
                        42.05631962800004
                    ],
                    [
                        10.734744825000064,
                        41.97530065900003
                    ],
                    [
                        7.730260333000047,
                        41.815323584000055
                    ],
                    [
                        4.744314713000051,
                        41.577212959000065
                    ],
                    [
                        2.0784600000000637,
                        41.29710000000006
                    ]
                ]
            },
            "properties": {
                "OID": 40,
                "Departure_Airport": "IST",
                "Destination_Code": "BCN",
                "Destination_Name": "Barcelona",
                "Airline": "Turkish Airlines",
                "Duration__minutes_": 230,
                "Reverse_Duration__minutes_": 225,
                "Distance__km_": 2230.0,
                "Flights_per_Day": 4.0,
                "Latitude": 41.2971,
                "Longitude": 2.07846,
                "Altitude": 12,
                "Name": "Barcelona International Airport",
                "StartLon": 28.751944,
                "StartLat": 41.275278,
                "ORIG_FID": 42,
                "Shape_Length": 26.734512518032236,
                "Country": "Spain"
            }
        },
        {
            "type": "Feature",
            "id": 41,
            "geometry": {
                "type": "LineString",
                "coordinates": [
                    [
                        28.751944000000037,
                        41.27527800000007
                    ],
                    [
                        28.762473734000025,
                        41.27104858100006
                    ],
                    [
                        31.35247345600004,
                        40.184070881000025
                    ],
                    [
                        33.859041698000055,
                        39.04078928400003
                    ],
                    [
                        36.284320068000056,
                        37.84514365100006
                    ],
                    [
                        38.63099932700004,
                        36.600908195000045
                    ],
                    [
                        40.90219012500006,
                        35.31167646800003
                    ],
                    [
                        43.10131013300003,
                        33.98085320100006
                    ],
                    [
                        44.234600070000056,
                        33.26250076300005
                    ]
                ]
            },
            "properties": {
                "OID": 41,
                "Departure_Airport": "IST",
                "Destination_Code": "BGW",
                "Destination_Name": "Baghdad",
                "Airline": "Iraqi Airways",
                "Duration__minutes_": 180,
                "Reverse_Duration__minutes_": 200,
                "Distance__km_": 1638.0,
                "Flights_per_Day": 4.0,
                "Latitude": 33.262500762900004,
                "Longitude": 44.23460007,
                "Altitude": 114,
                "Name": "Baghdad International Airport",
                "StartLon": 28.751944,
                "StartLat": 41.275278,
                "ORIG_FID": 43,
                "Shape_Length": 17.459718561671252,
                "Country": "Iraq"
            }
        },
        {
            "type": "Feature",
            "id": 42,
            "geometry": {
                "type": "LineString",
                "coordinates": [
                    [
                        28.751944000000037,
                        41.27527800000007
                    ],
                    [
                        28.76387611800004,
                        41.27509720900008
                    ],
                    [
                        31.743666507000057,
                        41.19115343800007
                    ],
                    [
                        34.71238628000003,
                        41.03037114800003
                    ],
                    [
                        37.66330826500007,
                        40.793547905000025
                    ],
                    [
                        40.590053960000034,
                        40.48184024200003
                    ],
                    [
                        43.486705415000074,
                        40.096738077000055
                    ],
                    [
                        46.34789720400005,
                        39.640033009000035
                    ],
                    [
                        49.168885861000035,
                        39.11378203900006
                    ],
                    [
                        51.94559578900004,
                        38.52026838300003
                    ],
                    [
                        54.67464216600007,
                        37.86196098400006
                    ],
                    [
                        57.35333261800008,
                        37.14147423600008
                    ],
                    [
                        59.97965040200006,
                        36.361529200000064
                    ],
                    [
                        62.55222241100006,
                        35.52491734700004
                    ],
                    [
                        65.07027554600006,
                        34.63446759400006
                    ],
                    [
                        67.53358500000007,
                        33.693017121000025
                    ],
                    [
                        69.94241766000005,
                        32.70338621900004
                    ],
                    [
                        72.29747350400004,
                        31.668357203000028
                    ],
                    [
                        74.59982728700004,
                        30.590657286000067
                    ],
                    [
                        76.85087238200003,
                        29.472945151000033
                    ],
                    [
                        79.05226808200007,
                        28.317800920000025
                    ],
                    [
                        81.20589126500005,
                        27.12771912200003
                    ],
                    [
                        83.31379294100003,
                        25.905104308000034
                    ],
                    [
                        85.37815989600006,
                        24.652268898000045
                    ],
                    [
                        87.40128140700006,
                        23.37143290800003
                    ],
                    [
                        89.38552085400005,
                        22.064725233000047
                    ],
                    [
                        91.33329190400008,
                        20.734186159000046
                    ],
                    [
                        93.24703891300004,
                        19.381770864000032
                    ],
                    [
                        95.12922111900008,
                        18.009353673000078
                    ],
                    [
                        96.98230021300009,
                        16.61873287800006
                    ],
                    [
                        98.80873086700007,
                        15.211635963000049
                    ],
                    [
                        100.61095383700007,
                        13.789725117000046
                    ],
                    [
                        100.74700164800004,
                        13.681099892000077
                    ]
                ]
            },
            "properties": {
                "OID": 42,
                "Departure_Airport": "IST",
                "Destination_Code": "BKK",
                "Destination_Name": "Bangkok",
                "Airline": "Turkish Airlines",
                "Duration__minutes_": 555,
                "Reverse_Duration__minutes_": 675,
                "Distance__km_": 7553.0,
                "Flights_per_Day": 4.0,
                "Latitude": 13.681099891662598,
                "Longitude": 100.74700164794922,
                "Altitude": 5,
                "Name": "Suvarnabhumi Airport",
                "StartLon": 28.751944,
                "StartLat": 41.275278,
                "ORIG_FID": 44,
                "Shape_Length": 78.65842053467802,
                "Country": "Thailand"
            }
        },
        {
            "type": "Feature",
            "id": 43,
            "geometry": {
                "type": "LineString",
                "coordinates": [
                    [
                        28.751944000000037,
                        41.27527800000007
                    ],
                    [
                        28.74293124500008,
                        41.28118114000006
                    ],
                    [
                        26.437647068000047,
                        42.73391150100008
                    ],
                    [
                        24.02409042900007,
                        44.13769364900003
                    ],
                    [
                        21.49570667300003,
                        45.48771267300003
                    ],
                    [
                        18.846360454000035,
                        46.77876342600007
                    ],
                    [
                        16.07061383000007,
                        48.00525588900007
                    ],
                    [
                        13.16406500000005,
                        49.161237208000045
                    ],
                    [
                        10.123745405000022,
                        50.24043529100004
                    ],
                    [
                        6.9485647850000305,
                        51.23632890500005
                    ],
                    [
                        6.76678000000004,
                        51.28950100000003
                    ]
                ]
            },
            "properties": {
                "OID": 43,
                "Departure_Airport": "IST",
                "Destination_Code": "DUS",
                "Destination_Name": "Dusseldorf",
                "Airline": "Turkish Airlines",
                "Duration__minutes_": 210,
                "Reverse_Duration__minutes_": 205,
                "Distance__km_": 2023.0,
                "Flights_per_Day": 4.0,
                "Latitude": 51.289501,
                "Longitude": 6.76678,
                "Altitude": 147,
                "Name": "D\u00fcsseldorf Airport",
                "StartLon": 28.751944,
                "StartLat": 41.275278,
                "ORIG_FID": 46,
                "Shape_Length": 24.248395137382694,
                "Country": "Germany"
            }
        },
        {
            "type": "Feature",
            "id": 44,
            "geometry": {
                "type": "LineString",
                "coordinates": [
                    [
                        28.751944000000037,
                        41.27527800000007
                    ],
                    [
                        28.74012952000004,
                        41.27651456500007
                    ],
                    [
                        25.77359065400003,
                        41.54736676200008
                    ],
                    [
                        22.785748262000027,
                        41.741103028000055
                    ],
                    [
                        19.783536964000064,
                        41.85674032500003
                    ],
                    [
                        16.774184536000064,
                        41.89368458700005
                    ],
                    [
                        13.76506647900004,
                        41.85174485600004
                    ],
                    [
                        12.238888900000063,
                        41.80027780000006
                    ]
                ]
            },
            "properties": {
                "OID": 44,
                "Departure_Airport": "IST",
                "Destination_Code": "FCO",
                "Destination_Name": "Rome",
                "Airline": "Turkish Airlines",
                "Duration__minutes_": 165,
                "Reverse_Duration__minutes_": 170,
                "Distance__km_": 1379.0,
                "Flights_per_Day": 4.0,
                "Latitude": 41.8002778,
                "Longitude": 12.2388889,
                "Altitude": 13,
                "Name": "Leonardo da Vinci\u2013Fiumicino Airport",
                "StartLon": 28.751944,
                "StartLat": 41.275278,
                "ORIG_FID": 47,
                "Shape_Length": 16.535788003582535,
                "Country": "Italy"
            }
        },
        {
            "type": "Feature",
            "id": 45,
            "geometry": {
                "type": "LineString",
                "coordinates": [
                    [
                        28.751944000000037,
                        41.27527800000007
                    ],
                    [
                        28.741524378000065,
                        41.27088851600007
                    ],
                    [
                        26.18011534900006,
                        40.14452557300007
                    ],
                    [
                        23.703919149000058,
                        38.963147830000025
                    ],
                    [
                        21.310330838000027,
                        37.73072459000008
                    ],
                    [
                        18.996249915000078,
                        36.451038865000044
                    ],
                    [
                        16.758209418000035,
                        35.127676156000064
                    ],
                    [
                        14.592486527000062,
                        33.76401977100005
                    ],
                    [
                        13.276000023000051,
                        32.89410018900003
                    ]
                ]
            },
            "properties": {
                "OID": 45,
                "Departure_Airport": "IST",
                "Destination_Code": "MJI",
                "Destination_Name": "Mitiga, Tripoli",
                "Airline": "Afriqiyah Airways",
                "Duration__minutes_": 195,
                "Reverse_Duration__minutes_": 210,
                "Distance__km_": 1662.0,
                "Flights_per_Day": 4.0,
                "Latitude": 32.894100189208984,
                "Longitude": 13.276000022888184,
                "Altitude": 36,
                "Name": "Mitiga Airport",
                "StartLon": 28.751944,
                "StartLat": 41.275278,
                "ORIG_FID": 48,
                "Shape_Length": 17.62743250675892,
                "Country": "Libya"
            }
        },
        {
            "type": "Feature",
            "id": 46,
            "geometry": {
                "type": "LineString",
                "coordinates": [
                    [
                        28.751944000000037,
                        41.27527800000007
                    ],
                    [
                        28.740993324000044,
                        41.278850086000034
                    ],
                    [
                        25.96608096600005,
                        42.13848722300003
                    ],
                    [
                        23.11819842600005,
                        42.92910767400008
                    ],
                    [
                        20.199987622000037,
                        43.64700420100007
                    ],
                    [
                        17.215238992000025,
                        44.28859470500004
                    ],
                    [
                        14.168942944000037,
                        44.850490077000075
                    ],
                    [
                        11.067301632000067,
                        45.32956612800007
                    ],
                    [
                        8.728110000000072,
                        45.63060000000007
                    ]
                ]
            },
            "properties": {
                "OID": 46,
                "Departure_Airport": "IST",
                "Destination_Code": "MXP",
                "Destination_Name": "Milan",
                "Airline": "Turkish Airlines",
                "Duration__minutes_": 185,
                "Reverse_Duration__minutes_": 185,
                "Distance__km_": 1691.0,
                "Flights_per_Day": 4.0,
                "Latitude": 45.6306,
                "Longitude": 8.72811,
                "Altitude": 768,
                "Name": "Malpensa International Airport",
                "StartLon": 28.751944,
                "StartLat": 41.275278,
                "ORIG_FID": 49,
                "Shape_Length": 20.525556655171115,
                "Country": "Italy"
            }
        },
        {
            "type": "Feature",
            "id": 47,
            "geometry": {
                "type": "LineString",
                "coordinates": [
                    [
                        28.751944000000037,
                        41.27527800000007
                    ],
                    [
                        28.76371454200006,
                        41.27382888000005
                    ],
                    [
                        31.68903953000006,
                        40.87409153100003
                    ],
                    [
                        34.57621522900007,
                        40.401073620000034
                    ],
                    [
                        37.420280768000055,
                        39.85697579500004
                    ],
                    [
                        40.21701073700007,
                        39.24423154700003
                    ],
                    [
                        42.96293539700008,
                        38.56546275000005
                    ],
                    [
                        43.33229827900004,
                        38.46820068400007
                    ]
                ]
            },
            "properties": {
                "OID": 47,
                "Departure_Airport": "IST",
                "Destination_Code": "VAN",
                "Destination_Name": "Van",
                "Airline": "Turkish Airlines",
                "Duration__minutes_": 130,
                "Reverse_Duration__minutes_": 155,
                "Distance__km_": 1287.0,
                "Flights_per_Day": 4.0,
                "Latitude": 38.46820068359375,
                "Longitude": 43.332298278808594,
                "Altitude": 5480,
                "Name": "Van Ferit Melen Airport",
                "StartLon": 28.751944,
                "StartLat": 41.275278,
                "ORIG_FID": 50,
                "Shape_Length": 14.85970280339849,
                "Country": "Turkey"
            }
        },
        {
            "type": "Feature",
            "id": 48,
            "geometry": {
                "type": "LineString",
                "coordinates": [
                    [
                        28.751944000000037,
                        41.27527800000007
                    ],
                    [
                        28.743131171000073,
                        41.28134073800004
                    ],
                    [
                        26.487521671000025,
                        42.774943638000025
                    ],
                    [
                        24.12262865400004,
                        44.22157811400007
                    ],
                    [
                        21.641198005000035,
                        45.616474090000054
                    ],
                    [
                        19.036250172000052,
                        46.95444065400005
                    ],
                    [
                        16.56970024000003,
                        48.11029816000007
                    ]
                ]
            },
            "properties": {
                "OID": 48,
                "Departure_Airport": "IST",
                "Destination_Code": "VIE",
                "Destination_Name": "Vienna",
                "Airline": "Turkish Airlines",
                "Duration__minutes_": 145,
                "Reverse_Duration__minutes_": 150,
                "Distance__km_": 1231.0,
                "Flights_per_Day": 4.0,
                "Latitude": 48.11029816,
                "Longitude": 16.56970024,
                "Altitude": 600,
                "Name": "Vienna International Airport",
                "StartLon": 28.751944,
                "StartLat": 41.275278,
                "ORIG_FID": 51,
                "Shape_Length": 13.988058242871736,
                "Country": "Austria"
            }
        },
        {
            "type": "Feature",
            "id": 49,
            "geometry": {
                "type": "LineString",
                "coordinates": [
                    [
                        28.751944000000037,
                        41.27527800000007
                    ],
                    [
                        28.74161170900004,
                        41.279780119000065
                    ],
                    [
                        26.11368712700005,
                        42.37538630100005
                    ],
                    [
                        23.395512389000032,
                        43.40847189100003
                    ],
                    [
                        20.586471455000037,
                        44.37459238900004
                    ],
                    [
                        17.687079119000032,
                        45.269230020000066
                    ],
                    [
                        14.699162926000042,
                        46.08785538800004
                    ],
                    [
                        11.626028811000026,
                        46.82600222700006
                    ],
                    [
                        8.54917000000006,
                        47.46469900000005
                    ]
                ]
            },
            "properties": {
                "OID": 49,
                "Departure_Airport": "IST",
                "Destination_Code": "ZRH",
                "Destination_Name": "Zurich",
                "Airline": "Turkish Airlines",
                "Duration__minutes_": 190,
                "Reverse_Duration__minutes_": 185,
                "Distance__km_": 1749.0,
                "Flights_per_Day": 4.0,
                "Latitude": 47.464699,
                "Longitude": 8.54917,
                "Altitude": 1416,
                "Name": "Z\u00fcrich Airport",
                "StartLon": 28.751944,
                "StartLat": 41.275278,
                "ORIG_FID": 52,
                "Shape_Length": 21.173030103611588,
                "Country": "Switzerland"
            }
        },
        {
            "type": "Feature",
            "id": 50,
            "geometry": {
                "type": "LineString",
                "coordinates": [
                    [
                        28.751944000000037,
                        41.27527800000007
                    ],
                    [
                        28.762121557000057,
                        41.27057767700006
                    ],
                    [
                        31.26117775700004,
                        40.06786144300003
                    ],
                    [
                        33.67202172700007,
                        38.81286815000004
                    ],
                    [
                        35.998155594000025,
                        37.509587546000034
                    ],
                    [
                        38.243458762000046,
                        36.16178581100007
                    ],
                    [
                        40.412063498000066,
                        34.77300210400006
                    ],
                    [
                        42.50825231600004,
                        33.346550756000056
                    ],
                    [
                        44.536375425000074,
                        31.88552768900007
                    ],
                    [
                        46.50078601700005,
                        30.392819865000035
                    ],
                    [
                        47.968898773000035,
                        29.226600647000055
                    ]
                ]
            },
            "properties": {
                "OID": 50,
                "Departure_Airport": "IST",
                "Destination_Code": "KWI",
                "Destination_Name": "Kuwait",
                "Airline": "Jazeera Airways",
                "Duration__minutes_": 215,
                "Reverse_Duration__minutes_": 290,
                "Distance__km_": 2203.0,
                "Flights_per_Day": 4.0,
                "Latitude": 29.226600646972656,
                "Longitude": 47.96889877319336,
                "Altitude": 206,
                "Name": "Kuwait International Airport",
                "StartLon": 28.751944,
                "StartLat": 41.275278,
                "ORIG_FID": 53,
                "Shape_Length": 22.740837256035316,
                "Country": "Kuwait"
            }
        },
        {
            "type": "Feature",
            "id": 51,
            "geometry": {
                "type": "LineString",
                "coordinates": [
                    [
                        28.751944000000037,
                        41.27527800000007
                    ],
                    [
                        28.742149279000046,
                        41.280421844000045
                    ],
                    [
                        26.244528498000022,
                        42.53935006900008
                    ],
                    [
                        23.646883622000075,
                        43.74138126300005
                    ],
                    [
                        20.945971954000072,
                        44.88176867800007
                    ],
                    [
                        18.13946882500005,
                        45.95554279500004
                    ],
                    [
                        15.226220838000074,
                        46.95755420100005
                    ],
                    [
                        12.206514630000072,
                        47.882533686000045
                    ],
                    [
                        9.221960068000044,
                        48.68989944000003
                    ]
                ]
            },
            "properties": {
                "OID": 51,
                "Departure_Airport": "IST",
                "Destination_Code": "STR",
                "Destination_Name": "Stuttgart",
                "Airline": "Turkish Airlines",
                "Duration__minutes_": 190,
                "Reverse_Duration__minutes_": 190,
                "Distance__km_": 1746.0,
                "Flights_per_Day": 3.0,
                "Latitude": 48.68989944,
                "Longitude": 9.221960068,
                "Altitude": 1276,
                "Name": "Stuttgart Airport",
                "StartLon": 28.751944,
                "StartLat": 41.275278,
                "ORIG_FID": 54,
                "Shape_Length": 20.938768684094867,
                "Country": "Germany"
            }
        },
        {
            "type": "Feature",
            "id": 52,
            "geometry": {
                "type": "LineString",
                "coordinates": [
                    [
                        28.751944000000037,
                        41.27527800000007
                    ],
                    [
                        28.752443008000057,
                        41.284271389000025
                    ],
                    [
                        28.88171537900007,
                        43.53210368400005
                    ],
                    [
                        29.020963378000033,
                        45.77889221800007
                    ],
                    [
                        29.17186795200007,
                        48.02461028100004
                    ],
                    [
                        29.33648138500007,
                        50.26923079100004
                    ],
                    [
                        29.517338417000076,
                        52.512724492000075
                    ],
                    [
                        29.71760953000006,
                        54.75505746200008
                    ],
                    [
                        29.941316305000043,
                        56.996187613000075
                    ],
                    [
                        30.193640324000057,
                        59.236059682000075
                    ],
                    [
                        30.262500763000048,
                        59.800300598000035
                    ]
                ]
            },
            "properties": {
                "OID": 52,
                "Departure_Airport": "IST",
                "Destination_Code": "LED",
                "Destination_Name": "Saint Petersburg",
                "Airline": "Aeroflot",
                "Duration__minutes_": 230,
                "Reverse_Duration__minutes_": 355,
                "Distance__km_": 2074.0,
                "Flights_per_Day": 3.0,
                "Latitude": 59.80030059814453,
                "Longitude": 30.262500762939453,
                "Altitude": 78,
                "Name": "Pulkovo Airport",
                "StartLon": 28.751944,
                "StartLat": 41.275278,
                "ORIG_FID": 55,
                "Shape_Length": 18.58990509095384,
                "Country": "Russia"
            }
        },
        {
            "type": "Feature",
            "id": 53,
            "geometry": {
                "type": "LineString",
                "coordinates": [
                    [
                        28.751944000000037,
                        41.27527800000007
                    ],
                    [
                        28.762294633000067,
                        41.270796020000034
                    ],
                    [
                        31.305881354000064,
                        40.121699996000075
                    ],
                    [
                        33.76330569800007,
                        38.91838125400005
                    ],
                    [
                        36.137440652000066,
                        37.664819581000074
                    ],
                    [
                        38.431621247000066,
                        36.36479697600004
                    ],
                    [
                        40.64951629400008,
                        35.02188870200007
                    ],
                    [
                        42.79501969100005,
                        33.63946064400005
                    ],
                    [
                        44.87216055400006,
                        32.22067158600004
                    ],
                    [
                        46.88503065300006,
                        30.768479171000024
                    ],
                    [
                        48.83772727400003,
                        29.28564853200004
                    ],
                    [
                        50.734309479000046,
                        27.774762744000043
                    ],
                    [
                        52.578765727000075,
                        26.238234413000043
                    ],
                    [
                        54.37499097800003,
                        24.678317888000038
                    ],
                    [
                        54.651100159000066,
                        24.433000565000043
                    ]
                ]
            },
            "properties": {
                "OID": 53,
                "Departure_Airport": "IST",
                "Destination_Code": "AUH",
                "Destination_Name": "Abu Dhabi",
                "Airline": "Etihad Airways",
                "Duration__minutes_": 265,
                "Reverse_Duration__minutes_": 320,
                "Distance__km_": 3054.0,
                "Flights_per_Day": 3.0,
                "Latitude": 24.433000564575195,
                "Longitude": 54.651100158691406,
                "Altitude": 88,
                "Name": "Abu Dhabi International Airport",
                "StartLon": 28.751944,
                "StartLat": 41.275278,
                "ORIG_FID": 56,
                "Shape_Length": 31.02947647026446,
                "Country": "United Arab Emirates"
            }
        },
        {
            "type": "Feature",
            "id": 54,
            "geometry": {
                "type": "LineString",
                "coordinates": [
                    [
                        28.751944000000037,
                        41.27527800000007
                    ],
                    [
                        28.749422201000073,
                        41.266485888000034
                    ],
                    [
                        28.13923155200007,
                        39.06638305100006
                    ],
                    [
                        27.664300920000073,
                        37.25059890700004
                    ]
                ]
            },
            "properties": {
                "OID": 54,
                "Departure_Airport": "IST",
                "Destination_Code": "BJV",
                "Destination_Name": "Bodrum",
                "Airline": "Turkish Airlines",
                "Duration__minutes_": 75,
                "Reverse_Duration__minutes_": 105,
                "Distance__km_": 457.0,
                "Flights_per_Day": 3.0,
                "Latitude": 37.25059890749999,
                "Longitude": 27.66430092,
                "Altitude": 21,
                "Name": "Milas Bodrum International Airport",
                "StartLon": 28.751944,
                "StartLat": 41.275278,
                "ORIG_FID": 58,
                "Shape_Length": 4.169206481510182,
                "Country": "Turkey"
            }
        },
        {
            "type": "Feature",
            "id": 55,
            "geometry": {
                "type": "LineString",
                "coordinates": [
                    [
                        28.751944000000037,
                        41.27527800000007
                    ],
                    [
                        28.745815314000026,
                        41.28299943500008
                    ],
                    [
                        27.16650458500004,
                        43.202349156000025
                    ],
                    [
                        25.485604378000062,
                        45.097854400000074
                    ],
                    [
                        23.69049833500003,
                        46.966312962000075
                    ],
                    [
                        21.76695223100006,
                        48.804007066000054
                    ],
                    [
                        19.69894474000006,
                        50.606606430000056
                    ],
                    [
                        17.468523236000067,
                        52.36905475300006
                    ],
                    [
                        15.055716903000075,
                        54.08543880900004
                    ],
                    [
                        12.65600014000006,
                        55.61790085000007
                    ]
                ]
            },
            "properties": {
                "OID": 55,
                "Departure_Airport": "IST",
                "Destination_Code": "CPH",
                "Destination_Name": "Copenhagen",
                "Airline": "Turkish Airlines",
                "Duration__minutes_": 210,
                "Reverse_Duration__minutes_": 210,
                "Distance__km_": 1989.0,
                "Flights_per_Day": 3.0,
                "Latitude": 55.61790085,
                "Longitude": 12.65600014,
                "Altitude": 17,
                "Name": "Copenhagen Kastrup Airport",
                "StartLon": 28.751944,
                "StartLat": 41.275278,
                "ORIG_FID": 59,
                "Shape_Length": 21.676444758240947,
                "Country": "Denmark"
            }
        },
        {
            "type": "Feature",
            "id": 56,
            "geometry": {
                "type": "LineString",
                "coordinates": [
                    [
                        28.751944000000037,
                        41.27527800000007
                    ],
                    [
                        28.75202937800003,
                        41.26628317300003
                    ],
                    [
                        28.772673353000073,
                        39.01713383500004
                    ],
                    [
                        28.792048675000046,
                        36.767111560000046
                    ],
                    [
                        28.79249954000005,
                        36.713100430000054
                    ]
                ]
            },
            "properties": {
                "OID": 56,
                "Departure_Airport": "IST",
                "Destination_Code": "DLM",
                "Destination_Name": "Dalaman",
                "Airline": "Turkish Airlines",
                "Duration__minutes_": 80,
                "Reverse_Duration__minutes_": 100,
                "Distance__km_": 507.0,
                "Flights_per_Day": 3.0,
                "Latitude": 36.71310043,
                "Longitude": 28.79249954,
                "Altitude": 20,
                "Name": "Dalaman International Airport",
                "StartLon": 28.751944,
                "StartLat": 41.275278,
                "ORIG_FID": 60,
                "Shape_Length": 4.562358077487904,
                "Country": "Turkey"
            }
        },
        {
            "type": "Feature",
            "id": 57,
            "geometry": {
                "type": "LineString",
                "coordinates": [
                    [
                        28.751944000000037,
                        41.27527800000007
                    ],
                    [
                        28.744404454000062,
                        41.28225589500005
                    ],
                    [
                        26.807465293000064,
                        43.01036482500007
                    ],
                    [
                        24.759948818000055,
                        44.70330439300005
                    ],
                    [
                        22.590971050000064,
                        46.35685810000007
                    ],
                    [
                        20.288930636000032,
                        47.966268746000026
                    ],
                    [
                        17.84162254100005,
                        49.526175171000034
                    ],
                    [
                        15.23643959800006,
                        51.03055020200003
                    ],
                    [
                        12.460692411000025,
                        52.47264499800008
                    ],
                    [
                        9.988229752000052,
                        53.630401610000035
                    ]
                ]
            },
            "properties": {
                "OID": 57,
                "Departure_Airport": "IST",
                "Destination_Code": "HAM",
                "Destination_Name": "Hamburg",
                "Airline": "Turkish Airlines",
                "Duration__minutes_": 205,
                "Reverse_Duration__minutes_": 205,
                "Distance__km_": 1968.0,
                "Flights_per_Day": 3.0,
                "Latitude": 53.63040161,
                "Longitude": 9.988229752,
                "Altitude": 53,
                "Name": "Hamburg Airport",
                "StartLon": 28.751944,
                "StartLat": 41.275278,
                "ORIG_FID": 61,
                "Shape_Length": 22.569279315085165,
                "Country": "Germany"
            }
        },
        {
            "type": "Feature",
            "id": 58,
            "geometry": {
                "type": "LineString",
                "coordinates": [
                    [
                        28.751944000000037,
                        41.27527800000007
                    ],
                    [
                        28.760082046000036,
                        41.268698003000054
                    ],
                    [
                        30.744773172000066,
                        39.60604320200008
                    ],
                    [
                        32.561901000000034,
                        37.97900000000004
                    ]
                ]
            },
            "properties": {
                "OID": 58,
                "Departure_Airport": "IST",
                "Destination_Code": "KYA",
                "Destination_Name": "Konya",
                "Airline": "Turkish Airlines",
                "Duration__minutes_": 80,
                "Reverse_Duration__minutes_": 100,
                "Distance__km_": 492.0,
                "Flights_per_Day": 3.0,
                "Latitude": 37.979,
                "Longitude": 32.561901,
                "Altitude": 3392,
                "Name": "Konya Airport",
                "StartLon": 28.751944,
                "StartLat": 41.275278,
                "ORIG_FID": 62,
                "Shape_Length": 5.038892943366353,
                "Country": "Turkey"
            }
        },
        {
            "type": "Feature",
            "id": 59,
            "geometry": {
                "type": "LineString",
                "coordinates": [
                    [
                        28.751944000000037,
                        41.27527800000007
                    ],
                    [
                        28.740153848000034,
                        41.27667187900005
                    ],
                    [
                        25.777919688000054,
                        41.58697502500007
                    ],
                    [
                        22.790744721000067,
                        41.82027536600003
                    ],
                    [
                        19.78547217700003,
                        41.97538833100003
                    ],
                    [
                        16.769314035000036,
                        42.05151398000004
                    ],
                    [
                        13.749708250000026,
                        42.048256052000056
                    ],
                    [
                        10.734165002000054,
                        41.96563155600006
                    ],
                    [
                        7.730109399000071,
                        41.80407035700006
                    ],
                    [
                        4.744728352000038,
                        41.56440477900003
                    ],
                    [
                        1.784829008000031,
                        41.24784982700004
                    ],
                    [
                        -1.143284939999944,
                        40.85597512000004
                    ],
                    [
                        -3.5626399999999308,
                        40.47192600000005
                    ]
                ]
            },
            "properties": {
                "OID": 59,
                "Departure_Airport": "IST",
                "Destination_Code": "MAD",
                "Destination_Name": "Madrid",
                "Airline": "Turkish Airlines",
                "Duration__minutes_": 275,
                "Reverse_Duration__minutes_": 265,
                "Distance__km_": 2716.0,
                "Flights_per_Day": 3.0,
                "Latitude": 40.471926,
                "Longitude": -3.56264,
                "Altitude": 1998,
                "Name": "Adolfo Su\u00e1rez Madrid\u2013Barajas Airport",
                "StartLon": 28.751944,
                "StartLat": 41.275278,
                "ORIG_FID": 63,
                "Shape_Length": 32.43420970734697,
                "Country": "Spain"
            }
        },
        {
            "type": "Feature",
            "id": 60,
            "geometry": {
                "type": "LineString",
                "coordinates": [
                    [
                        28.751944000000037,
                        41.27527800000007
                    ],
                    [
                        28.74290097000005,
                        41.28115102100003
                    ],
                    [
                        26.43015516300005,
                        42.72620361200006
                    ],
                    [
                        24.00942593900004,
                        44.122010688000046
                    ],
                    [
                        21.47428876200007,
                        45.46375736200008
                    ],
                    [
                        18.818761504000065,
                        46.746244681000064
                    ],
                    [
                        16.037582892000046,
                        47.963896635000026
                    ],
                    [
                        13.12654989500004,
                        49.110783981000054
                    ],
                    [
                        10.08291104600005,
                        50.18066963000007
                    ],
                    [
                        6.9058046210000725,
                        51.16708040100008
                    ],
                    [
                        3.596719657000051,
                        52.06340924600005
                    ],
                    [
                        0.15994495300003564,
                        52.86305051800008
                    ],
                    [
                        -2.2749500269999317,
                        53.353698730000076
                    ]
                ]
            },
            "properties": {
                "OID": 60,
                "Departure_Airport": "IST",
                "Destination_Code": "MAN",
                "Destination_Name": "Manchester",
                "Airline": "Turkish Airlines",
                "Duration__minutes_": 270,
                "Reverse_Duration__minutes_": 260,
                "Distance__km_": 2681.0,
                "Flights_per_Day": 3.0,
                "Latitude": 53.35369873046875,
                "Longitude": -2.274950027,
                "Altitude": 257,
                "Name": "Manchester Airport",
                "StartLon": 28.751944,
                "StartLat": 41.275278,
                "ORIG_FID": 64,
                "Shape_Length": 33.509800484185135,
                "Country": "United Kingdom"
            }
        },
        {
            "type": "Feature",
            "id": 61,
            "geometry": {
                "type": "LineString",
                "coordinates": [
                    [
                        28.751944000000037,
                        41.27527800000007
                    ],
                    [
                        28.76387647000007,
                        41.27536649700005
                    ],
                    [
                        31.74682505800007,
                        41.258685711000055
                    ],
                    [
                        34.724750749000066,
                        41.16482478300003
                    ],
                    [
                        37.690734717000055,
                        40.99425306400008
                    ],
                    [
                        38.08099400000003,
                        40.96604700000006
                    ]
                ]
            },
            "properties": {
                "OID": 61,
                "Departure_Airport": "IST",
                "Destination_Code": "OGU",
                "Destination_Name": "Gulyali",
                "Airline": "Turkish Airlines",
                "Duration__minutes_": 100,
                "Reverse_Duration__minutes_": 120,
                "Distance__km_": 785.0,
                "Flights_per_Day": 4.0,
                "Latitude": 40.966047,
                "Longitude": 38.080994,
                "Altitude": 11,
                "Name": "Ordu Giresun Airport",
                "StartLon": 28.751944,
                "StartLat": 41.275278,
                "ORIG_FID": 65,
                "Shape_Length": 9.336744955983795,
                "Country": "Turkey"
            }
        },
        {
            "type": "Feature",
            "id": 62,
            "geometry": {
                "type": "LineString",
                "coordinates": [
                    [
                        28.751944000000037,
                        41.27527800000007
                    ],
                    [
                        28.763165550000053,
                        41.27834412200008
                    ],
                    [
                        31.60103593300005,
                        42.009938318000025
                    ],
                    [
                        34.501406763000034,
                        42.66971957900006
                    ],
                    [
                        37.460199524000075,
                        43.254491235000046
                    ],
                    [
                        40.47229092500004,
                        43.76127194900005
                    ],
                    [
                        43.53152834800005,
                        44.18735822000008
                    ],
                    [
                        46.63078633600003,
                        44.53038613500007
                    ],
                    [
                        49.76206657300003,
                        44.78838940900005
                    ],
                    [
                        52.91664057400004,
                        44.95985058000008
                    ],
                    [
                        56.085230686000045,
                        45.04374235300003
                    ],
                    [
                        59.258221426000034,
                        45.03955651700005
                    ],
                    [
                        62.42589008300007,
                        44.94731851600005
                    ],
                    [
                        65.57864355400005,
                        44.767586720000054
                    ],
                    [
                        68.70724765900007,
                        44.501436426000055
                    ],
                    [
                        71.80303602800007,
                        44.15042967100004
                    ],
                    [
                        74.85808775300006,
                        43.71657283400003
                    ],
                    [
                        77.04049682600004,
                        43.35210037200005
                    ]
                ]
            },
            "properties": {
                "OID": 62,
                "Departure_Airport": "IST",
                "Destination_Code": "ALA",
                "Destination_Name": "Almaty",
                "Airline": "Air Astana",
                "Duration__minutes_": 330,
                "Reverse_Duration__minutes_": 405,
                "Distance__km_": 3944.0,
                "Flights_per_Day": 3.0,
                "Latitude": 43.35210037231445,
                "Longitude": 77.04049682617188,
                "Altitude": 2234,
                "Name": "Almaty Airport",
                "StartLon": 28.751944,
                "StartLat": 41.275278,
                "ORIG_FID": 66,
                "Shape_Length": 48.72029636984387,
                "Country": "Kazakhstan"
            }
        },
        {
            "type": "Feature",
            "id": 63,
            "geometry": {
                "type": "LineString",
                "coordinates": [
                    [
                        28.751944000000037,
                        41.27527800000007
                    ],
                    [
                        28.762950270000033,
                        41.271812658000044
                    ],
                    [
                        31.477802103000045,
                        40.37302222000005
                    ],
                    [
                        34.119053250000036,
                        39.412062056000025
                    ],
                    [
                        36.686644030000025,
                        38.39262618500004
                    ],
                    [
                        38.89559200000008,
                        37.445663000000025
                    ]
                ]
            },
            "properties": {
                "OID": 63,
                "Departure_Airport": "IST",
                "Destination_Code": "GNY",
                "Destination_Name": "Golgen",
                "Airline": "Turkish Airlines",
                "Duration__minutes_": 110,
                "Reverse_Duration__minutes_": 130,
                "Distance__km_": 973.0,
                "Flights_per_Day": 3.0,
                "Latitude": 37.445663,
                "Longitude": 38.895592,
                "Altitude": 2708,
                "Name": "\u015eanl\u0131urfa GAP Airport",
                "StartLon": 28.751944,
                "StartLat": 41.275278,
                "ORIG_FID": 67,
                "Shape_Length": 10.84823209791408,
                "Country": "Turkey"
            }
        },
        {
            "type": "Feature",
            "id": 64,
            "geometry": {
                "type": "LineString",
                "coordinates": [
                    [
                        28.751944000000037,
                        41.27527800000007
                    ],
                    [
                        28.76387237700004,
                        41.275525825000045
                    ],
                    [
                        31.747619047000057,
                        41.29866985800004
                    ],
                    [
                        34.729952051000055,
                        41.244485472000065
                    ],
                    [
                        37.703870281000036,
                        41.113244715000064
                    ],
                    [
                        40.662541514000054,
                        40.90560170400005
                    ],
                    [
                        43.59943482800003,
                        40.62257761600006
                    ],
                    [
                        46.50843923300005,
                        40.26553781700005
                    ],
                    [
                        49.38396379200003,
                        39.83616231700006
                    ],
                    [
                        52.221016004000035,
                        39.336411044000045
                    ],
                    [
                        55.015256829000066,
                        38.76848554400004
                    ],
                    [
                        57.76303231600008,
                        38.13478879300004
                    ],
                    [
                        58.36100000000005,
                        37.98680100000007
                    ]
                ]
            },
            "properties": {
                "OID": 64,
                "Departure_Airport": "IST",
                "Destination_Code": "ASB",
                "Destination_Name": "Ashgabat",
                "Airline": "Turkmenistan Airlines",
                "Duration__minutes_": 225,
                "Reverse_Duration__minutes_": 260,
                "Distance__km_": 2563.0,
                "Flights_per_Day": 3.0,
                "Latitude": 37.986801,
                "Longitude": 58.361,
                "Altitude": 692,
                "Name": "Ashgabat International Airport",
                "StartLon": 28.751944,
                "StartLat": 41.275278,
                "ORIG_FID": 68,
                "Shape_Length": 29.878931676861182,
                "Country": "Turkmenistan"
            }
        },
        {
            "type": "Feature",
            "id": 65,
            "geometry": {
                "type": "LineString",
                "coordinates": [
                    [
                        28.751944000000037,
                        41.27527800000007
                    ],
                    [
                        28.74074153500004,
                        41.278372137000076
                    ],
                    [
                        25.907383585000048,
                        42.01708231900005
                    ],
                    [
                        23.01095357400004,
                        42.684187414000064
                    ],
                    [
                        20.055448356000056,
                        43.276463361000026
                    ],
                    [
                        17.045915614000023,
                        43.79089623800007
                    ],
                    [
                        13.988442100000043,
                        44.22474508800008
                    ],
                    [
                        11.288700000000063,
                        44.53540000000004
                    ]
                ]
            },
            "properties": {
                "OID": 65,
                "Departure_Airport": "IST",
                "Destination_Code": "BLQ",
                "Destination_Name": "Bologna",
                "Airline": "Turkish Airlines",
                "Duration__minutes_": 165,
                "Reverse_Duration__minutes_": 165,
                "Distance__km_": 1471.0,
                "Flights_per_Day": 3.0,
                "Latitude": 44.5354,
                "Longitude": 11.2887,
                "Altitude": 123,
                "Name": "Bologna Guglielmo Marconi Airport",
                "StartLon": 28.751944,
                "StartLat": 41.275278,
                "ORIG_FID": 69,
                "Shape_Length": 17.78564141583975,
                "Country": "Italy"
            }
        },
        {
            "type": "Feature",
            "id": 66,
            "geometry": {
                "type": "LineString",
                "coordinates": [
                    [
                        28.751944000000037,
                        41.27527800000007
                    ],
                    [
                        28.76384193100006,
                        41.27467315000007
                    ],
                    [
                        31.730298686000026,
                        41.08502300200007
                    ],
                    [
                        34.676365572000066,
                        40.81949313300004
                    ],
                    [
                        37.59576966100008,
                        40.47937699400006
                    ],
                    [
                        40.48274183600006,
                        40.066292549000025
                    ],
                    [
                        41.17020034800004,
                        39.95650101000007
                    ]
                ]
            },
            "properties": {
                "OID": 66,
                "Departure_Airport": "IST",
                "Destination_Code": "ERZ",
                "Destination_Name": "Erzurum",
                "Airline": "Turkish Airlines",
                "Duration__minutes_": 115,
                "Reverse_Duration__minutes_": 140,
                "Distance__km_": 1064.0,
                "Flights_per_Day": 3.0,
                "Latitude": 39.95650101,
                "Longitude": 41.17020034789999,
                "Altitude": 5763,
                "Name": "Erzurum International Airport",
                "StartLon": 28.751944,
                "StartLat": 41.275278,
                "ORIG_FID": 70,
                "Shape_Length": 12.494466146139187,
                "Country": "Turkey"
            }
        },
        {
            "type": "Feature",
            "id": 67,
            "geometry": {
                "type": "LineString",
                "coordinates": [
                    [
                        28.751944000000037,
                        41.27527800000007
                    ],
                    [
                        28.74108553700006,
                        41.27901097200004
                    ],
                    [
                        25.98778433800004,
                        42.179392617000076
                    ],
                    [
                        23.158302023000033,
                        43.01171457100003
                    ],
                    [
                        20.254776271000026,
                        43.772119641000074
                    ],
                    [
                        17.280512327000054,
                        44.45684439300004
                    ],
                    [
                        14.240057041000057,
                        45.06228762000006
                    ],
                    [
                        11.139235175000067,
                        45.585084497000025
                    ],
                    [
                        7.985138339000059,
                        46.022183744000074
                    ],
                    [
                        6.108950138000068,
                        46.23809814500004
                    ]
                ]
            },
            "properties": {
                "OID": 67,
                "Departure_Airport": "IST",
                "Destination_Code": "GVA",
                "Destination_Name": "Geneva",
                "Airline": "Turkish Airlines",
                "Duration__minutes_": 205,
                "Reverse_Duration__minutes_": 200,
                "Distance__km_": 1902.0,
                "Flights_per_Day": 3.0,
                "Latitude": 46.23809814453125,
                "Longitude": 6.108950138092041,
                "Altitude": 1411,
                "Name": "Geneva Cointrin International Airport",
                "StartLon": 28.751944,
                "StartLat": 41.275278,
                "ORIG_FID": 71,
                "Shape_Length": 23.229488832098273,
                "Country": "Switzerland"
            }
        },
        {
            "type": "Feature",
            "id": 68,
            "geometry": {
                "type": "LineString",
                "coordinates": [
                    [
                        28.751944000000037,
                        41.27527800000007
                    ],
                    [
                        28.762517495000054,
                        41.27112471200007
                    ],
                    [
                        31.364010318000055,
                        40.20292507100004
                    ],
                    [
                        33.88301697400004,
                        39.07789380600008
                    ],
                    [
                        34.53450000000004,
                        38.77190000000007
                    ]
                ]
            },
            "properties": {
                "OID": 68,
                "Departure_Airport": "IST",
                "Destination_Code": "NAV",
                "Destination_Name": "Nevsehir",
                "Airline": "Turkish Airlines",
                "Duration__minutes_": 80,
                "Reverse_Duration__minutes_": 100,
                "Distance__km_": 566.0,
                "Flights_per_Day": 3.0,
                "Latitude": 38.7719,
                "Longitude": 34.5345,
                "Altitude": 3100,
                "Name": "Nev\u015fehir Kapadokya Airport",
                "StartLon": 28.751944,
                "StartLat": 41.275278,
                "ORIG_FID": 72,
                "Shape_Length": 6.302423955242053,
                "Country": "Turkey"
            }
        },
        {
            "type": "Feature",
            "id": 69,
            "geometry": {
                "type": "LineString",
                "coordinates": [
                    [
                        28.751944000000037,
                        41.27527800000007
                    ],
                    [
                        28.743656432000023,
                        41.28175659100003
                    ],
                    [
                        26.61889211500005,
                        42.881778835000034
                    ],
                    [
                        24.382922308000047,
                        44.43985928400008
                    ],
                    [
                        22.026739796000072,
                        45.951389490000054
                    ],
                    [
                        19.54120077700003,
                        47.41127089500003
                    ],
                    [
                        16.917250265000064,
                        48.813883823000026
                    ],
                    [
                        14.260000000000048,
                        50.10080000000005
                    ]
                ]
            },
            "properties": {
                "OID": 69,
                "Departure_Airport": "IST",
                "Destination_Code": "PRG",
                "Destination_Name": "Prague",
                "Airline": "Turkish Airlines",
                "Duration__minutes_": 170,
                "Reverse_Duration__minutes_": 170,
                "Distance__km_": 1496.0,
                "Flights_per_Day": 3.0,
                "Latitude": 50.1008,
                "Longitude": 14.26,
                "Altitude": 1247,
                "Name": "V\u00e1clav Havel Airport Prague",
                "StartLon": 28.751944,
                "StartLat": 41.275278,
                "ORIG_FID": 73,
                "Shape_Length": 17.006384308571715,
                "Country": "Czech Republic"
            }
        },
        {
            "type": "Feature",
            "id": 70,
            "geometry": {
                "type": "LineString",
                "coordinates": [
                    [
                        28.751944000000037,
                        41.27527800000007
                    ],
                    [
                        28.740836715000057,
                        41.278562349000026
                    ],
                    [
                        25.92944191400005,
                        42.06537102100003
                    ],
                    [
                        23.411436081000033,
                        42.69669342000003
                    ]
                ]
            },
            "properties": {
                "OID": 70,
                "Departure_Airport": "IST",
                "Destination_Code": "SOF",
                "Destination_Name": "Sofia",
                "Airline": "Turkish Airlines",
                "Duration__minutes_": 80,
                "Reverse_Duration__minutes_": 95,
                "Distance__km_": 471.0,
                "Flights_per_Day": 3.0,
                "Latitude": 42.69669342041016,
                "Longitude": 23.411436080932617,
                "Altitude": 1742,
                "Name": "Sofia Airport",
                "StartLon": 28.751944,
                "StartLat": 41.275278,
                "ORIG_FID": 74,
                "Shape_Length": 5.527117650506605,
                "Country": "Bulgaria"
            }
        },
        {
            "type": "Feature",
            "id": 71,
            "geometry": {
                "type": "LineString",
                "coordinates": [
                    [
                        28.751944000000037,
                        41.27527800000007
                    ],
                    [
                        28.74027577100003,
                        41.27712036400004
                    ],
                    [
                        25.80355709400004,
                        41.70022953300003
                    ],
                    [
                        22.831601333000037,
                        42.047340775000066
                    ],
                    [
                        19.83078596300004,
                        42.316703966000034
                    ],
                    [
                        19.251900000000035,
                        42.359402000000046
                    ]
                ]
            },
            "properties": {
                "OID": 71,
                "Departure_Airport": "IST",
                "Destination_Code": "TGD",
                "Destination_Name": "Podgorica",
                "Airline": "Turkish Airlines",
                "Duration__minutes_": 115,
                "Reverse_Duration__minutes_": 115,
                "Distance__km_": 800.0,
                "Flights_per_Day": 3.0,
                "Latitude": 42.359402,
                "Longitude": 19.2519,
                "Altitude": 141,
                "Name": "Podgorica Airport",
                "StartLon": 28.751944,
                "StartLat": 41.275278,
                "ORIG_FID": 75,
                "Shape_Length": 9.564620323569356,
                "Country": "Montenegro"
            }
        },
        {
            "type": "Feature",
            "id": 72,
            "geometry": {
                "type": "LineString",
                "coordinates": [
                    [
                        28.751944000000037,
                        41.27527800000007
                    ],
                    [
                        28.74113175900004,
                        41.279082163000055
                    ],
                    [
                        25.99877529400004,
                        42.19752417600006
                    ],
                    [
                        23.178864006000026,
                        43.048395854000034
                    ],
                    [
                        20.283298665000075,
                        43.82777854500006
                    ],
                    [
                        17.31515211100003,
                        44.531832680000036
                    ],
                    [
                        14.278753472000062,
                        45.156866208000054
                    ],
                    [
                        12.351900000000057,
                        45.505299000000036
                    ]
                ]
            },
            "properties": {
                "OID": 72,
                "Departure_Airport": "IST",
                "Destination_Code": "VCE",
                "Destination_Name": "Venice",
                "Airline": "Turkish Airlines",
                "Duration__minutes_": 160,
                "Reverse_Duration__minutes_": 160,
                "Distance__km_": 1409.0,
                "Flights_per_Day": 3.0,
                "Latitude": 45.505299,
                "Longitude": 12.3519,
                "Altitude": 7,
                "Name": "Venice Marco Polo Airport",
                "StartLon": 28.751944,
                "StartLat": 41.275278,
                "ORIG_FID": 76,
                "Shape_Length": 16.95689878293035,
                "Country": "Italy"
            }
        },
        {
            "type": "Feature",
            "id": 73,
            "geometry": {
                "type": "LineString",
                "coordinates": [
                    [
                        28.751944000000037,
                        41.27527800000007
                    ],
                    [
                        28.763286211000036,
                        41.27249449000004
                    ],
                    [
                        31.568093399000077,
                        40.54205267000003
                    ],
                    [
                        34.30992292700006,
                        39.74493179700005
                    ],
                    [
                        36.98685156700003,
                        38.88444789000005
                    ],
                    [
                        39.59779137100003,
                        37.96396116200003
                    ],
                    [
                        42.142409963000034,
                        36.98683468300004
                    ],
                    [
                        43.963199615000065,
                        36.23759841900005
                    ]
                ]
            },
            "properties": {
                "OID": 73,
                "Departure_Airport": "IST",
                "Destination_Code": "EBL",
                "Destination_Name": "Erbil",
                "Airline": "Turkish Airlines",
                "Duration__minutes_": 160,
                "Reverse_Duration__minutes_": 175,
                "Distance__km_": 1438.0,
                "Flights_per_Day": 3.0,
                "Latitude": 36.23759841918945,
                "Longitude": 43.96319961547852,
                "Altitude": 1341,
                "Name": "Erbil International Airport",
                "StartLon": 28.751944,
                "StartLat": 41.275278,
                "ORIG_FID": 77,
                "Shape_Length": 16.04084881756979,
                "Country": "Iraq"
            }
        },
        {
            "type": "Feature",
            "id": 74,
            "geometry": {
                "type": "LineString",
                "coordinates": [
                    [
                        28.751944000000037,
                        41.27527800000007
                    ],
                    [
                        28.74266051400008,
                        41.280935777000025
                    ],
                    [
                        26.370487714000035,
                        42.67098044100004
                    ],
                    [
                        23.892252236000047,
                        44.00936648000004
                    ],
                    [
                        21.30247633500005,
                        45.29126357700005
                    ],
                    [
                        18.596292178000056,
                        46.51150244100006
                    ],
                    [
                        15.76972154300006,
                        47.66459387400005
                    ],
                    [
                        12.820001761000071,
                        48.74476551600003
                    ],
                    [
                        9.745950156000049,
                        49.74602017300003
                    ],
                    [
                        6.548351169000057,
                        50.66221923100005
                    ],
                    [
                        3.2303407740000694,
                        51.48719356400005
                    ],
                    [
                        -0.20224740099996552,
                        52.21488238400008
                    ],
                    [
                        -3.740618515999927,
                        52.83949768000008
                    ],
                    [
                        -7.372884261999957,
                        53.35570824100006
                    ],
                    [
                        -11.084107915999937,
                        53.75883330400006
                    ],
                    [
                        -14.856560394999974,
                        54.04503224100006
                    ],
                    [
                        -18.670198788999983,
                        54.21147425500004
                    ],
                    [
                        -22.503349105999973,
                        54.25647171500003
                    ],
                    [
                        -26.333543343999963,
                        54.179563030000054
                    ],
                    [
                        -30.138434675999974,
                        53.98153575600003
                    ],
                    [
                        -33.89670060499998,
                        53.66438728300005
                    ],
                    [
                        -37.588846056999955,
                        53.23122760700005
                    ],
                    [
                        -41.197836206999966,
                        52.68613496800003
                    ],
                    [
                        -44.709517192999954,
                        52.033979299000066
                    ],
                    [
                        -48.11281471299998,
                        51.28023002700007
                    ],
                    [
                        -51.399728692999986,
                        50.430763762000026
                    ],
                    [
                        -54.56516191399999,
                        49.491684605000046
                    ],
                    [
                        -57.60663019399993,
                        48.46916599300005
                    ],
                    [
                        -60.52390225499994,
                        47.36931906500007
                    ],
                    [
                        -63.31861156699995,
                        46.198089105000065
                    ],
                    [
                        -65.99387311999993,
                        44.961178983000025
                    ],
                    [
                        -68.55392790699995,
                        43.663996852000025
                    ],
                    [
                        -71.00382862199996,
                        42.31162441500004
                    ],
                    [
                        -73.34917257699993,
                        40.90880184000008
                    ],
                    [
                        -73.77890014999997,
                        40.63980103000006
                    ]
                ]
            },
            "properties": {
                "OID": 74,
                "Departure_Airport": "IST",
                "Destination_Code": "JFK",
                "Destination_Name": "New York",
                "Airline": "Turkish Airlines",
                "Duration__minutes_": 670,
                "Reverse_Duration__minutes_": 605,
                "Distance__km_": 8069.0,
                "Flights_per_Day": 2.0,
                "Latitude": 40.63980103,
                "Longitude": -73.77890015,
                "Altitude": 13,
                "Name": "John F Kennedy International Airport",
                "StartLon": 28.751944,
                "StartLat": 41.275278,
                "ORIG_FID": 78,
                "Shape_Length": 107.2968268967633,
                "Country": "United States"
            }
        },
        {
            "type": "Feature",
            "id": 75,
            "geometry": {
                "type": "LineString",
                "coordinates": [
                    [
                        28.751944000000037,
                        41.27527800000007
                    ],
                    [
                        28.762634653000077,
                        41.271279039000035
                    ],
                    [
                        31.394444889000056,
                        40.240979442000025
                    ],
                    [
                        33.94548940900006,
                        39.15246052100008
                    ],
                    [
                        36.41723799300007,
                        38.00961306600004
                    ],
                    [
                        38.81178218100007,
                        36.81619318800006
                    ],
                    [
                        41.13170751000007,
                        35.57580192900008
                    ],
                    [
                        43.379978820000076,
                        34.29187209100007
                    ],
                    [
                        45.55983999500006,
                        32.96766112600005
                    ],
                    [
                        47.67472840600004,
                        31.60624895400008
                    ],
                    [
                        49.72820351100006,
                        30.210539679000078
                    ],
                    [
                        51.723888584000065,
                        28.783266281000067
                    ],
                    [
                        53.66542423300007,
                        27.326997506000055
                    ],
                    [
                        55.55643228200006,
                        25.844146307000074
                    ],
                    [
                        57.400488531000065,
                        24.336979307000036
                    ],
                    [
                        58.28440094000007,
                        23.593299866000052
                    ]
                ]
            },
            "properties": {
                "OID": 75,
                "Departure_Airport": "IST",
                "Destination_Code": "MCT",
                "Destination_Name": "Muscat",
                "Airline": "Turkish Airlines",
                "Duration__minutes_": 295,
                "Reverse_Duration__minutes_": 340,
                "Distance__km_": 3389.0,
                "Flights_per_Day": 2.0,
                "Latitude": 23.593299865722656,
                "Longitude": 58.284400939941406,
                "Altitude": 48,
                "Name": "Muscat International Airport",
                "StartLon": 28.751944,
                "StartLat": 41.275278,
                "ORIG_FID": 79,
                "Shape_Length": 34.59964880903775,
                "Country": "Oman"
            }
        },
        {
            "type": "Feature",
            "id": 76,
            "geometry": {
                "type": "LineString",
                "coordinates": [
                    [
                        28.751944000000037,
                        41.27527800000007
                    ],
                    [
                        28.754465666000044,
                        41.266478464000045
                    ],
                    [
                        29.364607704000036,
                        39.06451916700007
                    ],
                    [
                        29.701299670000026,
                        37.78559875000008
                    ]
                ]
            },
            "properties": {
                "OID": 76,
                "Departure_Airport": "IST",
                "Destination_Code": "DNZ",
                "Destination_Name": "Denizli",
                "Airline": "Turkish Airlines",
                "Duration__minutes_": 70,
                "Reverse_Duration__minutes_": 85,
                "Distance__km_": 396.0,
                "Flights_per_Day": 2.0,
                "Latitude": 37.78559875,
                "Longitude": 29.70129967,
                "Altitude": 2795,
                "Name": "\u00c7ardak Airport",
                "StartLon": 28.751944,
                "StartLat": 41.275278,
                "ORIG_FID": 80,
                "Shape_Length": 3.6166116617615436,
                "Country": "Turkey"
            }
        },
        {
            "type": "Feature",
            "id": 77,
            "geometry": {
                "type": "LineString",
                "coordinates": [
                    [
                        28.751944000000037,
                        41.27527800000007
                    ],
                    [
                        28.74272129700006,
                        41.28099172300006
                    ],
                    [
                        26.385546359000045,
                        42.68532795100003
                    ],
                    [
                        23.921770261000063,
                        44.03861885600003
                    ],
                    [
                        21.345669085000054,
                        45.336034968000035
                    ],
                    [
                        18.652087520000066,
                        46.57239584300004
                    ],
                    [
                        15.836719048000077,
                        47.742186107000066
                    ],
                    [
                        12.896435741000062,
                        48.83958901800003
                    ],
                    [
                        9.829661047000059,
                        49.85854168600008
                    ],
                    [
                        6.636770806000072,
                        50.792815793000045
                    ],
                    [
                        3.320497782000075,
                        51.63612664500005
                    ],
                    [
                        -0.11369596599996612,
                        52.38227154600003
                    ],
                    [
                        -3.6573243369999773,
                        53.025295621000055
                    ],
                    [
                        -6.270069999999976,
                        53.42129900000003
                    ]
                ]
            },
            "properties": {
                "OID": 77,
                "Departure_Airport": "IST",
                "Destination_Code": "DUB",
                "Destination_Name": "Dublin",
                "Airline": "Turkish Airlines",
                "Duration__minutes_": 295,
                "Reverse_Duration__minutes_": 275,
                "Distance__km_": 2940.0,
                "Flights_per_Day": 2.0,
                "Latitude": 53.421299,
                "Longitude": -6.27007,
                "Altitude": 242,
                "Name": "Dublin Airport",
                "StartLon": 28.751944,
                "StartLat": 41.275278,
                "ORIG_FID": 81,
                "Shape_Length": 37.341402821903664,
                "Country": "Ireland"
            }
        },
        {
            "type": "Feature",
            "id": 78,
            "geometry": {
                "type": "LineString",
                "coordinates": [
                    [
                        28.751944000000037,
                        41.27527800000007
                    ],
                    [
                        28.763742041000057,
                        41.27391749100008
                    ],
                    [
                        31.696880444000044,
                        40.896141113000056
                    ],
                    [
                        34.593633354000076,
                        40.44463992200008
                    ],
                    [
                        37.44886422900004,
                        39.92152963700005
                    ],
                    [
                        40.25815529500005,
                        39.329170574000045
                    ],
                    [
                        43.017835038000044,
                        38.67012368200005
                    ],
                    [
                        45.72498157600006,
                        37.94710667800007
                    ],
                    [
                        48.377404984000066,
                        37.16295174600003
                    ],
                    [
                        50.97361235300008,
                        36.32056600400006
                    ],
                    [
                        53.51275966500003,
                        35.422895596000046
                    ],
                    [
                        55.994594524000036,
                        34.47289397600008
                    ],
                    [
                        58.419393470000045,
                        33.473494654000035
                    ],
                    [
                        60.78789711600007,
                        32.427588456000024
                    ],
                    [
                        63.101245762000076,
                        31.338005143000032
                    ],
                    [
                        65.36091755000007,
                        30.207499123000048
                    ],
                    [
                        67.56867063900006,
                        29.038738857000055
                    ],
                    [
                        69.72649038300005,
                        27.83429957100003
                    ],
                    [
                        71.83654204600003,
                        26.59665880400007
                    ],
                    [
                        73.90112926900008,
                        25.32819438000007
                    ],
                    [
                        75.92265822500008,
                        24.031184391000068
                    ],
                    [
                        77.90360721200005,
                        22.707808810000074
                    ],
                    [
                        79.84650132000007,
                        21.360152413000037
                    ],
                    [
                        81.75389172500007,
                        19.99020871500005
                    ],
                    [
                        83.62833913400004,
                        18.599884676000045
                    ],
                    [
                        85.47240089400003,
                        17.19100597100004
                    ],
                    [
                        87.28862130600004,
                        15.765322660000038
                    ],
                    [
                        89.07952468700006,
                        14.324515120000058
                    ],
                    [
                        90.84761079900005,
                        12.870200133000026
                    ],
                    [
                        92.59535226000008,
                        11.40393705300005
                    ],
                    [
                        94.32519362700003,
                        9.927233994000062
                    ],
                    [
                        96.03955185900008,
                        8.44155399300007
                    ],
                    [
                        97.74081791900005,
                        6.9483211220000385
                    ],
                    [
                        99.43135928800007,
                        5.448926543000027
                    ],
                    [
                        101.11352321600003,
                        3.944734492000066
                    ],
                    [
                        102.78964053400006,
                        2.4370881910000435
                    ],
                    [
                        103.99400300000008,
                        1.3501900000000546
                    ]
                ]
            },
            "properties": {
                "OID": 78,
                "Departure_Airport": "IST",
                "Destination_Code": "SIN",
                "Destination_Name": "Singapore",
                "Airline": "Singapore Airlines",
                "Duration__minutes_": 625,
                "Reverse_Duration__minutes_": 715,
                "Distance__km_": 8726.0,
                "Flights_per_Day": 2.0,
                "Latitude": 1.35019,
                "Longitude": 103.994003,
                "Altitude": 22,
                "Name": "Singapore Changi Airport",
                "StartLon": 28.751944,
                "StartLat": 41.275278,
                "ORIG_FID": 82,
                "Shape_Length": 86.82506219232748,
                "Country": "Singapore"
            }
        },
        {
            "type": "Feature",
            "id": 79,
            "geometry": {
                "type": "LineString",
                "coordinates": [
                    [
                        28.751944000000037,
                        41.27527800000007
                    ],
                    [
                        28.74855063900003,
                        41.28390854200006
                    ],
                    [
                        27.870803445000035,
                        43.43784377800006
                    ],
                    [
                        26.928593411000065,
                        45.58373568900004
                    ],
                    [
                        25.911881143000073,
                        47.72043578700004
                    ],
                    [
                        24.808668023000052,
                        49.846566229000075
                    ],
                    [
                        23.604503719000036,
                        51.960457114000064
                    ],
                    [
                        22.281848386000036,
                        54.060063470000046
                    ],
                    [
                        20.81924195000005,
                        56.14285421200003
                    ],
                    [
                        19.190217592000067,
                        58.20566206400008
                    ],
                    [
                        17.918600080000033,
                        59.65190125000004
                    ]
                ]
            },
            "properties": {
                "OID": 79,
                "Departure_Airport": "IST",
                "Destination_Code": "ARN",
                "Destination_Name": "Stockholm",
                "Airline": "Turkish Airlines",
                "Duration__minutes_": 230,
                "Reverse_Duration__minutes_": 230,
                "Distance__km_": 2188.0,
                "Flights_per_Day": 2.0,
                "Latitude": 59.65190125,
                "Longitude": 17.91860008,
                "Altitude": 137,
                "Name": "Stockholm-Arlanda Airport",
                "StartLon": 28.751944,
                "StartLat": 41.275278,
                "ORIG_FID": 83,
                "Shape_Length": 21.455614729639493,
                "Country": "Sweden"
            }
        },
        {
            "type": "Feature",
            "id": 80,
            "geometry": {
                "type": "LineString",
                "coordinates": [
                    [
                        28.751944000000037,
                        41.27527800000007
                    ],
                    [
                        28.763478854000027,
                        41.27298345100007
                    ],
                    [
                        31.621135990000028,
                        40.66351908400003
                    ],
                    [
                        34.42434967300005,
                        39.98458612600007
                    ],
                    [
                        37.16996850700008,
                        39.23914595900004
                    ],
                    [
                        39.29140091000005,
                        38.606899260000034
                    ]
                ]
            },
            "properties": {
                "OID": 80,
                "Departure_Airport": "IST",
                "Destination_Code": "EZS",
                "Destination_Name": "Elazig",
                "Airline": "Turkish Airlines",
                "Duration__minutes_": 110,
                "Reverse_Duration__minutes_": 130,
                "Distance__km_": 951.0,
                "Flights_per_Day": 2.0,
                "Latitude": 38.60689926,
                "Longitude": 39.29140091,
                "Altitude": 2927,
                "Name": "Elaz\u0131\u011f Airport",
                "StartLon": 28.751944,
                "StartLat": 41.275278,
                "ORIG_FID": 84,
                "Shape_Length": 10.876918213882599,
                "Country": "Turkey"
            }
        },
        {
            "type": "Feature",
            "id": 81,
            "geometry": {
                "type": "LineString",
                "coordinates": [
                    [
                        28.751944000000037,
                        41.27527800000007
                    ],
                    [
                        28.761854026000037,
                        41.280294824000066
                    ],
                    [
                        31.28758618200004,
                        42.50685804700004
                    ],
                    [
                        33.91158960200005,
                        43.67532489300004
                    ],
                    [
                        36.63656793400003,
                        44.78099178100007
                    ],
                    [
                        39.46424970500004,
                        45.81896203200006
                    ],
                    [
                        42.395146545000046,
                        46.78419347600004
                    ],
                    [
                        45.428303010000036,
                        47.67156272200003
                    ],
                    [
                        48.56105359400004,
                        48.47594717000004
                    ],
                    [
                        51.788807474000066,
                        49.19232468300004
                    ],
                    [
                        55.10488554700004,
                        49.81588918600005
                    ],
                    [
                        58.50043617600005,
                        50.34217852000006
                    ],
                    [
                        61.96445455600008,
                        50.767208725000046
                    ],
                    [
                        65.48392471600005,
                        51.087606968000046
                    ],
                    [
                        69.04409273800007,
                        51.300733913000045
                    ],
                    [
                        72.62886556700005,
                        51.404785900000036
                    ],
                    [
                        76.22131398900007,
                        51.398868038000046
                    ],
                    [
                        79.80424381300008,
                        51.283031478000055
                    ],
                    [
                        83.36078915500008,
                        51.05827126500003
                    ],
                    [
                        86.87497837400008,
                        50.726484980000066
                    ],
                    [
                        90.33222734200007,
                        50.290396143000066
                    ],
                    [
                        93.71972550800007,
                        49.75344941900005
                    ],
                    [
                        97.02669499800004,
                        49.11968664900007
                    ],
                    [
                        100.24451880700008,
                        48.39361334600005
                    ],
                    [
                        103.36674797100005,
                        47.580064769000046
                    ],
                    [
                        106.38900759300009,
                        46.68407914000005
                    ],
                    [
                        109.30882700300003,
                        45.710783621000076
                    ],
                    [
                        112.12542039900006,
                        44.66529648900007
                    ],
                    [
                        114.83944218900001,
                        43.55264704900003
                    ],
                    [
                        117.45273705500006,
                        42.377713226000026
                    ],
                    [
                        119.96809979600005,
                        41.145175652000034
                    ],
                    [
                        122.38905506800006,
                        39.85948637300004
                    ],
                    [
                        124.71966283000006,
                        38.52484994200006
                    ],
                    [
                        126.45099639900002,
                        37.469100952000076
                    ]
                ]
            },
            "properties": {
                "OID": 81,
                "Departure_Airport": "IST",
                "Destination_Code": "ICN",
                "Destination_Name": "Seoul",
                "Airline": "Korean Air",
                "Duration__minutes_": 610,
                "Reverse_Duration__minutes_": 740,
                "Distance__km_": 7966.0,
                "Flights_per_Day": 3.0,
                "Latitude": 37.46910095214844,
                "Longitude": 126.45099639892578,
                "Altitude": 23,
                "Name": "Incheon International Airport",
                "StartLon": 28.751944,
                "StartLat": 41.275278,
                "ORIG_FID": 85,
                "Shape_Length": 101.78871958920566,
                "Country": "South Korea"
            }
        },
        {
            "type": "Feature",
            "id": 82,
            "geometry": {
                "type": "LineString",
                "coordinates": [
                    [
                        28.751944000000037,
                        41.27527800000007
                    ],
                    [
                        28.76325709200006,
                        41.272423340000046
                    ],
                    [
                        31.560122008000064,
                        40.52438196000003
                    ],
                    [
                        34.29281329500003,
                        39.71007309400005
                    ],
                    [
                        36.959592986000075,
                        38.83286021500004
                    ],
                    [
                        38.09099960000003,
                        38.43529892000004
                    ]
                ]
            },
            "properties": {
                "OID": 82,
                "Departure_Airport": "IST",
                "Destination_Code": "MLX",
                "Destination_Name": "Malatya",
                "Airline": "Turkish Airlines",
                "Duration__minutes_": 110,
                "Reverse_Duration__minutes_": 120,
                "Distance__km_": 861.0,
                "Flights_per_Day": 2.0,
                "Latitude": 38.43529892,
                "Longitude": 38.0909996,
                "Altitude": 2828,
                "Name": "Malatya Erha\u00e7 Airport",
                "StartLon": 28.751944,
                "StartLat": 41.275278,
                "ORIG_FID": 86,
                "Shape_Length": 9.76514226373121,
                "Country": "Turkey"
            }
        },
        {
            "type": "Feature",
            "id": 83,
            "geometry": {
                "type": "LineString",
                "coordinates": [
                    [
                        28.751944000000037,
                        41.27527800000007
                    ],
                    [
                        28.747057813000026,
                        41.28349155700005
                    ],
                    [
                        27.485359063000033,
                        43.329701827000065
                    ],
                    [
                        26.136324459000036,
                        45.36030092900006
                    ],
                    [
                        24.68762266600004,
                        47.37306960300003
                    ],
                    [
                        23.12488707600005,
                        49.365383343000076
                    ],
                    [
                        21.431326718000037,
                        51.334117965000075
                    ],
                    [
                        19.587270954000076,
                        53.27553088800005
                    ],
                    [
                        17.56964825800003,
                        55.185111806000066
                    ],
                    [
                        15.351411510000048,
                        57.05739529300007
                    ],
                    [
                        12.900945642000067,
                        58.88572704300003
                    ],
                    [
                        11.050200000000075,
                        60.12100000000004
                    ]
                ]
            },
            "properties": {
                "OID": 83,
                "Departure_Airport": "IST",
                "Destination_Code": "OSL",
                "Destination_Name": "Oslo",
                "Airline": "Turkish Airlines",
                "Duration__minutes_": 245,
                "Reverse_Duration__minutes_": 250,
                "Distance__km_": 2439.0,
                "Flights_per_Day": 2.0,
                "Latitude": 60.121,
                "Longitude": 11.0502,
                "Altitude": 681,
                "Name": "Oslo Lufthavn",
                "StartLon": 28.751944,
                "StartLat": 41.275278,
                "ORIG_FID": 87,
                "Shape_Length": 26.103715007974472,
                "Country": "Norway"
            }
        },
        {
            "type": "Feature",
            "id": 84,
            "geometry": {
                "type": "LineString",
                "coordinates": [
                    [
                        28.751944000000037,
                        41.27527800000007
                    ],
                    [
                        28.76325153600004,
                        41.27815682500005
                    ],
                    [
                        31.62075871500008,
                        41.96243310300008
                    ],
                    [
                        34.536735530000044,
                        42.574034795000046
                    ],
                    [
                        37.50664365100005,
                        43.10997084300004
                    ],
                    [
                        40.52495505300004,
                        43.56749447100003
                    ],
                    [
                        43.58518961300007,
                        43.94416240000004
                    ],
                    [
                        46.679992490000075,
                        44.23789170900005
                    ],
                    [
                        49.80125184600007,
                        44.44701150100008
                    ],
                    [
                        52.94025427400004,
                        44.57030647800008
                    ],
                    [
                        56.08787200000006,
                        44.60704986600007
                    ],
                    [
                        59.23477285300004,
                        44.55702358700006
                    ],
                    [
                        62.37164175100003,
                        44.42052438600007
                    ],
                    [
                        65.48940121000004,
                        44.19835550300007
                    ],
                    [
                        68.57941852300007,
                        43.89180444100003
                    ],
                    [
                        71.63368859800005,
                        43.502608261000034
                    ],
                    [
                        74.47760010000007,
                        43.06129837000003
                    ]
                ]
            },
            "properties": {
                "OID": 84,
                "Departure_Airport": "IST",
                "Destination_Code": "FRU",
                "Destination_Name": "Bishkek",
                "Airline": "Turkish Airlines",
                "Duration__minutes_": 315,
                "Reverse_Duration__minutes_": 380,
                "Distance__km_": 3747.0,
                "Flights_per_Day": 2.0,
                "Latitude": 43.06129837,
                "Longitude": 74.4776001,
                "Altitude": 2058,
                "Name": "Manas International Airport",
                "StartLon": 28.751944,
                "StartLat": 41.275278,
                "ORIG_FID": 89,
                "Shape_Length": 46.08599130599628,
                "Country": "Kyrgyzstan"
            }
        },
        {
            "type": "Feature",
            "id": 85,
            "geometry": {
                "type": "LineString",
                "coordinates": [
                    [
                        28.751944000000037,
                        41.27527800000007
                    ],
                    [
                        28.763166113000068,
                        41.272223129000054
                    ],
                    [
                        31.53547409400005,
                        40.47470848900008
                    ],
                    [
                        34.24035917600003,
                        39.61217884100006
                    ],
                    [
                        36.87661901700005,
                        38.688120336000054
                    ],
                    [
                        39.44386438600003,
                        37.70602244200006
                    ],
                    [
                        40.63169861000006,
                        37.22330093000005
                    ]
                ]
            },
            "properties": {
                "OID": 85,
                "Departure_Airport": "IST",
                "Destination_Code": "MQM",
                "Destination_Name": "Mardin",
                "Airline": "Turkish Airlines",
                "Duration__minutes_": 120,
                "Reverse_Duration__minutes_": 135,
                "Distance__km_": 1121.0,
                "Flights_per_Day": 2.0,
                "Latitude": 37.22330093,
                "Longitude": 40.63169861,
                "Altitude": 1729,
                "Name": "Mardin Airport",
                "StartLon": 28.751944,
                "StartLat": 41.275278,
                "ORIG_FID": 90,
                "Shape_Length": 12.560212785022058,
                "Country": "Turkey"
            }
        },
        {
            "type": "Feature",
            "id": 86,
            "geometry": {
                "type": "LineString",
                "coordinates": [
                    [
                        28.751944000000037,
                        41.27527800000007
                    ],
                    [
                        28.749961813000027,
                        41.284156403000054
                    ],
                    [
                        28.23670644500004,
                        43.50220001000008
                    ],
                    [
                        27.684454008000046,
                        45.71690262000004
                    ],
                    [
                        27.08679255000004,
                        47.92785588000004
                    ],
                    [
                        26.435946323000053,
                        50.134568675000025
                    ],
                    [
                        25.722388184000067,
                        52.33644159700003
                    ],
                    [
                        24.93431494400005,
                        54.53273215000007
                    ],
                    [
                        24.056926651000026,
                        56.72250660900005
                    ],
                    [
                        23.971099854000045,
                        56.92359924300007
                    ]
                ]
            },
            "properties": {
                "OID": 86,
                "Departure_Airport": "IST",
                "Destination_Code": "RIX",
                "Destination_Name": "Riga",
                "Airline": "Turkish Airlines",
                "Duration__minutes_": 200,
                "Reverse_Duration__minutes_": 210,
                "Distance__km_": 1784.0,
                "Flights_per_Day": 2.0,
                "Latitude": 56.92359924316406,
                "Longitude": 23.971099853515625,
                "Altitude": 36,
                "Name": "Riga International Airport",
                "StartLon": 28.751944,
                "StartLat": 41.275278,
                "ORIG_FID": 91,
                "Shape_Length": 16.38542656397796,
                "Country": "Latvia"
            }
        },
        {
            "type": "Feature",
            "id": 87,
            "geometry": {
                "type": "LineString",
                "coordinates": [
                    [
                        28.751944000000037,
                        41.27527800000007
                    ],
                    [
                        28.740178339000067,
                        41.27678972800004
                    ],
                    [
                        25.782745507000072,
                        41.616686911000045
                    ],
                    [
                        22.797651619000078,
                        41.879747440000074
                    ],
                    [
                        21.62140100000005,
                        41.96160100000003
                    ]
                ]
            },
            "properties": {
                "OID": 87,
                "Departure_Airport": "IST",
                "Destination_Code": "SKP",
                "Destination_Name": "Skopje",
                "Airline": "Turkish Airlines",
                "Duration__minutes_": 95,
                "Reverse_Duration__minutes_": 105,
                "Distance__km_": 599.0,
                "Flights_per_Day": 2.0,
                "Latitude": 41.961601,
                "Longitude": 21.621401,
                "Altitude": 781,
                "Name": "Skopje Alexander the Great Airport",
                "StartLon": 28.751944,
                "StartLat": 41.275278,
                "ORIG_FID": 92,
                "Shape_Length": 7.164701558934342,
                "Country": "Macedonia"
            }
        },
        {
            "type": "Feature",
            "id": 88,
            "geometry": {
                "type": "LineString",
                "coordinates": [
                    [
                        28.751944000000037,
                        41.27527800000007
                    ],
                    [
                        28.76345676400007,
                        41.27290805700005
                    ],
                    [
                        31.614836181000044,
                        40.64474466100006
                    ],
                    [
                        34.41038127300004,
                        39.94745725700005
                    ],
                    [
                        37.14711721800006,
                        39.18406920700005
                    ],
                    [
                        39.822912888000076,
                        38.35771020000004
                    ],
                    [
                        41.11660004000004,
                        37.92900085000008
                    ]
                ]
            },
            "properties": {
                "OID": 88,
                "Departure_Airport": "IST",
                "Destination_Code": "BAL",
                "Destination_Name": "Batman",
                "Airline": "Turkish Airlines",
                "Duration__minutes_": 115,
                "Reverse_Duration__minutes_": 145,
                "Distance__km_": 1125.0,
                "Flights_per_Day": 2.0,
                "Latitude": 37.92900085,
                "Longitude": 41.11660004,
                "Altitude": 1822,
                "Name": "Batman Airport",
                "StartLon": 28.751944,
                "StartLat": 41.275278,
                "ORIG_FID": 93,
                "Shape_Length": 12.8176478043484,
                "Country": "Turkey"
            }
        },
        {
            "type": "Feature",
            "id": 89,
            "geometry": {
                "type": "LineString",
                "coordinates": [
                    [
                        28.751944000000037,
                        41.27527800000007
                    ],
                    [
                        28.742646601000047,
                        41.280920353000056
                    ],
                    [
                        26.367066543000078,
                        42.667039342000066
                    ],
                    [
                        23.885604624000052,
                        44.001361477000046
                    ],
                    [
                        21.292849320000073,
                        45.27905915600007
                    ],
                    [
                        18.584008923000056,
                        46.49496915200007
                    ],
                    [
                        15.755190752000033,
                        47.64361243500008
                    ],
                    [
                        12.80372571600003,
                        48.71923166300007
                    ],
                    [
                        9.728530169000067,
                        49.715850224000064
                    ],
                    [
                        6.5304890530000534,
                        50.62735620700005
                    ],
                    [
                        3.2128348090000713,
                        51.447613613000044
                    ],
                    [
                        -0.21851342499996917,
                        52.17060114000003
                    ],
                    [
                        -1.7480299469999636,
                        52.45389938000005
                    ]
                ]
            },
            "properties": {
                "OID": 89,
                "Departure_Airport": "IST",
                "Destination_Code": "BHX",
                "Destination_Name": "Birmingham",
                "Airline": "Turkish Airlines",
                "Duration__minutes_": 265,
                "Reverse_Duration__minutes_": 250,
                "Distance__km_": 2618.0,
                "Flights_per_Day": 2.0,
                "Latitude": 52.45389938,
                "Longitude": -1.748029947,
                "Altitude": 327,
                "Name": "Birmingham International Airport",
                "StartLon": 28.751944,
                "StartLat": 41.275278,
                "ORIG_FID": 94,
                "Shape_Length": 32.67239512960751,
                "Country": "United Kingdom"
            }
        },
        {
            "type": "Feature",
            "id": 90,
            "geometry": {
                "type": "LineString",
                "coordinates": [
                    [
                        28.751944000000037,
                        41.27527800000007
                    ],
                    [
                        28.763361562000057,
                        41.27265563900005
                    ],
                    [
                        31.58849733200003,
                        40.582015381000076
                    ],
                    [
                        34.35334254700007,
                        39.82364593500006
                    ],
                    [
                        37.055549865000046,
                        39.000758543000074
                    ],
                    [
                        39.693616062000046,
                        38.11663324700004
                    ],
                    [
                        42.266812524000045,
                        37.174575796000056
                    ],
                    [
                        44.77510546500008,
                        36.17788031600003
                    ],
                    [
                        47.21907101700003,
                        35.12979799500005
                    ],
                    [
                        49.599809479000044,
                        34.03351166300007
                    ],
                    [
                        51.91886213200007,
                        32.89211595800003
                    ],
                    [
                        54.178133056000036,
                        31.708602575000043
                    ],
                    [
                        56.37981760300005,
                        30.485850034000066
                    ],
                    [
                        58.52633844700006,
                        29.226617341000065
                    ],
                    [
                        60.62028961100003,
                        27.933540924000056
                    ],
                    [
                        62.66438839500006,
                        26.60913428500004
                    ],
                    [
                        64.66143487600004,
                        25.255789805000063
                    ],
                    [
                        66.61427843500007,
                        23.875782272000038
                    ],
                    [
                        68.52579064400004,
                        22.471273687000064
                    ],
                    [
                        70.39884382000008,
                        21.044319039000072
                    ],
                    [
                        72.23629452600005,
                        19.59687275300007
                    ],
                    [
                        72.86789703000005,
                        19.088699340000062
                    ]
                ]
            },
            "properties": {
                "OID": 90,
                "Departure_Airport": "IST",
                "Destination_Code": "BOM",
                "Destination_Name": "Mumbai",
                "Airline": "Turkish Airlines",
                "Duration__minutes_": 375,
                "Reverse_Duration__minutes_": 480,
                "Distance__km_": 4859.0,
                "Flights_per_Day": 2.0,
                "Latitude": 19.08869934,
                "Longitude": 72.86789703,
                "Altitude": 39,
                "Name": "Chhatrapati Shivaji International Airport",
                "StartLon": 28.751944,
                "StartLat": 41.275278,
                "ORIG_FID": 95,
                "Shape_Length": 49.83379311603959,
                "Country": "India"
            }
        },
        {
            "type": "Feature",
            "id": 91,
            "geometry": {
                "type": "LineString",
                "coordinates": [
                    [
                        28.751944000000037,
                        41.27527800000007
                    ],
                    [
                        28.742808043000025,
                        41.281068160000075
                    ],
                    [
                        26.407080734000033,
                        42.70494645400004
                    ],
                    [
                        23.964079726000023,
                        44.078652411000064
                    ],
                    [
                        21.407743811000046,
                        45.39736303600006
                    ],
                    [
                        18.732520607000026,
                        46.65588829600006
                    ],
                    [
                        15.933646327000076,
                        47.848682858000075
                    ],
                    [
                        13.007479686000067,
                        48.96987503400004
                    ],
                    [
                        9.95188502800005,
                        50.01331738700003
                    ],
                    [
                        7.1427397730000735,
                        50.86589813000006
                    ]
                ]
            },
            "properties": {
                "OID": 91,
                "Departure_Airport": "IST",
                "Destination_Code": "CGN",
                "Destination_Name": "Cologne",
                "Airline": "Turkish Airlines",
                "Duration__minutes_": 215,
                "Reverse_Duration__minutes_": 205,
                "Distance__km_": 1977.0,
                "Flights_per_Day": 2.0,
                "Latitude": 50.86589813,
                "Longitude": 7.142739773,
                "Altitude": 302,
                "Name": "Cologne Bonn Airport",
                "StartLon": 28.751944,
                "StartLat": 41.275278,
                "ORIG_FID": 96,
                "Shape_Length": 23.7238085258921,
                "Country": "Germany"
            }
        },
        {
            "type": "Feature",
            "id": 92,
            "geometry": {
                "type": "LineString",
                "coordinates": [
                    [
                        28.751944000000037,
                        41.27527800000007
                    ],
                    [
                        28.740033408000045,
                        41.274734876000025
                    ],
                    [
                        25.769724019000023,
                        41.100421856000025
                    ],
                    [
                        22.81848042400003,
                        40.84999266500006
                    ],
                    [
                        19.892660944000056,
                        40.52467198900007
                    ],
                    [
                        16.99814015900006,
                        40.12601527900006
                    ],
                    [
                        14.14021970300007,
                        39.65587573500005
                    ],
                    [
                        11.323562243000026,
                        39.11636695900006
                    ],
                    [
                        8.552149385000064,
                        38.509822961000054
                    ],
                    [
                        5.829262711000069,
                        37.838757147000024
                    ],
                    [
                        3.1574859140000626,
                        37.10582178300007
                    ],
                    [
                        0.5387251160000233,
                        36.31376920400004
                    ],
                    [
                        -2.02575608799998,
                        35.46541575100008
                    ],
                    [
                        -4.53529049499997,
                        34.56360916500006
                    ],
                    [
                        -6.989753606999955,
                        33.611199888000044
                    ],
                    [
                        -7.589970111999946,
                        33.36750030500008
                    ]
                ]
            },
            "properties": {
                "OID": 92,
                "Departure_Airport": "IST",
                "Destination_Code": "CMN",
                "Destination_Name": "Casablanca",
                "Airline": "Royal Air Maroc",
                "Duration__minutes_": 290,
                "Reverse_Duration__minutes_": 290,
                "Distance__km_": 3321.0,
                "Flights_per_Day": 2.0,
                "Latitude": 33.36750030517578,
                "Longitude": -7.589970112,
                "Altitude": 656,
                "Name": "Mohammed V International Airport",
                "StartLon": 28.751944,
                "StartLat": 41.275278,
                "ORIG_FID": 97,
                "Shape_Length": 37.37626844448196,
                "Country": "Morocco"
            }
        },
        {
            "type": "Feature",
            "id": 93,
            "geometry": {
                "type": "LineString",
                "coordinates": [
                    [
                        28.751944000000037,
                        41.27527800000007
                    ],
                    [
                        28.763868546000026,
                        41.27493767200008
                    ],
                    [
                        31.73995597700008,
                        41.15119183100006
                    ],
                    [
                        34.70143267900005,
                        40.95090239600006
                    ],
                    [
                        37.641720339000074,
                        40.67505700300006
                    ],
                    [
                        40.554650802000026,
                        40.324990660000026
                    ],
                    [
                        43.43456845400004,
                        39.90235671600004
                    ],
                    [
                        46.276411031000066,
                        39.40909247500008
                    ],
                    [
                        49.07576707100003,
                        38.84738106800006
                    ],
                    [
                        51.82890982100008,
                        38.21961126800005
                    ],
                    [
                        54.53280882800004,
                        37.52833680700007
                    ],
                    [
                        57.18512153100005,
                        36.77623660000006
                    ],
                    [
                        59.78416796300007,
                        35.96607705400004
                    ],
                    [
                        62.32889207100004,
                        35.10067734900008
                    ],
                    [
                        64.81881321800006,
                        34.18287830600008
                    ],
                    [
                        67.25397130300007,
                        33.215515218000064
                    ],
                    [
                        69.63486856100008,
                        32.201394771000025
                    ],
                    [
                        71.96241061000006,
                        31.14327600000007
                    ],
                    [
                        74.23784885600008,
                        30.04385510700007
                    ],
                    [
                        76.46272580100003,
                        28.905753826000023
                    ],
                    [
                        77.10310400000003,
                        28.566500000000076
                    ]
                ]
            },
            "properties": {
                "OID": 93,
                "Departure_Airport": "IST",
                "Destination_Code": "DEL",
                "Destination_Name": "Delhi",
                "Airline": "Turkish Airlines",
                "Duration__minutes_": 355,
                "Reverse_Duration__minutes_": 460,
                "Distance__km_": 4589.0,
                "Flights_per_Day": 2.0,
                "Latitude": 28.5665,
                "Longitude": 77.103104,
                "Altitude": 777,
                "Name": "Indira Gandhi International Airport",
                "StartLon": 28.751944,
                "StartLat": 41.275278,
                "ORIG_FID": 98,
                "Shape_Length": 50.44878781567832,
                "Country": "India"
            }
        },
        {
            "type": "Feature",
            "id": 94,
            "geometry": {
                "type": "LineString",
                "coordinates": [
                    [
                        28.751944000000037,
                        41.27527800000007
                    ],
                    [
                        28.757959382000024,
                        41.26750982200008
                    ],
                    [
                        30.218762188000028,
                        39.315677651000044
                    ],
                    [
                        31.600203486000055,
                        37.345847537000054
                    ],
                    [
                        32.300598000000036,
                        36.299217000000056
                    ]
                ]
            },
            "properties": {
                "OID": 94,
                "Departure_Airport": "IST",
                "Destination_Code": "GZP",
                "Destination_Name": "Gazipasa",
                "Airline": "Turkish Airlines",
                "Duration__minutes_": 85,
                "Reverse_Duration__minutes_": 100,
                "Distance__km_": 637.0,
                "Flights_per_Day": 2.0,
                "Latitude": 36.299217,
                "Longitude": 32.300598,
                "Altitude": 86,
                "Name": "Gazipa\u015fa Airport",
                "StartLon": 28.751944,
                "StartLat": 41.275278,
                "ORIG_FID": 99,
                "Shape_Length": 6.113291168192734,
                "Country": "Turkey"
            }
        },
        {
            "type": "Feature",
            "id": 95,
            "geometry": {
                "type": "LineString",
                "coordinates": [
                    [
                        28.751944000000037,
                        41.27527800000007
                    ],
                    [
                        28.74384484600006,
                        41.281888743000025
                    ],
                    [
                        26.666264866000063,
                        42.91579745300004
                    ],
                    [
                        24.477352057000076,
                        44.50951770000006
                    ],
                    [
                        22.167570579000028,
                        46.05852695200008
                    ],
                    [
                        19.727100593000046,
                        47.557795404000046
                    ],
                    [
                        17.14604011600005,
                        49.001746223000055
                    ],
                    [
                        14.414695943000027,
                        50.38422426500006
                    ],
                    [
                        11.523983014000066,
                        51.69847933400007
                    ],
                    [
                        9.685079575000032,
                        52.461101530000064
                    ]
                ]
            },
            "properties": {
                "OID": 95,
                "Departure_Airport": "IST",
                "Destination_Code": "HAJ",
                "Destination_Name": "Hanover",
                "Airline": "Turkish Airlines",
                "Duration__minutes_": 205,
                "Reverse_Duration__minutes_": 200,
                "Distance__km_": 1910.0,
                "Flights_per_Day": 2.0,
                "Latitude": 52.46110153,
                "Longitude": 9.685079575,
                "Altitude": 183,
                "Name": "Hannover Airport",
                "StartLon": 28.751944,
                "StartLat": 41.275278,
                "ORIG_FID": 100,
                "Shape_Length": 22.1929181675865,
                "Country": "Germany"
            }
        },
        {
            "type": "Feature",
            "id": 96,
            "geometry": {
                "type": "LineString",
                "coordinates": [
                    [
                        28.751944000000037,
                        41.27527800000007
                    ],
                    [
                        28.750752099000067,
                        41.28423374000005
                    ],
                    [
                        28.44202849900006,
                        43.52232213100007
                    ],
                    [
                        28.109601422000026,
                        45.75863458600003
                    ],
                    [
                        27.749508029000026,
                        47.99302136000006
                    ],
                    [
                        27.356920514000024,
                        50.22530530700004
                    ],
                    [
                        26.92589140000007,
                        52.455272112000046
                    ],
                    [
                        26.449004295000066,
                        54.68265683900006
                    ],
                    [
                        25.916886650000038,
                        56.90712513700004
                    ],
                    [
                        25.31751681800006,
                        59.12824643500005
                    ],
                    [
                        24.963300700000048,
                        60.31719971000007
                    ]
                ]
            },
            "properties": {
                "OID": 96,
                "Departure_Airport": "IST",
                "Destination_Code": "HEL",
                "Destination_Name": "Helsinki",
                "Airline": "Turkish Airlines",
                "Duration__minutes_": 230,
                "Reverse_Duration__minutes_": 240,
                "Distance__km_": 2146.0,
                "Flights_per_Day": 2.0,
                "Latitude": 60.31719971,
                "Longitude": 24.9633007,
                "Altitude": 179,
                "Name": "Helsinki Vantaa Airport",
                "StartLon": 28.751944,
                "StartLat": 41.275278,
                "ORIG_FID": 101,
                "Shape_Length": 19.436777227081617,
                "Country": "Finland"
            }
        },
        {
            "type": "Feature",
            "id": 97,
            "geometry": {
                "type": "LineString",
                "coordinates": [
                    [
                        28.751944000000037,
                        41.27527800000007
                    ],
                    [
                        28.742737203000047,
                        41.28100747800005
                    ],
                    [
                        26.38947760800005,
                        42.68936170200004
                    ],
                    [
                        23.92945478400003,
                        44.04682946400004
                    ],
                    [
                        21.35687625500003,
                        45.348580525000045
                    ],
                    [
                        18.66650689000005,
                        46.58943030800003
                    ],
                    [
                        15.85394926500004,
                        47.76385511700005
                    ],
                    [
                        12.915974576000053,
                        48.86602483000007
                    ],
                    [
                        9.85089778500003,
                        49.88985728200004
                    ],
                    [
                        6.658982554000033,
                        50.82909825300004
                    ],
                    [
                        3.342851413000062,
                        51.677430048000076
                    ],
                    [
                        -0.09213451899995562,
                        52.42860975900004
                    ],
                    [
                        -3.637572061999947,
                        53.07663552000008
                    ],
                    [
                        -7.281840834999969,
                        53.61593528600008
                    ],
                    [
                        -11.010107609999977,
                        54.04156843800007
                    ],
                    [
                        -14.804550243999927,
                        54.34942641600003
                    ],
                    [
                        -18.644819161999976,
                        54.53641561300003
                    ],
                    [
                        -22.50872312699994,
                        54.600604901000054
                    ],
                    [
                        -26.373091315999943,
                        54.54132204900003
                    ],
                    [
                        -30.214733458999945,
                        54.35918807500008
                    ],
                    [
                        -34.01140196199998,
                        54.05608549500005
                    ],
                    [
                        -37.74265953999998,
                        53.635064208000074
                    ],
                    [
                        -41.39057314499996,
                        53.100195721000034
                    ],
                    [
                        -44.940184845999966,
                        52.45639133100008
                    ],
                    [
                        -48.379745052999965,
                        51.70920186400008
                    ],
                    [
                        -51.70072494599998,
                        50.86461581800006
                    ],
                    [
                        -54.897647534999976,
                        49.92886986000008
                    ],
                    [
                        -57.967788277999944,
                        48.90828154700006
                    ],
                    [
                        -60.910797457999934,
                        47.80910989200004
                    ],
                    [
                        -63.728290468999944,
                        46.63744561200008
                    ],
                    [
                        -66.42344213699994,
                        45.39913005000005
                    ],
                    [
                        -69.00061004799994,
                        44.09969984300005
                    ],
                    [
                        -71.46500171199995,
                        42.74435344800003
                    ],
                    [
                        -73.82239214899994,
                        41.33793530600008
                    ],
                    [
                        -76.07889255699996,
                        39.88493361500008
                    ],
                    [
                        -77.45580291999994,
                        38.94449997000004
                    ]
                ]
            },
            "properties": {
                "OID": 97,
                "Departure_Airport": "IST",
                "Destination_Code": "IAD",
                "Destination_Name": "Dulles",
                "Airline": "Turkish Airlines",
                "Duration__minutes_": 685,
                "Reverse_Duration__minutes_": 610,
                "Distance__km_": 8433.0,
                "Flights_per_Day": 2.0,
                "Latitude": 38.94449997,
                "Longitude": -77.45580292,
                "Altitude": 312,
                "Name": "Washington Dulles International Airport",
                "StartLon": 28.751944,
                "StartLat": 41.275278,
                "ORIG_FID": 102,
                "Shape_Length": 111.69076333926962,
                "Country": "United States"
            }
        },
        {
            "type": "Feature",
            "id": 98,
            "geometry": {
                "type": "LineString",
                "coordinates": [
                    [
                        28.751944000000037,
                        41.27527800000007
                    ],
                    [
                        28.76249960100006,
                        41.27108409400006
                    ],
                    [
                        31.35920033700006,
                        40.19283529000006
                    ],
                    [
                        33.87286168900005,
                        39.05797867800004
                    ],
                    [
                        36.305521620000036,
                        37.87044808200005
                    ],
                    [
                        36.953521730000034,
                        37.53882599000008
                    ]
                ]
            },
            "properties": {
                "OID": 98,
                "Departure_Airport": "IST",
                "Destination_Code": "KCM",
                "Destination_Name": "Kahramanmaras",
                "Airline": "Turkish Airlines",
                "Duration__minutes_": 105,
                "Reverse_Duration__minutes_": 120,
                "Distance__km_": 821.0,
                "Flights_per_Day": 2.0,
                "Latitude": 37.53882599,
                "Longitude": 36.95352173,
                "Altitude": 1723,
                "Name": "Kahramanmara\u015f Airport",
                "StartLon": 28.751944,
                "StartLat": 41.275278,
                "ORIG_FID": 103,
                "Shape_Length": 9.016279070552594,
                "Country": "Turkey"
            }
        },
        {
            "type": "Feature",
            "id": 99,
            "geometry": {
                "type": "LineString",
                "coordinates": [
                    [
                        28.751944000000037,
                        41.27527800000007
                    ],
                    [
                        28.763725369000042,
                        41.27383860000003
                    ],
                    [
                        31.691846914000052,
                        40.876460665000025
                    ],
                    [
                        34.58197836900007,
                        40.40565651800006
                    ],
                    [
                        37.429128723000076,
                        39.86362112300003
                    ],
                    [
                        40.22904240400004,
                        39.25278424500004
                    ],
                    [
                        42.97822038500004,
                        38.57576590800005
                    ],
                    [
                        45.673917568000036,
                        37.83533237100005
                    ],
                    [
                        48.31411979000006,
                        37.03435404700008
                    ],
                    [
                        50.89750441000007,
                        36.17576649200004
                    ],
                    [
                        53.423388671000055,
                        35.262535240000034
                    ],
                    [
                        55.89166985000003,
                        34.297625002000075
                    ],
                    [
                        58.30276089400007,
                        33.28397339900005
                    ],
                    [
                        60.65752464800005,
                        32.22446925600008
                    ],
                    [
                        62.95720923300007,
                        31.121935234000034
                    ],
                    [
                        65.20338647100004,
                        29.979114498000058
                    ],
                    [
                        67.39789473400003,
                        28.798661021000044
                    ],
                    [
                        69.54278706000008,
                        27.58313309500005
                    ],
                    [
                        71.64028498300007,
                        26.334989587000052
                    ],
                    [
                        73.69273820300003,
                        25.05658852700003
                    ],
                    [
                        75.70258996300004,
                        23.750187609000022
                    ],
                    [
                        77.67234784800007,
                        22.417946242000028
                    ],
                    [
                        79.60455959700005,
                        21.061928830000056
                    ],
                    [
                        81.50179346200008,
                        19.684108997000067
                    ],
                    [
                        83.36662262900006,
                        18.28637452600003
                    ],
                    [
                        85.20161320800008,
                        16.870532810000043
                    ],
                    [
                        87.00931532500005,
                        15.438316660000055
                    ],
                    [
                        88.79225687700006,
                        13.99139033800003
                    ],
                    [
                        90.55293956400004,
                        12.531355726000072
                    ],
                    [
                        92.29383681900003,
                        11.059758549000037
                    ],
                    [
                        94.01739334400008,
                        9.57809459300006
                    ],
                    [
                        95.72602595900008,
                        8.087815904000024
                    ],
                    [
                        97.42212553200005,
                        6.590336910000076
                    ],
                    [
                        99.10805977100006,
                        5.087040494000064
                    ],
                    [
                        100.78617671100005,
                        3.5792839800000706
                    ],
                    [
                        101.70999910000006,
                        2.7455799580000644
                    ]
                ]
            },
            "properties": {
                "OID": 99,
                "Departure_Airport": "IST",
                "Destination_Code": "KUL",
                "Destination_Name": "Kuala Lumpur",
                "Airline": "Turkish Airlines",
                "Duration__minutes_": 615,
                "Reverse_Duration__minutes_": 690,
                "Distance__km_": 8433.0,
                "Flights_per_Day": 2.0,
                "Latitude": 2.745579958,
                "Longitude": 101.7099991,
                "Altitude": 69,
                "Name": "Kuala Lumpur International Airport",
                "StartLon": 28.751944,
                "StartLat": 41.275278,
                "ORIG_FID": 104,
                "Shape_Length": 84.04887653979863,
                "Country": "Malaysia"
            }
        },
        {
            "type": "Feature",
            "id": 100,
            "geometry": {
                "type": "LineString",
                "coordinates": [
                    [
                        28.751944000000037,
                        41.27527800000007
                    ],
                    [
                        28.74651605300005,
                        41.28329641600004
                    ],
                    [
                        27.34605995800007,
                        43.27915472400008
                    ],
                    [
                        25.851398396000036,
                        45.25602025400008
                    ],
                    [
                        24.24986885100003,
                        47.21124548300003
                    ],
                    [
                        22.52690177200003,
                        49.141722094000045
                    ],
                    [
                        20.665716388000078,
                        51.04378189300007
                    ],
                    [
                        18.646990619000064,
                        52.913075493000065
                    ],
                    [
                        16.448522291000074,
                        54.744424534000075
                    ],
                    [
                        14.044916304000026,
                        56.53164332600005
                    ],
                    [
                        11.407361017000028,
                        58.267326945000036
                    ],
                    [
                        8.503601787000036,
                        59.94260589800007
                    ],
                    [
                        5.298285476000046,
                        61.54687399300008
                    ],
                    [
                        1.7539386050000303,
                        63.06750825100005
                    ],
                    [
                        -2.167055738999977,
                        64.48962027000005
                    ],
                    [
                        -6.499037367999961,
                        65.79590981600006
                    ],
                    [
                        -11.267788165999946,
                        66.96673242500003
                    ],
                    [
                        -16.483260666999968,
                        67.98053370800005
                    ],
                    [
                        -22.130909868999936,
                        68.81481766900004
                    ],
                    [
                        -28.163434834999975,
                        69.44776007100006
                    ],
                    [
                        -34.49606064099993,
                        69.86040632900006
                    ],
                    [
                        -41.00892098299994,
                        70.03911382200005
                    ],
                    [
                        -47.558462917999975,
                        69.97762806700007
                    ],
                    [
                        -53.99606537899996,
                        69.67812558200006
                    ],
                    [
                        -60.18830997099997,
                        69.15084442600005
                    ],
                    [
                        -66.03240873999994,
                        68.41243983200008
                    ],
                    [
                        -71.46295622699995,
                        67.48363375600007
                    ],
                    [
                        -76.45028325599998,
                        66.38683573300005
                    ],
                    [
                        -80.99347614799996,
                        65.14422048200004
                    ],
                    [
                        -85.11159503499994,
                        63.77645034000005
                    ],
                    [
                        -88.83557978099998,
                        62.301999427000055
                    ],
                    [
                        -92.20197893199997,
                        60.73692771700007
                    ],
                    [
                        -95.24866174199997,
                        59.094939484000065
                    ],
                    [
                        -98.01219291699994,
                        57.387593139000046
                    ],
                    [
                        -100.52641771799995,
                        55.624572544000046
                    ],
                    [
                        -102.82184660899998,
                        53.81396642800007
                    ],
                    [
                        -104.92552697299999,
                        51.96252825700003
                    ],
                    [
                        -106.86118731999994,
                        50.075904801000036
                    ],
                    [
                        -108.64951671199998,
                        48.15883066200007
                    ],
                    [
                        -110.30849663999999,
                        46.21529053800003
                    ],
                    [
                        -111.85373839199997,
                        44.24865294400007
                    ],
                    [
                        -113.29880127899997,
                        42.26177965800008
                    ],
                    [
                        -114.65548047099998,
                        40.257114985000044
                    ],
                    [
                        -115.93406081099994,
                        38.23675849700004
                    ],
                    [
                        -117.14353712999997,
                        36.202524339000036
                    ],
                    [
                        -118.29180362299996,
                        34.15598968000006
                    ],
                    [
                        -118.40799709999999,
                        33.94250107000005
                    ]
                ]
            },
            "properties": {
                "OID": 100,
                "Departure_Airport": "IST",
                "Destination_Code": "LAX",
                "Destination_Name": "Los Angeles",
                "Airline": "Turkish Airlines",
                "Duration__minutes_": 845,
                "Reverse_Duration__minutes_": 800,
                "Distance__km_": 11062.0,
                "Flights_per_Day": 2.0,
                "Latitude": 33.94250107,
                "Longitude": -118.4079971,
                "Altitude": 125,
                "Name": "Los Angeles International Airport",
                "StartLon": 28.751944,
                "StartLat": 41.275278,
                "ORIG_FID": 105,
                "Shape_Length": 169.42627959300103,
                "Country": "United States"
            }
        },
        {
            "type": "Feature",
            "id": 101,
            "geometry": {
                "type": "LineString",
                "coordinates": [
                    [
                        28.751944000000037,
                        41.27527800000007
                    ],
                    [
                        28.74011988500007,
                        41.27648947900008
                    ],
                    [
                        25.77145097500005,
                        41.54101340400007
                    ],
                    [
                        22.782055011000068,
                        41.72832841600007
                    ],
                    [
                        19.77888990200006,
                        41.837483242000076
                    ],
                    [
                        16.76919478900004,
                        41.867916929000046
                    ],
                    [
                        13.76034394100003,
                        41.819472200000064
                    ],
                    [
                        10.75969408900005,
                        41.692399230000035
                    ],
                    [
                        7.774432628000056,
                        41.48734964600004
                    ],
                    [
                        4.8114339970000515,
                        41.20536106600008
                    ],
                    [
                        1.8771308630000476,
                        40.847833069000046
                    ],
                    [
                        -1.02259459499993,
                        40.416495879000024
                    ],
                    [
                        -3.8824956339999517,
                        39.91337339200004
                    ],
                    [
                        -6.698020296999971,
                        39.34074233500007
                    ],
                    [
                        -9.135919999999942,
                        38.781300000000044
                    ]
                ]
            },
            "properties": {
                "OID": 101,
                "Departure_Airport": "IST",
                "Destination_Code": "LIS",
                "Destination_Name": "Lisbon",
                "Airline": "Turkish Airlines",
                "Duration__minutes_": 310,
                "Reverse_Duration__minutes_": 295,
                "Distance__km_": 3228.0,
                "Flights_per_Day": 2.0,
                "Latitude": 38.7813,
                "Longitude": -9.13592,
                "Altitude": 374,
                "Name": "Humberto Delgado Airport (Lisbon Portela Airport)",
                "StartLon": 28.751944,
                "StartLat": 41.275278,
                "ORIG_FID": 106,
                "Shape_Length": 38.150807732700976,
                "Country": "Portugal"
            }
        },
        {
            "type": "Feature",
            "id": 102,
            "geometry": {
                "type": "LineString",
                "coordinates": [
                    [
                        28.751944000000037,
                        41.27527800000007
                    ],
                    [
                        28.741650366000044,
                        41.27982681200007
                    ],
                    [
                        26.123068511000042,
                        42.387318812000046
                    ],
                    [
                        23.413478663000035,
                        43.43270122300004
                    ],
                    [
                        20.61207896800005,
                        44.41150337400006
                    ],
                    [
                        17.719187732000023,
                        45.31917041400004
                    ],
                    [
                        14.736431367000023,
                        46.151123933000065
                    ],
                    [
                        14.45760000000007,
                        46.22370100000006
                    ]
                ]
            },
            "properties": {
                "OID": 102,
                "Departure_Airport": "IST",
                "Destination_Code": "LJU",
                "Destination_Name": "Ljubljana",
                "Airline": "Turkish Airlines",
                "Duration__minutes_": 140,
                "Reverse_Duration__minutes_": 150,
                "Distance__km_": 1278.0,
                "Flights_per_Day": 2.0,
                "Latitude": 46.223701,
                "Longitude": 14.4576,
                "Altitude": 1273,
                "Name": "Ljubljana Jo\u017ee Pu\u010dnik Airport",
                "StartLon": 28.751944,
                "StartLat": 41.275278,
                "ORIG_FID": 107,
                "Shape_Length": 15.143440136055393,
                "Country": "Slovenia"
            }
        },
        {
            "type": "Feature",
            "id": 103,
            "geometry": {
                "type": "LineString",
                "coordinates": [
                    [
                        28.751944000000037,
                        41.27527800000007
                    ],
                    [
                        28.740821809000067,
                        41.27202156800007
                    ],
                    [
                        25.995253263000052,
                        40.42474363000008
                    ],
                    [
                        23.320233548000033,
                        39.513789544000076
                    ],
                    [
                        20.716411266000023,
                        38.54275582400004
                    ],
                    [
                        18.183648493000078,
                        37.51521195500004
                    ],
                    [
                        15.721126180000056,
                        36.43466546500008
                    ],
                    [
                        14.477500000000077,
                        35.85749800000008
                    ]
                ]
            },
            "properties": {
                "OID": 103,
                "Departure_Airport": "IST",
                "Destination_Code": "MLA",
                "Destination_Name": "Malta",
                "Airline": "Turkish Airlines",
                "Duration__minutes_": 155,
                "Reverse_Duration__minutes_": 155,
                "Distance__km_": 1382.0,
                "Flights_per_Day": 2.0,
                "Latitude": 35.857498,
                "Longitude": 14.4775,
                "Altitude": 300,
                "Name": "Malta International Airport",
                "StartLon": 28.751944,
                "StartLat": 41.275278,
                "ORIG_FID": 108,
                "Shape_Length": 15.283727763914383,
                "Country": "Malta"
            }
        },
        {
            "type": "Feature",
            "id": 104,
            "geometry": {
                "type": "LineString",
                "coordinates": [
                    [
                        28.751944000000037,
                        41.27527800000007
                    ],
                    [
                        28.742742646000067,
                        41.28100685800007
                    ],
                    [
                        26.39087949000003,
                        42.68923436600005
                    ],
                    [
                        23.93232453400003,
                        44.04663563400004
                    ],
                    [
                        21.361284660000024,
                        45.348386428000026
                    ],
                    [
                        18.67252176200003,
                        46.589308377000066
                    ],
                    [
                        15.861632504000056,
                        47.76388405800003
                    ],
                    [
                        12.925378617000035,
                        48.866289504000065
                    ],
                    [
                        11.07805600000006,
                        49.498699000000045
                    ]
                ]
            },
            "properties": {
                "OID": 104,
                "Departure_Airport": "IST",
                "Destination_Code": "NUE",
                "Destination_Name": "Nuremberg",
                "Airline": "Turkish Airlines",
                "Duration__minutes_": 185,
                "Reverse_Duration__minutes_": 180,
                "Distance__km_": 1659.0,
                "Flights_per_Day": 2.0,
                "Latitude": 49.498699,
                "Longitude": 11.078056,
                "Altitude": 1046,
                "Name": "Nuremberg Airport",
                "StartLon": 28.751944,
                "StartLat": 41.275278,
                "ORIG_FID": 109,
                "Shape_Length": 19.539942854011585,
                "Country": "Germany"
            }
        },
        {
            "type": "Feature",
            "id": 105,
            "geometry": {
                "type": "LineString",
                "coordinates": [
                    [
                        28.751944000000037,
                        41.27527800000007
                    ],
                    [
                        28.74386935800004,
                        41.281908024000074
                    ],
                    [
                        26.672414452000055,
                        42.92074575300006
                    ],
                    [
                        24.489578677000054,
                        44.519618845000025
                    ],
                    [
                        22.185750012000028,
                        46.07401458700008
                    ],
                    [
                        19.751011821000077,
                        47.57891042800003
                    ],
                    [
                        17.175341408000065,
                        49.028733008000074
                    ],
                    [
                        14.448898032000045,
                        50.417325349000066
                    ],
                    [
                        11.562420373000066,
                        51.73792828400008
                    ],
                    [
                        8.507751128000052,
                        52.983184074000064
                    ],
                    [
                        5.278499020000027,
                        54.14517199000005
                    ],
                    [
                        1.8708336480000298,
                        55.21548700300008
                    ],
                    [
                        -1.715615512999932,
                        56.18537294400005
                    ],
                    [
                        -5.476818527999967,
                        57.04591964400004
                    ],
                    [
                        -9.403465772999937,
                        57.78832871100008
                    ],
                    [
                        -13.48029162399996,
                        58.40424410900005
                    ],
                    [
                        -17.68576553799994,
                        58.88613178500003
                    ],
                    [
                        -21.992305298999952,
                        59.22767899100006
                    ],
                    [
                        -26.367111912999974,
                        59.42417182400004
                    ],
                    [
                        -30.77362481399996,
                        59.47280331400003
                    ],
                    [
                        -35.173469814999976,
                        59.37286768900003
                    ],
                    [
                        -39.528657676999956,
                        59.12581049200003
                    ],
                    [
                        -43.803728787999944,
                        58.73512647400008
                    ],
                    [
                        -47.96755307199993,
                        58.206121634000056
                    ],
                    [
                        -51.99457860799998,
                        57.54557569700006
                    ],
                    [
                        -55.86544583199998,
                        56.761351802000036
                    ],
                    [
                        -59.56700518799994,
                        55.86199983300003
                    ],
                    [
                        -63.09186233599996,
                        54.85639112200005
                    ],
                    [
                        -66.43761373799998,
                        53.75340915900006
                    ],
                    [
                        -69.60593199899995,
                        52.56170761200008
                    ],
                    [
                        -72.60163013599998,
                        51.28953615800003
                    ],
                    [
                        -75.43179341099994,
                        49.94462737300006
                    ],
                    [
                        -78.10502859199994,
                        48.534134247000054
                    ],
                    [
                        -80.63084986799998,
                        47.06460687100008
                    ],
                    [
                        -83.01919986799999,
                        45.54199749700007
                    ],
                    [
                        -85.28009223699996,
                        43.971684837000055
                    ],
                    [
                        -87.42335681699996,
                        42.35851029100007
                    ],
                    [
                        -87.90479999999997,
                        41.97860000000003
                    ]
                ]
            },
            "properties": {
                "OID": 105,
                "Departure_Airport": "IST",
                "Destination_Code": "ORD",
                "Destination_Name": "Chicago",
                "Airline": "Turkish Airlines",
                "Duration__minutes_": 695,
                "Reverse_Duration__minutes_": 650,
                "Distance__km_": 8833.0,
                "Flights_per_Day": 2.0,
                "Latitude": 41.9786,
                "Longitude": -87.9048,
                "Altitude": 672,
                "Name": "Chicago O'Hare International Airport",
                "StartLon": 28.751944,
                "StartLat": 41.275278,
                "ORIG_FID": 110,
                "Shape_Length": 124.41084928279739,
                "Country": "United States"
            }
        },
        {
            "type": "Feature",
            "id": 106,
            "geometry": {
                "type": "LineString",
                "coordinates": [
                    [
                        28.751944000000037,
                        41.27527800000007
                    ],
                    [
                        28.762657653000076,
                        41.27924574700006
                    ],
                    [
                        31.481775406000054,
                        42.23913795100003
                    ],
                    [
                        34.281613406000076,
                        43.132485107000036
                    ],
                    [
                        37.16081591400007,
                        43.95522626600007
                    ],
                    [
                        40.116847094000036,
                        44.703345968000065
                    ],
                    [
                        43.14588343500003,
                        45.37294243000008
                    ],
                    [
                        46.24273953900007,
                        45.960303785000065
                    ],
                    [
                        49.400839252000026,
                        46.461990066000055
                    ],
                    [
                        52.61224285800006,
                        46.87491765200008
                    ],
                    [
                        55.867738116000055,
                        47.19644205600008
                    ],
                    [
                        59.15699830600005,
                        47.42443439700003
                    ],
                    [
                        62.468804584000054,
                        47.55734667300004
                    ],
                    [
                        65.79132343500004,
                        47.59426134600005
                    ],
                    [
                        69.11242390700005,
                        47.534921575000055
                    ],
                    [
                        72.42001463000008,
                        47.37973979900005
                    ],
                    [
                        75.70237818000004,
                        47.12978398200005
                    ],
                    [
                        78.94848069000005,
                        46.786742609000044
                    ],
                    [
                        82.14823761700006,
                        46.35287107600004
                    ],
                    [
                        85.29272168900008,
                        45.83092337800008
                    ],
                    [
                        88.37430534400005,
                        45.22407373900006
                    ],
                    [
                        91.38673640000007,
                        44.535833024000056
                    ],
                    [
                        94.32515136000006,
                        43.76996453500004
                    ],
                    [
                        97.18603493300009,
                        42.93040310400005
                    ],
                    [
                        99.96713696200004,
                        42.02118055500006
                    ],
                    [
                        102.66735880500005,
                        41.04635964100004
                    ],
                    [
                        105.28662082800008,
                        40.009977621000075
                    ],
                    [
                        107.82572128900006,
                        38.915999886000066
                    ],
                    [
                        110.28619499500007,
                        37.76828336400007
                    ],
                    [
                        112.67017806600006,
                        36.57054903900007
                    ],
                    [
                        114.98028314100009,
                        35.32636258800005
                    ],
                    [
                        117.2194876420001,
                        34.03912202600003
                    ],
                    [
                        119.39103632500007,
                        32.71205121600008
                    ],
                    [
                        121.49835826900005,
                        31.348198137000054
                    ],
                    [
                        121.80500030500002,
                        31.14340019200006
                    ]
                ]
            },
            "properties": {
                "OID": 106,
                "Departure_Airport": "IST",
                "Destination_Code": "PVG",
                "Destination_Name": "Shanghai",
                "Airline": "Turkish Airlines",
                "Duration__minutes_": 620,
                "Reverse_Duration__minutes_": 735,
                "Distance__km_": 8063.0,
                "Flights_per_Day": 2.0,
                "Latitude": 31.143400192260746,
                "Longitude": 121.80500030517578,
                "Altitude": 13,
                "Name": "Shanghai Pudong International Airport",
                "StartLon": 28.751944,
                "StartLat": 41.275278,
                "ORIG_FID": 111,
                "Shape_Length": 97.0227304788722,
                "Country": "China"
            }
        },
        {
            "type": "Feature",
            "id": 107,
            "geometry": {
                "type": "LineString",
                "coordinates": [
                    [
                        28.751944000000037,
                        41.27527800000007
                    ],
                    [
                        28.740863766000075,
                        41.27861884300006
                    ],
                    [
                        25.935690274000024,
                        42.07970475500008
                    ],
                    [
                        23.062254350000046,
                        42.81042791200008
                    ],
                    [
                        20.123886732000074,
                        43.467306241000074
                    ],
                    [
                        18.33149910000003,
                        43.824600220000036
                    ]
                ]
            },
            "properties": {
                "OID": 107,
                "Departure_Airport": "IST",
                "Destination_Code": "SJJ",
                "Destination_Name": "Sarajevo",
                "Airline": "Turkish Airlines",
                "Duration__minutes_": 120,
                "Reverse_Duration__minutes_": 125,
                "Distance__km_": 903.0,
                "Flights_per_Day": 2.0,
                "Latitude": 43.82460021972656,
                "Longitude": 18.331499099731445,
                "Altitude": 1708,
                "Name": "Sarajevo International Airport",
                "StartLon": 28.751944,
                "StartLat": 41.275278,
                "ORIG_FID": 112,
                "Shape_Length": 10.732667524995552,
                "Country": "Bosnia and Herzegovina"
            }
        },
        {
            "type": "Feature",
            "id": 108,
            "geometry": {
                "type": "LineString",
                "coordinates": [
                    [
                        28.751944000000037,
                        41.27527800000007
                    ],
                    [
                        28.74004467800006,
                        41.275929931000064
                    ],
                    [
                        25.75894000200003,
                        41.40020194600004
                    ],
                    [
                        22.77001080900004,
                        41.44700742400005
                    ],
                    [
                        19.78035180300003,
                        41.41610966500008
                    ],
                    [
                        19.720600130000037,
                        41.41469955000008
                    ]
                ]
            },
            "properties": {
                "OID": 108,
                "Departure_Airport": "IST",
                "Destination_Code": "TIA",
                "Destination_Name": "Tirana",
                "Airline": "Air Albania",
                "Duration__minutes_": 100,
                "Reverse_Duration__minutes_": 160,
                "Distance__km_": 756.0,
                "Flights_per_Day": 2.0,
                "Latitude": 41.41469955,
                "Longitude": 19.72060013,
                "Altitude": 126,
                "Name": "Tirana International Airport Mother Teresa",
                "StartLon": 28.751944,
                "StartLat": 41.275278,
                "ORIG_FID": 113,
                "Shape_Length": 9.034746112775023,
                "Country": "Albania"
            }
        },
        {
            "type": "Feature",
            "id": 109,
            "geometry": {
                "type": "LineString",
                "coordinates": [
                    [
                        28.751944000000037,
                        41.27527800000007
                    ],
                    [
                        28.76366158500008,
                        41.273630758000024
                    ],
                    [
                        31.67365267200006,
                        40.82473531200003
                    ],
                    [
                        34.54156104600003,
                        40.303439852000054
                    ],
                    [
                        36.903500000000065,
                        39.81380100000007
                    ]
                ]
            },
            "properties": {
                "OID": 109,
                "Departure_Airport": "IST",
                "Destination_Code": "VAS",
                "Destination_Name": "Sivas",
                "Airline": "Turkish Airlines",
                "Duration__minutes_": 90,
                "Reverse_Duration__minutes_": 105,
                "Distance__km_": 711.0,
                "Flights_per_Day": 2.0,
                "Latitude": 39.813801,
                "Longitude": 36.9035,
                "Altitude": 5239,
                "Name": "Sivas Nuri Demira\u011f Airport",
                "StartLon": 28.751944,
                "StartLat": 41.275278,
                "ORIG_FID": 114,
                "Shape_Length": 8.283526868204715,
                "Country": "Turkey"
            }
        },
        {
            "type": "Feature",
            "id": 110,
            "geometry": {
                "type": "LineString",
                "coordinates": [
                    [
                        28.751944000000037,
                        41.27527800000007
                    ],
                    [
                        28.740058244000068,
                        41.27608139000006
                    ],
                    [
                        25.760614523000072,
                        41.438273276000075
                    ],
                    [
                        22.769862954000075,
                        41.522980534000055
                    ],
                    [
                        19.774897251000027,
                        41.52977382000006
                    ],
                    [
                        16.78289711900004,
                        41.45861857600005
                    ],
                    [
                        13.800981703000048,
                        41.30987584500008
                    ],
                    [
                        10.836065932000054,
                        41.08429378900007
                    ],
                    [
                        7.894726523000031,
                        40.78299035900005
                    ],
                    [
                        4.983083546000046,
                        40.40742810200004
                    ],
                    [
                        2.1067021500000465,
                        39.95938239000003
                    ],
                    [
                        -0.48162499999995134,
                        39.48930000000007
                    ]
                ]
            },
            "properties": {
                "OID": 110,
                "Departure_Airport": "IST",
                "Destination_Code": "VLC",
                "Destination_Name": "Valencia",
                "Airline": "Turkish Airlines",
                "Duration__minutes_": 250,
                "Reverse_Duration__minutes_": 240,
                "Distance__km_": 2484.0,
                "Flights_per_Day": 2.0,
                "Latitude": 39.4893,
                "Longitude": -0.481625,
                "Altitude": 240,
                "Name": "Valencia Airport",
                "StartLon": 28.751944,
                "StartLat": 41.275278,
                "ORIG_FID": 115,
                "Shape_Length": 29.36970081574273,
                "Country": "Spain"
            }
        },
        {
            "type": "Feature",
            "id": 111,
            "geometry": {
                "type": "LineString",
                "coordinates": [
                    [
                        28.751944000000037,
                        41.27527800000007
                    ],
                    [
                        28.75015673300004,
                        41.28417626500004
                    ],
                    [
                        28.28733399200007,
                        43.50739370200006
                    ],
                    [
                        27.789250200000026,
                        45.72772875600003
                    ],
                    [
                        27.25008125200003,
                        47.94484827700006
                    ],
                    [
                        26.66275524300005,
                        50.15835227000008
                    ],
                    [
                        26.018594214000075,
                        52.36775282800005
                    ],
                    [
                        25.30682740900005,
                        54.572445333000076
                    ],
                    [
                        25.28580100000005,
                        54.63410200000004
                    ]
                ]
            },
            "properties": {
                "OID": 111,
                "Departure_Airport": "IST",
                "Destination_Code": "VNO",
                "Destination_Name": "Vilnius",
                "Airline": "Turkish Airlines",
                "Duration__minutes_": 185,
                "Reverse_Duration__minutes_": 190,
                "Distance__km_": 1516.0,
                "Flights_per_Day": 2.0,
                "Latitude": 54.634102,
                "Longitude": 25.285801,
                "Altitude": 648,
                "Name": "Vilnius International Airport",
                "StartLon": 28.751944,
                "StartLat": 41.275278,
                "ORIG_FID": 116,
                "Shape_Length": 13.810868943068497,
                "Country": "Lithuania"
            }
        },
        {
            "type": "Feature",
            "id": 112,
            "geometry": {
                "type": "LineString",
                "coordinates": [
                    [
                        28.751944000000037,
                        41.27527800000007
                    ],
                    [
                        28.74001400000003,
                        41.27541508300004
                    ],
                    [
                        25.757127447000073,
                        41.27088655000006
                    ],
                    [
                        22.778163084000028,
                        41.18914853600006
                    ],
                    [
                        19.81006463400007,
                        41.03061019100005
                    ],
                    [
                        16.859558953000032,
                        40.79605760800007
                    ],
                    [
                        13.933028284000045,
                        40.48663593800006
                    ],
                    [
                        11.036398079000037,
                        40.10382405400003
                    ],
                    [
                        8.175044589000038,
                        39.64940306500006
                    ],
                    [
                        5.353724870000065,
                        39.12542022800005
                    ],
                    [
                        2.5765302590000374,
                        38.53414989600003
                    ],
                    [
                        -0.15313716899993324,
                        37.878053124000076
                    ],
                    [
                        -2.832566897999925,
                        37.15973744900003
                    ],
                    [
                        -4.499110221999956,
                        36.67490005500008
                    ]
                ]
            },
            "properties": {
                "OID": 112,
                "Departure_Airport": "IST",
                "Destination_Code": "AGP",
                "Destination_Name": "Malaga",
                "Airline": "Turkish Airlines",
                "Duration__minutes_": 290,
                "Reverse_Duration__minutes_": 270,
                "Distance__km_": 2916.0,
                "Flights_per_Day": 2.0,
                "Latitude": 36.67490005493164,
                "Longitude": -4.499110222,
                "Altitude": 53,
                "Name": "M\u00e1laga Airport",
                "StartLon": 28.751944,
                "StartLat": 41.275278,
                "ORIG_FID": 117,
                "Shape_Length": 33.695936691563716,
                "Country": "Spain"
            }
        },
        {
            "type": "Feature",
            "id": 113,
            "geometry": {
                "type": "LineString",
                "coordinates": [
                    [
                        28.751944000000037,
                        41.27527800000007
                    ],
                    [
                        28.741621190000046,
                        41.27979276000008
                    ],
                    [
                        26.11597551600005,
                        42.37861099400004
                    ],
                    [
                        23.399866290000034,
                        43.41500818700007
                    ],
                    [
                        20.592628481000077,
                        44.38453193000004
                    ],
                    [
                        17.69472548400006,
                        45.28265364600003
                    ],
                    [
                        16.068799970000043,
                        45.74290085000007
                    ]
                ]
            },
            "properties": {
                "OID": 113,
                "Departure_Airport": "IST",
                "Destination_Code": "ZAG",
                "Destination_Name": "Zagreb",
                "Airline": "Turkish Airlines",
                "Duration__minutes_": 140,
                "Reverse_Duration__minutes_": 140,
                "Distance__km_": 1141.0,
                "Flights_per_Day": 2.0,
                "Latitude": 45.74290085,
                "Longitude": 16.06879997,
                "Altitude": 353,
                "Name": "Zagreb Airport",
                "StartLon": 28.751944,
                "StartLat": 41.275278,
                "ORIG_FID": 118,
                "Shape_Length": 13.458849616153794,
                "Country": "Croatia"
            }
        },
        {
            "type": "Feature",
            "id": 114,
            "geometry": {
                "type": "LineString",
                "coordinates": [
                    [
                        28.751944000000037,
                        41.27527800000007
                    ],
                    [
                        28.74092057200005,
                        41.278721000000075
                    ],
                    [
                        25.949000204000072,
                        42.105671622000045
                    ],
                    [
                        23.08672453500003,
                        42.86284984900004
                    ],
                    [
                        20.15712529700005,
                        43.54667276500004
                    ],
                    [
                        17.164362637000067,
                        44.15370696300005
                    ],
                    [
                        14.113758786000062,
                        44.68073553700003
                    ],
                    [
                        11.011791015000028,
                        45.12482786100003
                    ],
                    [
                        7.866037369000026,
                        45.48340923600006
                    ],
                    [
                        5.081111000000021,
                        45.72555600000004
                    ]
                ]
            },
            "properties": {
                "OID": 114,
                "Departure_Airport": "IST",
                "Destination_Code": "LYS",
                "Destination_Name": "Lyon",
                "Airline": "Turkish Airlines",
                "Duration__minutes_": 220,
                "Reverse_Duration__minutes_": 205,
                "Distance__km_": 1974.0,
                "Flights_per_Day": 1.0,
                "Latitude": 45.725556,
                "Longitude": 5.081111,
                "Altitude": 821,
                "Name": "Lyon Saint-Exup\u00e9ry Airport",
                "StartLon": 28.751944,
                "StartLat": 41.275278,
                "ORIG_FID": 119,
                "Shape_Length": 24.137923478495424,
                "Country": "France"
            }
        },
        {
            "type": "Feature",
            "id": 115,
            "geometry": {
                "type": "LineString",
                "coordinates": [
                    [
                        28.751944000000037,
                        41.27527800000007
                    ],
                    [
                        28.740413612000054,
                        41.277601434000076
                    ],
                    [
                        25.832934265000063,
                        41.821749942000054
                    ],
                    [
                        22.87926423700003,
                        42.29106604400005
                    ],
                    [
                        19.885087920000046,
                        42.68320438200004
                    ],
                    [
                        16.85687776700007,
                        42.99613560700004
                    ],
                    [
                        13.801801620000049,
                        43.228192843000045
                    ],
                    [
                        10.727598081000053,
                        43.37811190200006
                    ],
                    [
                        7.642424006000056,
                        43.44506301700005
                    ],
                    [
                        5.221424103000061,
                        43.43927192000007
                    ]
                ]
            },
            "properties": {
                "OID": 115,
                "Departure_Airport": "IST",
                "Destination_Code": "MRS",
                "Destination_Name": "Marseille",
                "Airline": "Turkish Airlines",
                "Duration__minutes_": 215,
                "Reverse_Duration__minutes_": 200,
                "Distance__km_": 1952.0,
                "Flights_per_Day": 1.0,
                "Latitude": 43.43927192,
                "Longitude": 5.221424103,
                "Altitude": 74,
                "Name": "Marseille Provence Airport",
                "StartLon": 28.751944,
                "StartLat": 41.275278,
                "ORIG_FID": 120,
                "Shape_Length": 23.673870285884657,
                "Country": "France"
            }
        },
        {
            "type": "Feature",
            "id": 116,
            "geometry": {
                "type": "LineString",
                "coordinates": [
                    [
                        28.751944000000037,
                        41.27527800000007
                    ],
                    [
                        28.763776457000063,
                        41.274120707000066
                    ],
                    [
                        31.70773192200005,
                        40.94688982400004
                    ],
                    [
                        34.619508875000065,
                        40.54526676300003
                    ],
                    [
                        37.49362261400006,
                        40.071155634000036
                    ],
                    [
                        40.32525835100006,
                        39.52672894900007
                    ],
                    [
                        43.11031487300005,
                        38.91438561000007
                    ],
                    [
                        45.84542350400005,
                        38.23670788900006
                    ],
                    [
                        46.23500061000004,
                        38.13389969000008
                    ]
                ]
            },
            "properties": {
                "OID": 116,
                "Departure_Airport": "IST",
                "Destination_Code": "TBZ",
                "Destination_Name": "Tabriz",
                "Airline": "ATA Airlines",
                "Duration__minutes_": 160,
                "Reverse_Duration__minutes_": 180,
                "Distance__km_": 1541.0,
                "Flights_per_Day": 1.0,
                "Latitude": 38.13389969,
                "Longitude": 46.23500061035156,
                "Altitude": 4459,
                "Name": "Tabriz International Airport",
                "StartLon": 28.751944,
                "StartLat": 41.275278,
                "ORIG_FID": 121,
                "Shape_Length": 17.78258472728217,
                "Country": "Iran"
            }
        },
        {
            "type": "Feature",
            "id": 117,
            "geometry": {
                "type": "LineString",
                "coordinates": [
                    [
                        28.751944000000037,
                        41.27527800000007
                    ],
                    [
                        28.755685440000036,
                        41.26672817600007
                    ],
                    [
                        29.661761312000067,
                        39.125229551000075
                    ],
                    [
                        30.514467508000052,
                        36.97631155500005
                    ],
                    [
                        31.32044447900006,
                        34.820823209000025
                    ],
                    [
                        32.085426486000074,
                        32.65950073100004
                    ],
                    [
                        32.81439789800004,
                        30.492988482000044
                    ],
                    [
                        33.51171998700005,
                        28.321855726000024
                    ],
                    [
                        34.18123445400005,
                        26.146610120000048
                    ],
                    [
                        34.826348549000045,
                        23.967708661000074
                    ],
                    [
                        35.45010555300007,
                        21.785566605000042
                    ],
                    [
                        36.055243579000035,
                        19.600564805000033
                    ],
                    [
                        36.64424502500003,
                        17.413055765000024
                    ],
                    [
                        37.21937851900003,
                        15.223368684000036
                    ],
                    [
                        37.78273485600005,
                        13.031813682000063
                    ],
                    [
                        38.336258102000045,
                        10.838685382000051
                    ],
                    [
                        38.799301150000076,
                        8.977890015000071
                    ]
                ]
            },
            "properties": {
                "OID": 117,
                "Departure_Airport": "IST",
                "Destination_Code": "ADD",
                "Destination_Name": "Addis Ababa",
                "Airline": "Turkish Airlines",
                "Duration__minutes_": 325,
                "Reverse_Duration__minutes_": 370,
                "Distance__km_": 3743.0,
                "Flights_per_Day": 1.0,
                "Latitude": 8.977890015,
                "Longitude": 38.79930115,
                "Altitude": 7630,
                "Name": "Addis Ababa Bole International Airport",
                "StartLon": 28.751944,
                "StartLat": 41.275278,
                "ORIG_FID": 122,
                "Shape_Length": 33.86373002527979,
                "Country": "Ethiopia"
            }
        },
        {
            "type": "Feature",
            "id": 118,
            "geometry": {
                "type": "LineString",
                "coordinates": [
                    [
                        28.751944000000037,
                        41.27527800000007
                    ],
                    [
                        28.745552820000057,
                        41.28287668200005
                    ],
                    [
                        27.099434132000056,
                        43.17062206700007
                    ],
                    [
                        25.34941633300008,
                        45.03256977400008
                    ],
                    [
                        23.483036181000045,
                        46.86531393800004
                    ],
                    [
                        21.48635151800005,
                        48.664918759000045
                    ],
                    [
                        19.784800000000075,
                        50.077702000000045
                    ]
                ]
            },
            "properties": {
                "OID": 118,
                "Departure_Airport": "IST",
                "Destination_Code": "KRK",
                "Destination_Name": "Krakow",
                "Airline": "LOT",
                "Duration__minutes_": 145,
                "Reverse_Duration__minutes_": 155,
                "Distance__km_": 1207.0,
                "Flights_per_Day": 1.0,
                "Latitude": 50.077702,
                "Longitude": 19.7848,
                "Altitude": 791,
                "Name": "Krak\u00f3w John Paul II International Airport",
                "StartLon": 28.751944,
                "StartLat": 41.275278,
                "ORIG_FID": 123,
                "Shape_Length": 12.586072739640045,
                "Country": "Poland"
            }
        },
        {
            "type": "Feature",
            "id": 119,
            "geometry": {
                "type": "LineString",
                "coordinates": [
                    [
                        28.751944000000037,
                        41.27527800000007
                    ],
                    [
                        28.74029620500005,
                        41.277232379000054
                    ],
                    [
                        25.80744276400003,
                        41.728451292000045
                    ],
                    [
                        22.83676994500007,
                        42.10379273600006
                    ],
                    [
                        19.83453193500003,
                        42.40136437700005
                    ],
                    [
                        16.80761254500004,
                        42.61962465300007
                    ],
                    [
                        13.76340620600007,
                        42.757418904000076
                    ],
                    [
                        10.70967468300006,
                        42.81400747400005
                    ],
                    [
                        7.654385582000032,
                        42.78908417200006
                    ],
                    [
                        4.605540408000024,
                        42.68278402900006
                    ],
                    [
                        1.5710008630000516,
                        42.49567987000006
                    ],
                    [
                        -1.4416776879999702,
                        42.22876791200008
                    ],
                    [
                        -4.425397410999949,
                        41.88344325000003
                    ],
                    [
                        -7.373647036999955,
                        41.46146662600006
                    ],
                    [
                        -8.681389808999938,
                        41.248100280000074
                    ]
                ]
            },
            "properties": {
                "OID": 119,
                "Departure_Airport": "IST",
                "Destination_Code": "OPO",
                "Destination_Name": "Porto",
                "Airline": "Turkish Airlines",
                "Duration__minutes_": 310,
                "Reverse_Duration__minutes_": 285,
                "Distance__km_": 3120.0,
                "Flights_per_Day": 1.0,
                "Latitude": 41.24810028,
                "Longitude": -8.681389809,
                "Altitude": 228,
                "Name": "Francisco de S\u00e1 Carneiro Airport",
                "StartLon": 28.751944,
                "StartLat": 41.275278,
                "ORIG_FID": 124,
                "Shape_Length": 37.60569931277599,
                "Country": "Portugal"
            }
        },
        {
            "type": "Feature",
            "id": 120,
            "geometry": {
                "type": "LineString",
                "coordinates": [
                    [
                        28.751944000000037,
                        41.27527800000007
                    ],
                    [
                        28.742852792000065,
                        41.28111238500003
                    ],
                    [
                        26.418150208000043,
                        42.71626785300003
                    ],
                    [
                        23.985737777000054,
                        44.10169407500007
                    ],
                    [
                        21.43936244500003,
                        45.432567264000056
                    ],
                    [
                        18.77324700500003,
                        46.70368736000006
                    ],
                    [
                        15.98236980400003,
                        47.90948738900005
                    ],
                    [
                        13.062801149000052,
                        49.044059866000055
                    ],
                    [
                        10.012092477000067,
                        50.10120487700004
                    ],
                    [
                        6.829706122000061,
                        51.07450438400008
                    ],
                    [
                        3.5174628380000286,
                        51.95742656400006
                    ],
                    [
                        0.07997177600003624,
                        52.74346232100004
                    ],
                    [
                        -3.4750046889999453,
                        53.426293344000044
                    ],
                    [
                        -7.136308025999938,
                        53.99998718900008
                    ],
                    [
                        -10.889321394999968,
                        54.459210245000065
                    ],
                    [
                        -14.716138485999977,
                        54.799444651000044
                    ],
                    [
                        -18.59599213799993,
                        55.01719138700008
                    ],
                    [
                        -22.505938398999945,
                        55.11014004700007
                    ],
                    [
                        -26.421752373999936,
                        55.077286978000075
                    ],
                    [
                        -30.31895548899996,
                        54.91898813300003
                    ],
                    [
                        -34.17386936899993,
                        54.63694021500004
                    ],
                    [
                        -37.96458642599998,
                        54.234092442000076
                    ],
                    [
                        -41.67176304399993,
                        53.71449938000006
                    ],
                    [
                        -45.27917320399996,
                        53.08313134700006
                    ],
                    [
                        -48.77399972899997,
                        52.34566171000006
                    ],
                    [
                        -52.14687729499997,
                        51.508250032000035
                    ],
                    [
                        -55.391728816999944,
                        50.57733699200003
                    ],
                    [
                        -58.50545147199995,
                        49.559462573000076
                    ],
                    [
                        -61.48751124599994,
                        48.46111417700007
                    ],
                    [
                        -64.33949860999996,
                        47.28860703200007
                    ],
                    [
                        -67.06468666899997,
                        46.04799592200004
                    ],
                    [
                        -69.66762046699995,
                        44.74501511300008
                    ],
                    [
                        -72.15375442599998,
                        43.385042174000034
                    ],
                    [
                        -74.52914544799995,
                        41.973081027000035
                    ],
                    [
                        -76.80020243999996,
                        40.513759771000025
                    ],
                    [
                        -78.97348861599994,
                        39.011339296000074
                    ],
                    [
                        -81.05557056999999,
                        37.46972935200006
                    ],
                    [
                        -83.05290711199996,
                        35.89250941900008
                    ],
                    [
                        -84.97177082799999,
                        34.28295228600007
                    ],
                    [
                        -86.81819585699998,
                        32.64404884800007
                    ],
                    [
                        -88.59794617399996,
                        30.97853300400004
                    ],
                    [
                        -90.31649953499999,
                        29.288905913000065
                    ],
                    [
                        -91.97904314399995,
                        27.577459143000056
                    ],
                    [
                        -93.59047787699996,
                        25.846296410000036
                    ],
                    [
                        -95.15542856399998,
                        24.09735377800007
                    ],
                    [
                        -96.67825844399994,
                        22.332418278000034
                    ],
                    [
                        -98.16308633299997,
                        20.553144985000074
                    ],
                    [
                        -99.07209799999998,
                        19.436300000000074
                    ]
                ]
            },
            "properties": {
                "OID": 120,
                "Departure_Airport": "IST",
                "Destination_Code": "MEX",
                "Destination_Name": "Mexico City",
                "Airline": "Turkish Airlines",
                "Duration__minutes_": 890,
                "Reverse_Duration__minutes_": 890,
                "Distance__km_": 11450.0,
                "Flights_per_Day": 1.0,
                "Latitude": 19.4363,
                "Longitude": -99.072098,
                "Altitude": 7316,
                "Name": "Licenciado Benito Juarez International Airport",
                "StartLon": 28.751944,
                "StartLat": 41.275278,
                "ORIG_FID": 125,
                "Shape_Length": 141.6509381317182,
                "Country": "Mexico"
            }
        },
        {
            "type": "Feature",
            "id": 121,
            "geometry": {
                "type": "LineString",
                "coordinates": [
                    [
                        28.751944000000037,
                        41.27527800000007
                    ],
                    [
                        28.74169236800003,
                        41.27988176400004
                    ],
                    [
                        26.133221814000024,
                        42.40134094000007
                    ],
                    [
                        23.432832134000023,
                        43.46113104900007
                    ],
                    [
                        20.63950593900006,
                        44.45474860500008
                    ],
                    [
                        17.753334018000032,
                        45.37759330800003
                    ],
                    [
                        14.77571032700007,
                        46.225027485000055
                    ],
                    [
                        11.70951500600006,
                        46.992449460000046
                    ],
                    [
                        8.559269416000063,
                        47.67538029200006
                    ],
                    [
                        5.3312449660000425,
                        48.26956207400008
                    ],
                    [
                        2.379444400000068,
                        48.723333300000036
                    ]
                ]
            },
            "properties": {
                "OID": 121,
                "Departure_Airport": "IST",
                "Destination_Code": "ORY",
                "Destination_Name": "Paris",
                "Airline": "Transavia France",
                "Duration__minutes_": 240,
                "Reverse_Duration__minutes_": 225,
                "Distance__km_": 2232.0,
                "Flights_per_Day": 1.0,
                "Latitude": 48.7233333,
                "Longitude": 2.3794444,
                "Altitude": 291,
                "Name": "Paris-Orly Airport",
                "StartLon": 28.751944,
                "StartLat": 41.275278,
                "ORIG_FID": 126,
                "Shape_Length": 27.49630600335851,
                "Country": "France"
            }
        },
        {
            "type": "Feature",
            "id": 122,
            "geometry": {
                "type": "LineString",
                "coordinates": [
                    [
                        28.751944000000037,
                        41.27527800000007
                    ],
                    [
                        28.74129991600006,
                        41.27120619200008
                    ],
                    [
                        26.12165688300007,
                        40.222968337000054
                    ],
                    [
                        23.583674270000074,
                        39.11707473900003
                    ],
                    [
                        21.125671344000068,
                        37.95743620200005
                    ],
                    [
                        18.74536680800003,
                        36.74781887800003
                    ],
                    [
                        16.440007456000046,
                        35.491825507000044
                    ],
                    [
                        14.206482663000031,
                        34.19288378600004
                    ],
                    [
                        12.041423649000023,
                        32.854240668000045
                    ],
                    [
                        9.941287522000039,
                        31.47896143400004
                    ],
                    [
                        7.902426855000044,
                        30.06993249100003
                    ],
                    [
                        5.9211460050000255,
                        28.62986697900004
                    ],
                    [
                        3.9937456160000693,
                        27.161312431000056
                    ],
                    [
                        2.116556848000073,
                        25.666659835000075
                    ],
                    [
                        0.28596682500005954,
                        24.148153601000047
                    ],
                    [
                        -1.5015632819999496,
                        22.607902022000076
                    ],
                    [
                        -3.2494862779999494,
                        21.04788793700004
                    ],
                    [
                        -4.9611619359999395,
                        19.46997936300005
                    ],
                    [
                        -6.639854019999973,
                        17.875939940000023
                    ],
                    [
                        -8.28873049799995,
                        16.267439076000073
                    ],
                    [
                        -9.910866288999955,
                        14.646061738000071
                    ],
                    [
                        -11.509247977999962,
                        13.013317835000066
                    ],
                    [
                        -13.086780036999926,
                        11.370651204000069
                    ],
                    [
                        -14.646292210999945,
                        9.719448193000062
                    ],
                    [
                        -16.190547762999927,
                        8.061045872000022
                    ],
                    [
                        -17.72225236299994,
                        6.396739900000057
                    ],
                    [
                        -19.244063439999934,
                        4.727792095000041
                    ],
                    [
                        -20.75859987299998,
                        3.0554377460000524
                    ],
                    [
                        -22.268451907999975,
                        1.3808927190000304
                    ],
                    [
                        -23.776191224999934,
                        -0.29463958599995976
                    ],
                    [
                        -25.28438110199994,
                        -1.9699613819999513
                    ],
                    [
                        -26.79558660899994,
                        -3.6438736859999494
                    ],
                    [
                        -28.31238480199994,
                        -5.315169497999932
                    ],
                    [
                        -29.83737485399996,
                        -6.982626922999941
                    ],
                    [
                        -31.37318807899993,
                        -8.645002159999933
                    ],
                    [
                        -32.92249778399997,
                        -10.301022337999939
                    ],
                    [
                        -34.488028844999974,
                        -11.949378109999941
                    ],
                    [
                        -36.072566921999965,
                        -13.588715990999958
                    ],
                    [
                        -37.67896713799996,
                        -15.217630369999938
                    ],
                    [
                        -39.31016205399993,
                        -16.83465517299993
                    ],
                    [
                        -40.96916867799996,
                        -18.438255139999967
                    ],
                    [
                        -42.659094204999974,
                        -20.026816698999937
                    ],
                    [
                        -44.383140097999956,
                        -21.598638437999966
                    ],
                    [
                        -46.14460400699994,
                        -23.151921183999946
                    ],
                    [
                        -46.47305678999993,
                        -23.435556409999947
                    ]
                ]
            },
            "properties": {
                "OID": 122,
                "Departure_Airport": "IST",
                "Destination_Code": "GRU",
                "Destination_Name": "Sao Paulo",
                "Airline": "Turkish Airlines",
                "Duration__minutes_": 815,
                "Reverse_Duration__minutes_": 765,
                "Distance__km_": 10615.0,
                "Flights_per_Day": 1.0,
                "Latitude": -23.43555641,
                "Longitude": -46.47305679,
                "Altitude": 2459,
                "Name": "Guarulhos - Governador Andr\u00e9 Franco Montoro International Airport",
                "StartLon": 28.751944,
                "StartLat": 41.275278,
                "ORIG_FID": 127,
                "Shape_Length": 100.14880512345557,
                "Country": "Brazil"
            }
        },
        {
            "type": "Feature",
            "id": 123,
            "geometry": {
                "type": "LineString",
                "coordinates": [
                    [
                        28.751944000000037,
                        41.27527800000007
                    ],
                    [
                        28.76387010800005,
                        41.27560680800008
                    ],
                    [
                        31.74797593900007,
                        41.318993833000036
                    ],
                    [
                        34.73250910200005,
                        41.28497912200004
                    ],
                    [
                        37.710433917000046,
                        41.17373380400005
                    ],
                    [
                        40.67484782100007,
                        40.98581434000005
                    ],
                    [
                        43.61911685700005,
                        40.72214969200007
                    ],
                    [
                        46.53699876400003,
                        40.384020332000034
                    ],
                    [
                        49.42274858900004,
                        39.973030220000055
                    ],
                    [
                        52.271203169000046,
                        39.49107318200004
                    ],
                    [
                        55.07784243000003,
                        38.94029526800006
                    ],
                    [
                        57.838827077000076,
                        38.323054797000054
                    ],
                    [
                        60.55101367100008,
                        37.64188163700004
                    ],
                    [
                        63.21194927700003,
                        36.89943720800005
                    ],
                    [
                        65.81984868500007,
                        36.09847637000007
                    ],
                    [
                        68.37355765100006,
                        35.24181217200004
                    ],
                    [
                        70.87250575600007,
                        34.33228410800007
                    ],
                    [
                        72.85161300000004,
                        33.56071300000008
                    ]
                ]
            },
            "properties": {
                "OID": 123,
                "Departure_Airport": "IST",
                "Destination_Code": "ISB",
                "Destination_Name": "Islamabad",
                "Airline": "Turkish Airlines",
                "Duration__minutes_": 305,
                "Reverse_Duration__minutes_": 380,
                "Distance__km_": 3965.0,
                "Flights_per_Day": 2.0,
                "Latitude": 33.560713,
                "Longitude": 72.851613,
                "Altitude": 1646,
                "Name": "New Islamabad International Airport",
                "StartLon": 28.751944,
                "StartLat": 41.275278,
                "ORIG_FID": 128,
                "Shape_Length": 45.08345939644536,
                "Country": "Pakistan"
            }
        },
        {
            "type": "Feature",
            "id": 124,
            "geometry": {
                "type": "LineString",
                "coordinates": [
                    [
                        28.751944000000037,
                        41.27527800000007
                    ],
                    [
                        28.76387884600007,
                        41.27528485100004
                    ],
                    [
                        31.74648895300004,
                        41.238194572000054
                    ],
                    [
                        34.722232536000035,
                        41.12399613300005
                    ],
                    [
                        37.684239397000056,
                        40.93325942800004
                    ],
                    [
                        40.625911700000074,
                        40.66692492900006
                    ],
                    [
                        43.54104581800004,
                        40.32628251300008
                    ],
                    [
                        46.42393664300005,
                        39.91294333600007
                    ],
                    [
                        49.26946081700004,
                        39.42880619500005
                    ],
                    [
                        52.073136883000075,
                        38.87601996400008
                    ],
                    [
                        54.831161999000074,
                        38.256943757000045
                    ],
                    [
                        57.54042624600004,
                        37.57410641600006
                    ],
                    [
                        60.19850672500007,
                        36.83016673100008
                    ],
                    [
                        62.80364444000003,
                        36.02787558000006
                    ],
                    [
                        65.35470739700008,
                        35.170040939000046
                    ],
                    [
                        67.85114350200007,
                        34.259496383000055
                    ],
                    [
                        70.29292666200007,
                        33.29907349400003
                    ],
                    [
                        72.68049919900005,
                        32.29157832900006
                    ],
                    [
                        74.40360260000006,
                        31.521600720000038
                    ]
                ]
            },
            "properties": {
                "OID": 124,
                "Departure_Airport": "IST",
                "Destination_Code": "LHE",
                "Destination_Name": "Lahore",
                "Airline": "Turkish Airlines",
                "Duration__minutes_": 315,
                "Reverse_Duration__minutes_": 400,
                "Distance__km_": 4199.0,
                "Flights_per_Day": 1.0,
                "Latitude": 31.52160072,
                "Longitude": 74.40360260009766,
                "Altitude": 712,
                "Name": "Alama Iqbal International Airport",
                "StartLon": 28.751944,
                "StartLat": 41.275278,
                "ORIG_FID": 129,
                "Shape_Length": 47.04534598362641,
                "Country": "Pakistan"
            }
        },
        {
            "type": "Feature",
            "id": 125,
            "geometry": {
                "type": "LineString",
                "coordinates": [
                    [
                        28.751944000000037,
                        41.27527800000007
                    ],
                    [
                        28.763593123000078,
                        41.277234547000035
                    ],
                    [
                        31.69680537200003,
                        41.72898635100006
                    ],
                    [
                        34.66789050500006,
                        42.10484063700005
                    ],
                    [
                        37.670593661000055,
                        42.40290193200008
                    ],
                    [
                        40.698029157000065,
                        42.62162562300006
                    ],
                    [
                        43.74279948700007,
                        42.75985416800006
                    ],
                    [
                        46.797138664000045,
                        42.81684527500005
                    ],
                    [
                        49.85307382800005,
                        42.792290439000055
                    ],
                    [
                        52.90259737500003,
                        42.686322758000074
                    ],
                    [
                        55.937840867000034,
                        42.49951355200005
                    ],
                    [
                        58.95124182500007,
                        42.232857996000064
                    ],
                    [
                        61.935695175000035,
                        41.88775061000007
                    ],
                    [
                        64.88468253500008,
                        41.46595202800006
                    ],
                    [
                        67.79237448700007,
                        40.969548865000036
                    ],
                    [
                        70.65370318200007,
                        40.40090876200003
                    ],
                    [
                        73.46440489200006,
                        39.76263274900003
                    ],
                    [
                        76.22103401600003,
                        39.057506947000036
                    ],
                    [
                        78.92095167100007,
                        38.288455432000035
                    ],
                    [
                        81.56229298900007,
                        37.45849573400005
                    ],
                    [
                        84.14391779600004,
                        36.57069809400008
                    ],
                    [
                        86.66534943000005,
                        35.62814924400004
                    ],
                    [
                        89.12670615900004,
                        34.633921110000074
                    ],
                    [
                        91.52862916100008,
                        33.591044569000076
                    ],
                    [
                        93.87221032100007,
                        32.50248814100007
                    ],
                    [
                        96.15892242600006,
                        31.371141325000053
                    ],
                    [
                        98.39055362700003,
                        30.199802177000038
                    ],
                    [
                        100.56914740200006,
                        28.99116865700006
                    ],
                    [
                        102.69694875600004,
                        27.747833237000066
                    ],
                    [
                        104.77635693700006,
                        26.47228027600005
                    ],
                    [
                        106.80988464200004,
                        25.16688569400003
                    ],
                    [
                        108.80012344700003,
                        23.833918512000025
                    ],
                    [
                        110.74971504100006,
                        22.475543866000066
                    ],
                    [
                        112.66132775300002,
                        21.093827169000065
                    ],
                    [
                        114.53763781700002,
                        19.690739133000022
                    ],
                    [
                        116.381314814,
                        18.26816142000007
                    ],
                    [
                        118.19501075100004,
                        16.827892718000044
                    ],
                    [
                        119.98135225400006,
                        15.371655103000023
                    ],
                    [
                        121.0199970000001,
                        14.508600000000058
                    ]
                ]
            },
            "properties": {
                "OID": 125,
                "Departure_Airport": "IST",
                "Destination_Code": "MNL",
                "Destination_Name": "Manila",
                "Airline": "Turkish Airlines",
                "Duration__minutes_": 655,
                "Reverse_Duration__minutes_": 800,
                "Distance__km_": 9186.0,
                "Flights_per_Day": 1.0,
                "Latitude": 14.5086,
                "Longitude": 121.019997,
                "Altitude": 75,
                "Name": "Ninoy Aquino International Airport",
                "StartLon": 28.751944,
                "StartLat": 41.275278,
                "ORIG_FID": 130,
                "Shape_Length": 99.39535198167978,
                "Country": "Philippines"
            }
        },
        {
            "type": "Feature",
            "id": 126,
            "geometry": {
                "type": "LineString",
                "coordinates": [
                    [
                        28.751944000000037,
                        41.27527800000007
                    ],
                    [
                        28.74735209200003,
                        41.28358893500007
                    ],
                    [
                        27.561161605000052,
                        43.35492695100004
                    ],
                    [
                        26.291700932000026,
                        45.41235050800003
                    ],
                    [
                        24.926932340000064,
                        47.45386671700004
                    ],
                    [
                        23.452746483000055,
                        49.47711043000004
                    ],
                    [
                        21.852536029000078,
                        51.47925414700006
                    ],
                    [
                        20.106682431000024,
                        53.45689333300004
                    ],
                    [
                        18.191945963000023,
                        55.40590000800006
                    ],
                    [
                        16.080756869000027,
                        57.32123566400003
                    ],
                    [
                        13.740423258000021,
                        59.19671268600007
                    ],
                    [
                        11.132308217000059,
                        61.024692034000054
                    ],
                    [
                        8.211098750000076,
                        62.795705360000056
                    ],
                    [
                        4.9244151320000356,
                        64.49799443800003
                    ],
                    [
                        1.213219954000067,
                        66.11697494500004
                    ],
                    [
                        -2.9861944939999603,
                        67.63466366500006
                    ],
                    [
                        -7.737456339999937,
                        69.02917044900005
                    ],
                    [
                        -13.095093687999963,
                        70.27446042000008
                    ],
                    [
                        -19.08996897299994,
                        71.34073261900005
                    ],
                    [
                        -25.70955905099993,
                        72.19587979200003
                    ],
                    [
                        -32.87738353999998,
                        72.80843626500007
                    ],
                    [
                        -40.44115932099993,
                        73.15196996400005
                    ],
                    [
                        -48.18139583599998,
                        73.20998664200005
                    ],
                    [
                        -55.845100796999986,
                        72.97957081800007
                    ],
                    [
                        -63.194086348999974,
                        72.47207647300007
                    ],
                    [
                        -70.04666337699996,
                        71.71051722000004
                    ],
                    [
                        -76.29649723399996,
                        70.72493013900004
                    ],
                    [
                        -81.90768846899994,
                        69.54760923900005
                    ],
                    [
                        -86.89628521499998,
                        68.20953162100005
                    ],
                    [
                        -91.30941111699997,
                        66.73833601400008
                    ],
                    [
                        -95.20842252499995,
                        65.15756979000008
                    ],
                    [
                        -98.65776946399995,
                        63.48672963100006
                    ],
                    [
                        -101.71872290099998,
                        61.74169331100006
                    ],
                    [
                        -104.44644598299999,
                        59.93528353100004
                    ],
                    [
                        -106.88906773199994,
                        58.07782614800004
                    ],
                    [
                        -109.08782377799997,
                        56.17764317800004
                    ],
                    [
                        -111.07769045999999,
                        54.24146346200007
                    ],
                    [
                        -112.88819116199994,
                        52.27475396400007
                    ],
                    [
                        -114.54421003599998,
                        50.281982380000045
                    ],
                    [
                        -116.06673760199999,
                        48.26682345900008
                    ],
                    [
                        -117.47352076599998,
                        46.23232052100008
                    ],
                    [
                        -118.77961389999996,
                        44.181011899000055
                    ],
                    [
                        -119.99783859799999,
                        42.115030140000044
                    ],
                    [
                        -121.13916381799999,
                        40.03618010100007
                    ],
                    [
                        -122.21301877299999,
                        37.94600072800006
                    ],
                    [
                        -122.37499999999994,
                        37.61899948100006
                    ]
                ]
            },
            "properties": {
                "OID": 126,
                "Departure_Airport": "IST",
                "Destination_Code": "SFO",
                "Destination_Name": "San Francisco",
                "Airline": "Turkish Airlines",
                "Duration__minutes_": 838,
                "Reverse_Duration__minutes_": 795,
                "Distance__km_": 10824.0,
                "Flights_per_Day": 1.0,
                "Latitude": 37.61899948120117,
                "Longitude": -122.375,
                "Altitude": 13,
                "Name": "San Francisco International Airport",
                "StartLon": 28.751944,
                "StartLat": 41.275278,
                "ORIG_FID": 131,
                "Shape_Length": 175.68540249887474,
                "Country": "United States"
            }
        },
        {
            "type": "Feature",
            "id": 127,
            "geometry": {
                "type": "LineString",
                "coordinates": [
                    [
                        28.751944000000037,
                        41.27527800000007
                    ],
                    [
                        28.763708197000028,
                        41.27679634400005
                    ],
                    [
                        31.720849075000046,
                        41.61835563200003
                    ],
                    [
                        34.70580361200007,
                        41.883088745000066
                    ],
                    [
                        37.711827146000076,
                        42.06965232700003
                    ],
                    [
                        40.731746903000044,
                        42.177082373000076
                    ],
                    [
                        43.75810131900005,
                        42.20481715000005
                    ],
                    [
                        46.78329336000007,
                        42.15271084400007
                    ],
                    [
                        49.79975054400006,
                        42.02103713100007
                    ],
                    [
                        52.80008374600004,
                        41.81048248400003
                    ],
                    [
                        55.77723697400006,
                        41.52212958000007
                    ],
                    [
                        58.72462112200003,
                        41.15743178100007
                    ],
                    [
                        61.63622614800005,
                        40.71818006600006
                    ],
                    [
                        64.50670789600008,
                        40.20646417300003
                    ],
                    [
                        66.98380279500003,
                        39.700500488000046
                    ]
                ]
            },
            "properties": {
                "OID": 127,
                "Departure_Airport": "IST",
                "Destination_Code": "SKD",
                "Destination_Name": "Samarkand",
                "Airline": "Uzbekistan Airways",
                "Duration__minutes_": 265,
                "Reverse_Duration__minutes_": 325,
                "Distance__km_": 3229.0,
                "Flights_per_Day": 2.0,
                "Latitude": 39.70050048828125,
                "Longitude": 66.98380279541016,
                "Altitude": 2224,
                "Name": "Samarkand Airport",
                "StartLon": 28.751944,
                "StartLat": 41.275278,
                "ORIG_FID": 132,
                "Shape_Length": 38.448719271769946,
                "Country": "Uzbekistan"
            }
        },
        {
            "type": "Feature",
            "id": 128,
            "geometry": {
                "type": "LineString",
                "coordinates": [
                    [
                        28.751944000000037,
                        41.27527800000007
                    ],
                    [
                        28.743941422000034,
                        41.28195838800008
                    ],
                    [
                        26.690551033000077,
                        42.93370554900008
                    ],
                    [
                        24.525770659000045,
                        44.546147863000044
                    ],
                    [
                        22.23979264600007,
                        46.11480740800005
                    ],
                    [
                        19.82244754800007,
                        47.634690539000076
                    ],
                    [
                        17.263392615000043,
                        49.10024362400003
                    ],
                    [
                        14.552390372000048,
                        50.50531605800006
                    ],
                    [
                        11.67969892800005,
                        51.84313657900003
                    ],
                    [
                        8.786669731000075,
                        53.04750061000004
                    ]
                ]
            },
            "properties": {
                "OID": 128,
                "Departure_Airport": "IST",
                "Destination_Code": "BRE",
                "Destination_Name": "Bremen",
                "Airline": "Turkish Airlines",
                "Duration__minutes_": 220,
                "Reverse_Duration__minutes_": 205,
                "Distance__km_": 1997.0,
                "Flights_per_Day": 1.0,
                "Latitude": 53.04750061,
                "Longitude": 8.786669731,
                "Altitude": 14,
                "Name": "Bremen Airport",
                "StartLon": 28.751944,
                "StartLat": 41.275278,
                "ORIG_FID": 133,
                "Shape_Length": 23.279584417067802,
                "Country": "Germany"
            }
        },
        {
            "type": "Feature",
            "id": 129,
            "geometry": {
                "type": "LineString",
                "coordinates": [
                    [
                        28.751944000000037,
                        41.27527800000007
                    ],
                    [
                        28.741589796000028,
                        41.279749269000035
                    ],
                    [
                        26.108416574000046,
                        42.36752294400003
                    ],
                    [
                        23.385525148000056,
                        43.39254760600005
                    ],
                    [
                        20.572417185000063,
                        44.35039917200004
                    ],
                    [
                        17.66973032800007,
                        45.23658725700005
                    ],
                    [
                        14.67941601800004,
                        46.046617370000035
                    ],
                    [
                        11.604899826000064,
                        46.77606594300005
                    ],
                    [
                        8.45120872900003,
                        47.420667182000045
                    ],
                    [
                        7.529166700000076,
                        47.59000000000003
                    ]
                ]
            },
            "properties": {
                "OID": 129,
                "Departure_Airport": "IST",
                "Destination_Code": "BSL",
                "Destination_Name": "Basel, Switzerland/Mulhouse",
                "Airline": "Turkish Airlines",
                "Duration__minutes_": 205,
                "Reverse_Duration__minutes_": 195,
                "Distance__km_": 1828.0,
                "Flights_per_Day": 1.0,
                "Latitude": 47.59,
                "Longitude": 7.5291667,
                "Altitude": 885,
                "Name": "EuroAirport Basel-Mulhouse-Freiburg Airport",
                "StartLon": 28.751944,
                "StartLat": 41.275278,
                "ORIG_FID": 134,
                "Shape_Length": 22.191576106428744,
                "Country": "France"
            }
        },
        {
            "type": "Feature",
            "id": 130,
            "geometry": {
                "type": "LineString",
                "coordinates": [
                    [
                        28.751944000000037,
                        41.27527800000007
                    ],
                    [
                        28.763481367000054,
                        41.27758410700005
                    ],
                    [
                        31.672523135000063,
                        41.81736052300005
                    ],
                    [
                        34.62736821400006,
                        42.28223657400008
                    ],
                    [
                        37.62230034000004,
                        42.66988753700008
                    ],
                    [
                        40.65082211300006,
                        42.978306684000074
                    ],
                    [
                        43.70574915900005,
                        43.20585130300003
                    ],
                    [
                        46.779335925000055,
                        43.35128235900004
                    ],
                    [
                        49.863428912000074,
                        43.41379560400003
                    ],
                    [
                        52.94964075000007,
                        43.393042329000025
                    ],
                    [
                        56.029536533000055,
                        43.289138501000025
                    ],
                    [
                        59.094822684000064,
                        43.10266171400008
                    ],
                    [
                        62.137528348000046,
                        42.83463614900006
                    ],
                    [
                        65.15017003700007,
                        42.48650646600004
                    ],
                    [
                        68.12589188200008,
                        42.06010217600004
                    ],
                    [
                        71.05857602600008,
                        41.557594522000045
                    ],
                    [
                        73.94292024800006,
                        40.98144817000008
                    ],
                    [
                        76.77448244900006,
                        40.334370068000055
                    ],
                    [
                        79.54969380800003,
                        39.619257713000025
                    ],
                    [
                        82.26584419900007,
                        38.83914881700008
                    ],
                    [
                        84.92104456400006,
                        37.99717396700004
                    ],
                    [
                        87.51417153100004,
                        37.09651349100005
                    ],
                    [
                        90.04479956900008,
                        36.140359311000054
                    ],
                    [
                        92.51312564000006,
                        35.13188220300003
                    ],
                    [
                        94.91989066800005,
                        34.07420454700008
                    ],
                    [
                        97.26630136300008,
                        32.97037841100007
                    ],
                    [
                        99.55395513200006,
                        31.823368609000056
                    ],
                    [
                        101.78477003300009,
                        30.63604027300005
                    ],
                    [
                        103.96092102600005,
                        29.411150402000032
                    ],
                    [
                        106.08478321200005,
                        28.151342836000026
                    ],
                    [
                        108.15888228300008,
                        26.85914609100007
                    ],
                    [
                        110.18585206900008,
                        25.53697356600003
                    ],
                    [
                        112.16839882200009,
                        24.18712565100003
                    ],
                    [
                        113.2990036010001,
                        23.392400742000063
                    ]
                ]
            },
            "properties": {
                "OID": 130,
                "Departure_Airport": "IST",
                "Destination_Code": "CAN",
                "Destination_Name": "Guangzhou",
                "Airline": "Turkish Airlines",
                "Duration__minutes_": 620,
                "Reverse_Duration__minutes_": 705,
                "Distance__km_": 7926.0,
                "Flights_per_Day": 1.0,
                "Latitude": 23.39240074157715,
                "Longitude": 113.29900360107422,
                "Altitude": 50,
                "Name": "Guangzhou Baiyun International Airport",
                "StartLon": 28.751944,
                "StartLat": 41.275278,
                "ORIG_FID": 135,
                "Shape_Length": 88.91992578907652,
                "Country": "China"
            }
        },
        {
            "type": "Feature",
            "id": 131,
            "geometry": {
                "type": "LineString",
                "coordinates": [
                    [
                        28.751944000000037,
                        41.27527800000007
                    ],
                    [
                        28.76387586000004,
                        41.27548367300005
                    ],
                    [
                        31.74801113600006,
                        41.28807606600003
                    ],
                    [
                        34.72977298200004,
                        41.22334835100003
                    ],
                    [
                        37.70217615700005,
                        41.08162529200007
                    ],
                    [
                        40.658422948000066,
                        40.863612190000026
                    ],
                    [
                        43.59203400600006,
                        40.57037874800005
                    ],
                    [
                        46.496964684000034,
                        40.20333520600008
                    ],
                    [
                        49.367702328000064,
                        39.76420200300004
                    ],
                    [
                        52.19934152800005,
                        39.254974462000064
                    ],
                    [
                        54.987635916000045,
                        38.67788414700004
                    ],
                    [
                        57.72902667400007,
                        38.035358521000035
                    ],
                    [
                        60.42064926200004,
                        37.32998046900008
                    ],
                    [
                        63.06032087900007,
                        36.56444900300005
                    ],
                    [
                        65.64651188200008,
                        35.74154228200007
                    ],
                    [
                        68.17830467500005,
                        34.864083753000045
                    ],
                    [
                        70.65534364300004,
                        33.93491197900005
                    ],
                    [
                        73.07777944100008,
                        32.956854461000034
                    ],
                    [
                        75.44621059900004,
                        31.932705541000075
                    ],
                    [
                        77.76162491600007,
                        30.865208302000042
                    ],
                    [
                        80.02534257600007,
                        29.757040244000052
                    ],
                    [
                        82.23896246100009,
                        28.610802444000058
                    ],
                    [
                        84.40431263900007,
                        27.429011813000045
                    ],
                    [
                        86.52340565000009,
                        26.214096088000076
                    ],
                    [
                        88.59839885400004,
                        24.96839116800004
                    ],
                    [
                        90.39778300000006,
                        23.84334700000005
                    ]
                ]
            },
            "properties": {
                "OID": 131,
                "Departure_Airport": "IST",
                "Destination_Code": "DAC",
                "Destination_Name": "Dhaka",
                "Airline": "Turkish Airlines",
                "Duration__minutes_": 440,
                "Reverse_Duration__minutes_": 570,
                "Distance__km_": 5995.0,
                "Flights_per_Day": 1.0,
                "Latitude": 23.843347,
                "Longitude": 90.397783,
                "Altitude": 30,
                "Name": "Hazrat Shahjalal International Airport",
                "StartLon": 28.751944,
                "StartLat": 41.275278,
                "ORIG_FID": 136,
                "Shape_Length": 65.01830687962197,
                "Country": "Bangladesh"
            }
        },
        {
            "type": "Feature",
            "id": 132,
            "geometry": {
                "type": "LineString",
                "coordinates": [
                    [
                        28.751944000000037,
                        41.27527800000007
                    ],
                    [
                        28.74366325400007,
                        41.28176170800003
                    ],
                    [
                        26.620603481000046,
                        42.88309418000006
                    ],
                    [
                        24.386325147000036,
                        44.44254865900007
                    ],
                    [
                        22.03180020600007,
                        45.955519415000026
                    ],
                    [
                        19.547858562000044,
                        47.416909873000066
                    ],
                    [
                        16.925412687000062,
                        48.82110127400006
                    ],
                    [
                        14.155768613000077,
                        50.16193190200005
                    ],
                    [
                        11.231038481000041,
                        51.432692975000066
                    ],
                    [
                        8.144665467000038,
                        52.62614884200008
                    ],
                    [
                        4.892062557000031,
                        53.73459039900007
                    ],
                    [
                        1.4713505840000494,
                        54.749931246000074
                    ],
                    [
                        -2.115842574999931,
                        55.66385537700006
                    ],
                    [
                        -3.37249994299998,
                        55.95000076300005
                    ]
                ]
            },
            "properties": {
                "OID": 132,
                "Departure_Airport": "IST",
                "Destination_Code": "EDI",
                "Destination_Name": "Edinburgh",
                "Airline": "Turkish Airlines",
                "Duration__minutes_": 285,
                "Reverse_Duration__minutes_": 270,
                "Distance__km_": 2843.0,
                "Flights_per_Day": 1.0,
                "Latitude": 55.95000076293945,
                "Longitude": -3.372499943,
                "Altitude": 135,
                "Name": "Edinburgh Airport",
                "StartLon": 28.751944,
                "StartLat": 41.275278,
                "ORIG_FID": 137,
                "Shape_Length": 35.62230060313624,
                "Country": "United Kingdom"
            }
        },
        {
            "type": "Feature",
            "id": 133,
            "geometry": {
                "type": "LineString",
                "coordinates": [
                    [
                        28.751944000000037,
                        41.27527800000007
                    ],
                    [
                        28.746498564000035,
                        41.283286083000064
                    ],
                    [
                        27.341589981000027,
                        43.276508386000046
                    ],
                    [
                        25.842318050000074,
                        45.25062506300003
                    ],
                    [
                        24.236028416000067,
                        47.20297616900007
                    ],
                    [
                        22.50816873100007,
                        49.13043986900004
                    ],
                    [
                        20.64198843300005,
                        51.02933347600003
                    ],
                    [
                        18.61821412200004,
                        52.89529242500004
                    ],
                    [
                        16.414718220000054,
                        54.72312302700004
                    ],
                    [
                        14.00621609600006,
                        56.50662506800006
                    ],
                    [
                        12.279800420000072,
                        57.66279984000005
                    ]
                ]
            },
            "properties": {
                "OID": 133,
                "Departure_Airport": "IST",
                "Destination_Code": "GOT",
                "Destination_Name": "Gothenburg",
                "Airline": "Turkish Airlines",
                "Duration__minutes_": 220,
                "Reverse_Duration__minutes_": 220,
                "Distance__km_": 2175.0,
                "Flights_per_Day": 1.0,
                "Latitude": 57.66279984,
                "Longitude": 12.27980042,
                "Altitude": 506,
                "Name": "Gothenburg-Landvetter Airport",
                "StartLon": 28.751944,
                "StartLat": 41.275278,
                "ORIG_FID": 138,
                "Shape_Length": 23.39881068354733,
                "Country": "Sweden"
            }
        },
        {
            "type": "Feature",
            "id": 134,
            "geometry": {
                "type": "LineString",
                "coordinates": [
                    [
                        28.751944000000037,
                        41.27527800000007
                    ],
                    [
                        28.74338595200004,
                        41.281553537000036
                    ],
                    [
                        26.551091239000073,
                        42.82956368300006
                    ],
                    [
                        24.24823880100007,
                        44.33306619700005
                    ],
                    [
                        21.82666527500004,
                        45.787351982000075
                    ],
                    [
                        19.278282830000023,
                        47.18725303900004
                    ],
                    [
                        16.595331716000032,
                        48.52712473500003
                    ],
                    [
                        13.770711984000059,
                        49.800841440000056
                    ],
                    [
                        10.798402821000025,
                        51.001811436000025
                    ],
                    [
                        7.673971435000055,
                        52.12301796400004
                    ],
                    [
                        4.395162504000041,
                        53.15709384000007
                    ],
                    [
                        0.9625429800000234,
                        54.09643669800005
                    ],
                    [
                        -2.6198438459999807,
                        54.93337020800004
                    ],
                    [
                        -6.343884411999966,
                        55.66035302900008
                    ],
                    [
                        -10.196951182999953,
                        56.27023160200008
                    ],
                    [
                        -14.161709877999954,
                        56.75652538200006
                    ],
                    [
                        -18.216270615999974,
                        57.113724862000026
                    ],
                    [
                        -22.334743625999977,
                        57.33757546500004
                    ],
                    [
                        -26.488203630999976,
                        57.425316413000075
                    ],
                    [
                        -30.64599573499993,
                        57.37584504800003
                    ],
                    [
                        -34.77724749799995,
                        57.18978452600004
                    ],
                    [
                        -38.85240752899995,
                        56.869445420000034
                    ],
                    [
                        -42.84462505699997,
                        56.418686610000066
                    ],
                    [
                        -46.73081956999994,
                        55.84269446700006
                    ],
                    [
                        -50.49235312099995,
                        55.14770837000003
                    ],
                    [
                        -54.11529033299996,
                        54.34072366600003
                    ],
                    [
                        -57.59029319399997,
                        53.42920054400008
                    ],
                    [
                        -60.91223719799996,
                        52.42080068200005
                    ],
                    [
                        -64.07964957799999,
                        51.32316537200006
                    ],
                    [
                        -67.09406405799996,
                        50.143740947000026
                    ],
                    [
                        -69.95936783299999,
                        48.88965112600005
                    ],
                    [
                        -72.68119331699995,
                        47.56761172200004
                    ],
                    [
                        -75.26638525799996,
                        46.18388097600007
                    ],
                    [
                        -77.72255622299997,
                        44.744238074000066
                    ],
                    [
                        -80.05773106199996,
                        43.253982774000065
                    ],
                    [
                        -82.28007332599998,
                        41.71794993100008
                    ],
                    [
                        -84.39768277999997,
                        40.14053385600005
                    ],
                    [
                        -86.41845186899997,
                        38.52571854900003
                    ],
                    [
                        -88.34996936699997,
                        36.87711087800005
                    ],
                    [
                        -90.19946066699998,
                        35.197974593000026
                    ],
                    [
                        -91.97375574599994,
                        33.491263762000074
                    ],
                    [
                        -93.67927750999996,
                        31.75965472100006
                    ],
                    [
                        -95.32204468999998,
                        30.005575978000024
                    ],
                    [
                        -95.34140014999997,
                        29.984399796000048
                    ]
                ]
            },
            "properties": {
                "OID": 134,
                "Departure_Airport": "IST",
                "Destination_Code": "IAH",
                "Destination_Name": "Houston",
                "Airline": "Turkish Airlines",
                "Duration__minutes_": 815,
                "Reverse_Duration__minutes_": 720,
                "Distance__km_": 10286.0,
                "Flights_per_Day": 1.0,
                "Latitude": 29.984399795532227,
                "Longitude": -95.34140015,
                "Altitude": 97,
                "Name": "George Bush Intercontinental Houston Airport",
                "StartLon": 28.751944,
                "StartLat": 41.275278,
                "ORIG_FID": 139,
                "Shape_Length": 135.03288352576106,
                "Country": "United States"
            }
        },
        {
            "type": "Feature",
            "id": 135,
            "geometry": {
                "type": "LineString",
                "coordinates": [
                    [
                        28.751944000000037,
                        41.27527800000007
                    ],
                    [
                        28.742540852000047,
                        41.28082099200003
                    ],
                    [
                        26.34090629800005,
                        42.64156401100007
                    ],
                    [
                        23.834409812000047,
                        43.94943631500007
                    ],
                    [
                        21.218076852000024,
                        45.19961391000004
                    ],
                    [
                        18.48762195100005,
                        46.38695895200004
                    ],
                    [
                        15.63972562300006,
                        47.50604472400005
                    ],
                    [
                        12.672350590000065,
                        48.55119845100006
                    ],
                    [
                        9.585087457000043,
                        49.51656538600008
                    ],
                    [
                        6.379512288000058,
                        50.396196976000056
                    ],
                    [
                        3.059529760000032,
                        51.18416463300008
                    ],
                    [
                        -0.36833301199993684,
                        51.87469863900003
                    ]
                ]
            },
            "properties": {
                "OID": 135,
                "Departure_Airport": "IST",
                "Destination_Code": "LTN",
                "Destination_Name": "London",
                "Airline": "Wizz Air UK",
                "Duration__minutes_": 255,
                "Reverse_Duration__minutes_": 305,
                "Distance__km_": 2507.0,
                "Flights_per_Day": 1.0,
                "Latitude": 51.874698638916016,
                "Longitude": -0.368333012,
                "Altitude": 526,
                "Name": "London Luton Airport",
                "StartLon": 28.751944,
                "StartLat": 41.275278,
                "ORIG_FID": 140,
                "Shape_Length": 31.150790025900893,
                "Country": "United Kingdom"
            }
        },
        {
            "type": "Feature",
            "id": 136,
            "geometry": {
                "type": "LineString",
                "coordinates": [
                    [
                        28.751944000000037,
                        41.27527800000007
                    ],
                    [
                        28.763869041000078,
                        41.27543332100004
                    ],
                    [
                        31.745724886000062,
                        41.275492763000045
                    ],
                    [
                        34.72407799300004,
                        41.19838372900006
                    ],
                    [
                        37.69198266200004,
                        41.04449209200004
                    ],
                    [
                        40.64270176700006,
                        40.81458096500006
                    ],
                    [
                        43.115001680000034,
                        40.56219863900003
                    ]
                ]
            },
            "properties": {
                "OID": 136,
                "Departure_Airport": "IST",
                "Destination_Code": "KSY",
                "Destination_Name": "Kars",
                "Airline": "Turkish Airlines",
                "Duration__minutes_": 125,
                "Reverse_Duration__minutes_": 155,
                "Distance__km_": 1212.0,
                "Flights_per_Day": 1.0,
                "Latitude": 40.562198638916016,
                "Longitude": 43.11500168,
                "Altitude": 5889,
                "Name": "Kars Airport",
                "StartLon": 28.751944,
                "StartLat": 41.275278,
                "ORIG_FID": 141,
                "Shape_Length": 14.390219152187345,
                "Country": "Turkey"
            }
        },
        {
            "type": "Feature",
            "id": 137,
            "geometry": {
                "type": "LineString",
                "coordinates": [
                    [
                        28.751944000000037,
                        41.27527800000007
                    ],
                    [
                        28.74223356500005,
                        41.28050728800008
                    ],
                    [
                        26.26525264000003,
                        42.56123965300003
                    ],
                    [
                        23.68716399300007,
                        43.78595284600004
                    ],
                    [
                        21.004354669000065,
                        44.94987983900006
                    ],
                    [
                        18.21408514600006,
                        46.04801090800004
                    ],
                    [
                        15.314749032000066,
                        47.075132918000065
                    ],
                    [
                        12.306153316000064,
                        48.02588610300006
                    ],
                    [
                        9.189805154000055,
                        48.894840342000066
                    ],
                    [
                        6.204444400000057,
                        49.62333330000007
                    ]
                ]
            },
            "properties": {
                "OID": 137,
                "Departure_Airport": "IST",
                "Destination_Code": "LUX",
                "Destination_Name": "Luxembourg",
                "Airline": "Turkish Airlines",
                "Duration__minutes_": 215,
                "Reverse_Duration__minutes_": 205,
                "Distance__km_": 1989.0,
                "Flights_per_Day": 1.0,
                "Latitude": 49.6233333,
                "Longitude": 6.2044444,
                "Altitude": 1234,
                "Name": "Luxembourg-Findel International Airport",
                "StartLon": 28.751944,
                "StartLat": 41.275278,
                "ORIG_FID": 142,
                "Shape_Length": 24.117197435007242,
                "Country": "Luxembourg"
            }
        },
        {
            "type": "Feature",
            "id": 138,
            "geometry": {
                "type": "LineString",
                "coordinates": [
                    [
                        28.751944000000037,
                        41.27527800000007
                    ],
                    [
                        28.763872123000056,
                        41.27501569400005
                    ],
                    [
                        31.74173832200006,
                        41.170735911000065
                    ],
                    [
                        34.70672249200004,
                        40.98977015100007
                    ],
                    [
                        37.65217164200004,
                        40.73301334800004
                    ],
                    [
                        40.57181317900006,
                        40.40171359000004
                    ],
                    [
                        43.45986202000006,
                        39.99744474400006
                    ],
                    [
                        46.31110689700006,
                        39.52207334800005
                    ],
                    [
                        49.12097368700006,
                        38.97772136000003
                    ],
                    [
                        51.88556515800008,
                        38.366726425000024
                    ],
                    [
                        54.601678038000045,
                        37.69160126200006
                    ],
                    [
                        57.26679947700006,
                        36.954993623000064
                    ],
                    [
                        59.640998840000066,
                        36.23519897500006
                    ]
                ]
            },
            "properties": {
                "OID": 138,
                "Departure_Airport": "IST",
                "Destination_Code": "MHD",
                "Destination_Name": "Mashad",
                "Airline": "Turkish Airlines",
                "Duration__minutes_": 240,
                "Reverse_Duration__minutes_": 280,
                "Distance__km_": 2735.0,
                "Flights_per_Day": 1.0,
                "Latitude": 36.235198974609375,
                "Longitude": 59.64099884033203,
                "Altitude": 3263,
                "Name": "Mashhad International Airport",
                "StartLon": 28.751944,
                "StartLat": 41.275278,
                "ORIG_FID": 143,
                "Shape_Length": 31.402933245527045,
                "Country": "Iran"
            }
        },
        {
            "type": "Feature",
            "id": 139,
            "geometry": {
                "type": "LineString",
                "coordinates": [
                    [
                        28.751944000000037,
                        41.27527800000007
                    ],
                    [
                        28.74177077400003,
                        41.27998633400006
                    ],
                    [
                        26.152166425000075,
                        42.42801314900004
                    ],
                    [
                        23.468919457000027,
                        43.51518763200005
                    ],
                    [
                        20.690600506000067,
                        44.53694468700007
                    ],
                    [
                        17.81686356800003,
                        45.48859839000005
                    ],
                    [
                        14.848654070000066,
                        46.36539905300003
                    ],
                    [
                        11.788409583000032,
                        47.162605033000034
                    ],
                    [
                        8.640236965000042,
                        47.87556911300004
                    ],
                    [
                        5.410046803000057,
                        48.49983800700005
                    ],
                    [
                        2.1056246790000728,
                        49.03126200500003
                    ],
                    [
                        -1.2633800689999362,
                        49.466110161000074
                    ],
                    [
                        -4.685563184999978,
                        49.80118486400005
                    ],
                    [
                        -8.14797942499996,
                        50.03392851900003
                    ],
                    [
                        -11.636458735999952,
                        50.16251462900004
                    ],
                    [
                        -15.136010061999968,
                        50.185916003000045
                    ],
                    [
                        -18.631286941999974,
                        50.103944297000055
                    ],
                    [
                        -22.107080592999978,
                        49.91725735300008
                    ],
                    [
                        -25.548802293999984,
                        49.62733367800007
                    ],
                    [
                        -28.94291839899995,
                        49.236416372000065
                    ],
                    [
                        -32.27730792699998,
                        48.74743135700004
                    ],
                    [
                        -35.54152291599996,
                        48.163886680000076
                    ],
                    [
                        -38.72694354999993,
                        47.48976049600003
                    ],
                    [
                        -41.82683123299995,
                        46.72938532300003
                    ],
                    [
                        -44.83629173799994,
                        45.88733526000004
                    ],
                    [
                        -47.752166287999955,
                        44.96832152700006
                    ],
                    [
                        -50.57287087399993,
                        43.97709998400006
                    ],
                    [
                        -53.29820380499996,
                        42.91839277300005
                    ],
                    [
                        -55.929139128999964,
                        41.79682474600003
                    ],
                    [
                        -58.46762015999997,
                        40.61687432300005
                    ],
                    [
                        -60.91636355099996,
                        39.38283761100007
                    ],
                    [
                        -63.27868081199995,
                        38.098804191000056
                    ],
                    [
                        -65.55832107899994,
                        36.768642767000074
                    ],
                    [
                        -67.75933659399993,
                        35.39599485900004
                    ],
                    [
                        -69.88597060099994,
                        33.98427483300003
                    ],
                    [
                        -71.94256623999996,
                        32.53667474700006
                    ],
                    [
                        -73.93349435699997,
                        31.05617271600005
                    ],
                    [
                        -75.86309784899998,
                        29.545543706000046
                    ],
                    [
                        -77.73565011299996,
                        28.007371904000024
                    ],
                    [
                        -79.55532526699994,
                        26.444063982000046
                    ],
                    [
                        -80.29060363999997,
                        25.793199539000057
                    ]
                ]
            },
            "properties": {
                "OID": 139,
                "Departure_Airport": "IST",
                "Destination_Code": "MIA",
                "Destination_Name": "Miami",
                "Airline": "Turkish Airlines",
                "Duration__minutes_": 775,
                "Reverse_Duration__minutes_": 695,
                "Distance__km_": 9636.0,
                "Flights_per_Day": 1.0,
                "Latitude": 25.79319953918457,
                "Longitude": -80.29060364,
                "Altitude": 8,
                "Name": "Miami International Airport",
                "StartLon": 28.751944,
                "StartLat": 41.275278,
                "ORIG_FID": 144,
                "Shape_Length": 116.35337998618718,
                "Country": "United States"
            }
        },
        {
            "type": "Feature",
            "id": 140,
            "geometry": {
                "type": "LineString",
                "coordinates": [
                    [
                        28.751944000000037,
                        41.27527800000007
                    ],
                    [
                        28.762253110000074,
                        41.27074363600008
                    ],
                    [
                        31.295149958000025,
                        40.10878496600003
                    ],
                    [
                        33.74137979900007,
                        38.89307437800005
                    ],
                    [
                        36.103967434000026,
                        37.62759487500006
                    ],
                    [
                        38.38637977600007,
                        36.31612533100008
                    ],
                    [
                        40.592398321000076,
                        34.96223286400004
                    ],
                    [
                        42.72601178300005,
                        33.56927136000007
                    ],
                    [
                        44.79132786500003,
                        32.14038475900003
                    ],
                    [
                        46.79250251500008,
                        30.678513864000024
                    ],
                    [
                        48.73368463200006,
                        29.186405683000032
                    ],
                    [
                        50.61897408900006,
                        27.666624444000036
                    ],
                    [
                        52.452391025000054,
                        26.121563639000044
                    ],
                    [
                        54.237854448000064,
                        24.553458592000027
                    ],
                    [
                        55.97916847400006,
                        22.96439915800005
                    ],
                    [
                        57.68001467500005,
                        21.356342288000064
                    ],
                    [
                        59.34394929500007,
                        19.731124264000073
                    ],
                    [
                        60.97440425800005,
                        18.090472478000038
                    ],
                    [
                        62.57469111800003,
                        16.436016683000048
                    ],
                    [
                        64.14800722600006,
                        14.769299688000046
                    ],
                    [
                        65.69744358000008,
                        13.09178748200003
                    ],
                    [
                        67.22599389500004,
                        11.40487881100006
                    ],
                    [
                        68.73656456500004,
                        9.70991424600004
                    ],
                    [
                        70.23198525000004,
                        8.008184776000064
                    ],
                    [
                        71.71501989700005,
                        6.300939983000035
                    ],
                    [
                        73.18837804900005,
                        4.589395864000039
                    ],
                    [
                        73.52909851100003,
                        4.191830158000073
                    ]
                ]
            },
            "properties": {
                "OID": 140,
                "Departure_Airport": "IST",
                "Destination_Code": "MLE",
                "Destination_Name": "Male",
                "Airline": "Turkish Airlines",
                "Duration__minutes_": 470,
                "Reverse_Duration__minutes_": 525,
                "Distance__km_": 6095.0,
                "Flights_per_Day": 1.0,
                "Latitude": 4.191830158233643,
                "Longitude": 73.52909851074219,
                "Altitude": 6,
                "Name": "Mal\u00e9 International Airport",
                "StartLon": 28.751944,
                "StartLat": 41.275278,
                "ORIG_FID": 145,
                "Shape_Length": 58.6832688189986,
                "Country": "Maldives"
            }
        },
        {
            "type": "Feature",
            "id": 141,
            "geometry": {
                "type": "LineString",
                "coordinates": [
                    [
                        28.751944000000037,
                        41.27527800000007
                    ],
                    [
                        28.751537202000065,
                        41.28427519000007
                    ],
                    [
                        28.64615103400007,
                        43.53308130400006
                    ],
                    [
                        28.532628423000062,
                        45.78089566700004
                    ],
                    [
                        28.409597373000054,
                        48.027700399000025
                    ],
                    [
                        28.275382496000077,
                        50.273479199000064
                    ],
                    [
                        28.127914111000052,
                        52.51821613700008
                    ],
                    [
                        28.030700680000052,
                        53.88249969000003
                    ]
                ]
            },
            "properties": {
                "OID": 141,
                "Departure_Airport": "IST",
                "Destination_Code": "MSQ",
                "Destination_Name": "Minsk",
                "Airline": "Belavia",
                "Duration__minutes_": 310,
                "Reverse_Duration__minutes_": 340,
                "Distance__km_": 1411.0,
                "Flights_per_Day": 1.0,
                "Latitude": 53.88249969,
                "Longitude": 28.03070068,
                "Altitude": 670,
                "Name": "Minsk National Airport",
                "StartLon": 28.751944,
                "StartLat": 41.275278,
                "ORIG_FID": 146,
                "Shape_Length": 12.628246825217996,
                "Country": "Belarus"
            }
        },
        {
            "type": "Feature",
            "id": 142,
            "geometry": {
                "type": "LineString",
                "coordinates": [
                    [
                        28.751944000000037,
                        41.27527800000007
                    ],
                    [
                        28.740456636000033,
                        41.27771649500005
                    ],
                    [
                        25.84252048600007,
                        41.85087740100005
                    ],
                    [
                        22.895817786000066,
                        42.349613856000076
                    ],
                    [
                        19.905821197000023,
                        42.77144314100008
                    ],
                    [
                        16.878837129000033,
                        43.11418537900005
                    ],
                    [
                        13.82192309800007,
                        43.37601294800004
                    ],
                    [
                        10.74277109600007,
                        43.55549433500005
                    ],
                    [
                        7.64956023600007,
                        43.651630047000026
                    ],
                    [
                        7.215869904000044,
                        43.658401490000074
                    ]
                ]
            },
            "properties": {
                "OID": 142,
                "Departure_Airport": "IST",
                "Destination_Code": "NCE",
                "Destination_Name": "Nice",
                "Airline": "Turkish Airlines",
                "Duration__minutes_": 195,
                "Reverse_Duration__minutes_": 190,
                "Distance__km_": 1789.0,
                "Flights_per_Day": 1.0,
                "Latitude": 43.65840149,
                "Longitude": 7.215869903560001,
                "Altitude": 12,
                "Name": "Nice-C\u00f4te d'Azur Airport",
                "StartLon": 28.751944,
                "StartLat": 41.275278,
                "ORIG_FID": 147,
                "Shape_Length": 21.701955714606584,
                "Country": "France"
            }
        },
        {
            "type": "Feature",
            "id": 143,
            "geometry": {
                "type": "LineString",
                "coordinates": [
                    [
                        28.751944000000037,
                        41.27527800000007
                    ],
                    [
                        28.763386032000028,
                        41.27273580600007
                    ],
                    [
                        31.595425069000044,
                        40.60197418300004
                    ],
                    [
                        34.368611024000074,
                        39.86311109800005
                    ],
                    [
                        37.08040108700004,
                        39.05929570600006
                    ],
                    [
                        39.729095992000055,
                        38.19375762000004
                    ],
                    [
                        42.058200000000056,
                        37.36470000000003
                    ]
                ]
            },
            "properties": {
                "OID": 143,
                "Departure_Airport": "IST",
                "Destination_Code": "NKT",
                "Destination_Name": "Cizre",
                "Airline": "Turkish Airlines",
                "Duration__minutes_": 135,
                "Reverse_Duration__minutes_": 150,
                "Distance__km_": 1231.0,
                "Flights_per_Day": 1.0,
                "Latitude": 37.3647,
                "Longitude": 42.0582,
                "Altitude": 2038,
                "Name": "\u015e\u0131rnak \u015eerafettin El\u00e7i Airport",
                "StartLon": 28.751944,
                "StartLat": 41.275278,
                "ORIG_FID": 148,
                "Shape_Length": 13.879665882090507,
                "Country": "Turkey"
            }
        },
        {
            "type": "Feature",
            "id": 144,
            "geometry": {
                "type": "LineString",
                "coordinates": [
                    [
                        28.751944000000037,
                        41.27527800000007
                    ],
                    [
                        28.762141357000075,
                        41.279956682000034
                    ],
                    [
                        31.357579745000066,
                        42.42043940600007
                    ],
                    [
                        34.04619038800007,
                        43.49981604300007
                    ],
                    [
                        36.829283118000035,
                        44.513537160000055
                    ],
                    [
                        39.707076190000066,
                        45.456939412000054
                    ],
                    [
                        42.678491818000055,
                        46.32530336500008
                    ],
                    [
                        45.74096044000004,
                        47.11392585100003
                    ],
                    [
                        48.89024990100006,
                        47.818206546000056
                    ],
                    [
                        52.120338470000036,
                        48.43374724200004
                    ],
                    [
                        55.42335169100005,
                        48.95646071600004
                    ],
                    [
                        58.78958170900006,
                        49.382684537000046
                    ],
                    [
                        62.20760325300006,
                        49.70929367300005
                    ],
                    [
                        65.66449282300005,
                        49.93380468700008
                    ],
                    [
                        69.14614734800006,
                        50.05446397600008
                    ],
                    [
                        72.63768709100003,
                        50.07031301000006
                    ],
                    [
                        76.12391678700004,
                        49.98122503600007
                    ],
                    [
                        79.58981105500004,
                        49.78790998100004
                    ],
                    [
                        83.02098670000004,
                        49.491887131000055
                    ],
                    [
                        86.40412636700006,
                        49.09542801300006
                    ],
                    [
                        89.72732476200008,
                        48.601474401000075
                    ],
                    [
                        92.98033876900007,
                        48.013538151000034
                    ],
                    [
                        96.15473432400006,
                        47.33559033700004
                    ],
                    [
                        99.24393370800004,
                        46.57194710600004
                    ],
                    [
                        102.24317547100009,
                        45.72715874900007
                    ],
                    [
                        105.14940461100008,
                        44.805907139000055
                    ],
                    [
                        107.96111290900006,
                        43.812915091000036
                    ],
                    [
                        110.67814886100007,
                        42.75286962800004
                    ],
                    [
                        113.30151434600009,
                        41.63035981200005
                    ],
                    [
                        115.83316179300004,
                        40.44982870700005
                    ],
                    [
                        116.58499908400006,
                        40.08010101000008
                    ]
                ]
            },
            "properties": {
                "OID": 144,
                "Departure_Airport": "IST",
                "Destination_Code": "PEK",
                "Destination_Name": "Beijing",
                "Airline": "Turkish Airlines",
                "Duration__minutes_": 555,
                "Reverse_Duration__minutes_": 685,
                "Distance__km_": 7099.0,
                "Flights_per_Day": 1.0,
                "Latitude": 40.08010101,
                "Longitude": 116.58499908447266,
                "Altitude": 116,
                "Name": "Beijing Capital International Airport",
                "StartLon": 28.751944,
                "StartLat": 41.275278,
                "ORIG_FID": 149,
                "Shape_Length": 90.57137886619186,
                "Country": "China"
            }
        },
        {
            "type": "Feature",
            "id": 145,
            "geometry": {
                "type": "LineString",
                "coordinates": [
                    [
                        28.751944000000037,
                        41.27527800000007
                    ],
                    [
                        28.740431699000055,
                        41.27764526100003
                    ],
                    [
                        25.837014501000056,
                        41.83285570400005
                    ],
                    [
                        22.88642919700004,
                        42.313411157000075
                    ],
                    [
                        21.03580100000005,
                        42.57280000000003
                    ]
                ]
            },
            "properties": {
                "OID": 145,
                "Departure_Airport": "IST",
                "Destination_Code": "PRN",
                "Destination_Name": "Pristina",
                "Airline": "Turkish Airlines",
                "Duration__minutes_": 100,
                "Reverse_Duration__minutes_": 110,
                "Distance__km_": 656.0,
                "Flights_per_Day": 1.0,
                "Latitude": 42.5728,
                "Longitude": 21.035801,
                "Altitude": 1789,
                "Name": "Pri\u0161tina International Airport",
                "StartLon": 28.751944,
                "StartLat": 41.275278,
                "ORIG_FID": 150,
                "Shape_Length": 7.826169731536148,
                "Country": "Serbia"
            }
        },
        {
            "type": "Feature",
            "id": 146,
            "geometry": {
                "type": "LineString",
                "coordinates": [
                    [
                        28.751944000000037,
                        41.27527800000007
                    ],
                    [
                        28.74013995100006,
                        41.27404620800007
                    ],
                    [
                        25.80407703900005,
                        40.928386354000054
                    ],
                    [
                        22.970899582000072,
                        40.51969909700006
                    ]
                ]
            },
            "properties": {
                "OID": 146,
                "Departure_Airport": "IST",
                "Destination_Code": "SKG",
                "Destination_Name": "Thessaloniki",
                "Airline": "Turkish Airlines",
                "Duration__minutes_": 83,
                "Reverse_Duration__minutes_": 90,
                "Distance__km_": 494.0,
                "Flights_per_Day": 1.0,
                "Latitude": 40.51969909667969,
                "Longitude": 22.97089958190918,
                "Altitude": 22,
                "Name": "Thessaloniki Macedonia International Airport",
                "StartLon": 28.751944,
                "StartLat": 41.275278,
                "ORIG_FID": 151,
                "Shape_Length": 5.830875406866357,
                "Country": "Greece"
            }
        },
        {
            "type": "Feature",
            "id": 147,
            "geometry": {
                "type": "LineString",
                "coordinates": [
                    [
                        28.751944000000037,
                        41.27527800000007
                    ],
                    [
                        28.763093581000078,
                        41.27849034500008
                    ],
                    [
                        31.584390676000055,
                        42.047053438000034
                    ],
                    [
                        34.47128380700008,
                        42.744535462000044
                    ],
                    [
                        37.42008014000004,
                        43.36758477500007
                    ],
                    [
                        40.42600476000007,
                        43.91304077800004
                    ],
                    [
                        43.48319774000004,
                        44.377998551000076
                    ],
                    [
                        46.58475262200005,
                        44.759874051000054
                    ],
                    [
                        49.72280030200005,
                        45.056466897000064
                    ],
                    [
                        52.88863918000004,
                        45.26601745000005
                    ],
                    [
                        56.07290862800005,
                        45.38725488800003
                    ],
                    [
                        59.26579885900003,
                        45.419433285000025
                    ],
                    [
                        62.45728665400003,
                        45.36235332800004
                    ],
                    [
                        65.63738366100006,
                        45.21636818700006
                    ],
                    [
                        68.79638262700007,
                        44.98237312900005
                    ],
                    [
                        71.92508715000008,
                        44.661779608000074
                    ],
                    [
                        75.01501230500008,
                        44.25647556400003
                    ],
                    [
                        78.05854654900008,
                        43.76877451300004
                    ],
                    [
                        81.04906908100008,
                        43.20135653800003
                    ],
                    [
                        83.98102082000008,
                        42.557204513000045
                    ],
                    [
                        86.84993080900006,
                        41.83953876700008
                    ],
                    [
                        89.65240277200007,
                        41.05175310300007
                    ],
                    [
                        92.38606850500008,
                        40.197354508000046
                    ],
                    [
                        95.04951581500006,
                        39.27990833200005
                    ],
                    [
                        97.64219882700007,
                        38.302990081000075
                    ],
                    [
                        100.16433794800008,
                        37.27014439800007
                    ],
                    [
                        102.61681580100009,
                        36.184851353000056
                    ],
                    [
                        105.00107422000008,
                        35.050499767000076
                    ],
                    [
                        107.31901613000008,
                        33.87036704900004
                    ],
                    [
                        109.57291494700007,
                        32.64760486200004
                    ],
                    [
                        111.76533312200007,
                        31.385229846000072
                    ],
                    [
                        113.89905057100009,
                        30.086118611000074
                    ],
                    [
                        115.97700311800008,
                        28.753006250000055
                    ],
                    [
                        118.00223061300005,
                        27.388487681000072
                    ],
                    [
                        119.97783406100007,
                        25.995021182000073
                    ],
                    [
                        121.23300200000006,
                        25.07770000000005
                    ]
                ]
            },
            "properties": {
                "OID": 147,
                "Departure_Airport": "IST",
                "Destination_Code": "TPE",
                "Destination_Name": "Taipei",
                "Airline": "Turkish Airlines",
                "Duration__minutes_": 640,
                "Reverse_Duration__minutes_": 765,
                "Distance__km_": 8442.0,
                "Flights_per_Day": 1.0,
                "Latitude": 25.0777,
                "Longitude": 121.233002,
                "Altitude": 106,
                "Name": "Taiwan Taoyuan International Airport",
                "StartLon": 28.751944,
                "StartLat": 41.275278,
                "ORIG_FID": 152,
                "Shape_Length": 97.27621163833219,
                "Country": "Taiwan"
            }
        },
        {
            "type": "Feature",
            "id": 148,
            "geometry": {
                "type": "LineString",
                "coordinates": [
                    [
                        28.751944000000037,
                        41.27527800000007
                    ],
                    [
                        28.743657650000046,
                        41.26879968000003
                    ],
                    [
                        26.722060062000025,
                        39.63092102100006
                    ],
                    [
                        24.79455815400007,
                        37.95902226000004
                    ],
                    [
                        22.95328456900006,
                        36.25646859600005
                    ],
                    [
                        21.190849339000067,
                        34.52629045700007
                    ],
                    [
                        19.500345022000033,
                        32.77121984200005
                    ],
                    [
                        17.875336497000035,
                        30.99372396800004
                    ],
                    [
                        16.309840562000034,
                        29.196036005000053
                    ],
                    [
                        14.798299113000041,
                        27.380182882000042
                    ],
                    [
                        13.335548660000029,
                        25.548010287000068
                    ],
                    [
                        11.916788108000048,
                        23.701205034000054
                    ],
                    [
                        10.537546138000039,
                        21.84131502200006
                    ],
                    [
                        9.193649084000072,
                        19.969767028000035
                    ],
                    [
                        7.881189834000054,
                        18.087882567000065
                    ],
                    [
                        6.596498089000022,
                        16.196892051000077
                    ],
                    [
                        5.336112115000049,
                        14.297947458000067
                    ],
                    [
                        4.0967520250000575,
                        12.392133727000044
                    ],
                    [
                        2.875294519000022,
                        10.480479037000066
                    ],
                    [
                        1.6687490010000374,
                        8.563964171000066
                    ],
                    [
                        0.47423489900006643,
                        6.643531087000042
                    ],
                    [
                        -0.16678599999994503,
                        5.605189800000062
                    ]
                ]
            },
            "properties": {
                "OID": 148,
                "Departure_Airport": "IST",
                "Destination_Code": "ACC",
                "Destination_Name": "Accra",
                "Airline": "Turkish Airlines",
                "Duration__minutes_": 440,
                "Reverse_Duration__minutes_": 430,
                "Distance__km_": 4920.0,
                "Flights_per_Day": 1.0,
                "Latitude": 5.605189800262451,
                "Longitude": -0.166786,
                "Altitude": 205,
                "Name": "Kotoka International Airport",
                "StartLon": 28.751944,
                "StartLat": 41.275278,
                "ORIG_FID": 153,
                "Shape_Length": 46.174871537472626,
                "Country": "Ghana"
            }
        },
        {
            "type": "Feature",
            "id": 149,
            "geometry": {
                "type": "LineString",
                "coordinates": [
                    [
                        28.751944000000037,
                        41.27527800000007
                    ],
                    [
                        28.762993314000028,
                        41.271899724000036
                    ],
                    [
                        31.48934188000004,
                        40.394610053000065
                    ],
                    [
                        34.143388178000066,
                        39.45458535200004
                    ],
                    [
                        36.72483032800005,
                        38.45547621700007
                    ],
                    [
                        38.46889877000007,
                        37.73139954000004
                    ]
                ]
            },
            "properties": {
                "OID": 149,
                "Departure_Airport": "IST",
                "Destination_Code": "ADF",
                "Destination_Name": "Adiyaman",
                "Airline": "Turkish Airlines",
                "Duration__minutes_": 110,
                "Reverse_Duration__minutes_": 125,
                "Distance__km_": 909.0,
                "Flights_per_Day": 1.0,
                "Latitude": 37.73139954,
                "Longitude": 38.46889877,
                "Altitude": 2216,
                "Name": "Ad\u0131yaman Airport",
                "StartLon": 28.751944,
                "StartLat": 41.275278,
                "ORIG_FID": 154,
                "Shape_Length": 10.347946518816181,
                "Country": "Turkey"
            }
        },
        {
            "type": "Feature",
            "id": 150,
            "geometry": {
                "type": "LineString",
                "coordinates": [
                    [
                        28.751944000000037,
                        41.27527800000007
                    ],
                    [
                        28.743821826000044,
                        41.28187490600004
                    ],
                    [
                        26.66045494100007,
                        42.91222132200005
                    ],
                    [
                        24.465720399000077,
                        44.502165019000074
                    ],
                    [
                        22.150136307000025,
                        46.04717068400004
                    ],
                    [
                        19.70395360400005,
                        47.54219719300005
                    ],
                    [
                        17.117361001000063,
                        48.981658811000045
                    ],
                    [
                        14.380778841000051,
                        50.35939513900007
                    ],
                    [
                        11.48526079900006,
                        51.66865588500008
                    ],
                    [
                        8.423019509000028,
                        52.90210837200004
                    ],
                    [
                        5.188084310000022,
                        54.051877372000035
                    ],
                    [
                        1.7770840790000761,
                        55.109628058000055
                    ],
                    [
                        -1.8098759719999293,
                        56.06670285700005
                    ],
                    [
                        -5.56830772099994,
                        56.91432088100004
                    ],
                    [
                        -9.48850650099996,
                        57.643843641000046
                    ],
                    [
                        -13.554928618999952,
                        58.24710218400003
                    ],
                    [
                        -17.745937384999934,
                        58.71676925200006
                    ],
                    [
                        -22.034061794999957,
                        59.04674702700004
                    ],
                    [
                        -26.38685537699996,
                        59.23252990700007
                    ],
                    [
                        -30.76834421999996,
                        59.271496497000044
                    ],
                    [
                        -35.140933236999956,
                        59.16308901200006
                    ],
                    [
                        -39.467533859999946,
                        58.90885235500008
                    ],
                    [
                        -43.713621832999934,
                        58.51232665800006
                    ],
                    [
                        -47.84895119899994,
                        57.97881023600007
                    ],
                    [
                        -51.84873330299996,
                        57.315028522000034
                    ],
                    [
                        -55.69420710999998,
                        56.528753936000044
                    ],
                    [
                        -59.37264065499994,
                        55.62842103400004
                    ],
                    [
                        -62.876883574999965,
                        54.622772706000035
                    ],
                    [
                        -66.20462603899995,
                        53.52056073400007
                    ],
                    [
                        -69.35751544999994,
                        52.33031134200007
                    ],
                    [
                        -72.34025352899994,
                        51.06015611200007
                    ],
                    [
                        -75.15975803899994,
                        49.71772183200005
                    ],
                    [
                        -77.82443677199996,
                        48.31006925400004
                    ],
                    [
                        -80.34359235199997,
                        46.84366980100003
                    ],
                    [
                        -82.72695671399998,
                        45.32440987700005
                    ],
                    [
                        -84.98434252899995,
                        43.75761396300004
                    ],
                    [
                        -87.12539367299996,
                        42.148079446000054
                    ],
                    [
                        -89.15941567299996,
                        40.50011789300004
                    ],
                    [
                        -91.09526832399996,
                        38.817598943000064
                    ],
                    [
                        -92.94130510099995,
                        37.10399423700005
                    ],
                    [
                        -94.70534670299998,
                        35.36241971000004
                    ],
                    [
                        -96.39467872799997,
                        33.59567524500005
                    ],
                    [
                        -97.03800199999995,
                        32.89680100000004
                    ]
                ]
            },
            "properties": {
                "OID": 150,
                "Departure_Airport": "IST",
                "Destination_Code": "DFW",
                "Destination_Name": "Dallas",
                "Airline": "Turkish Airlines",
                "Duration__minutes_": 800,
                "Reverse_Duration__minutes_": 730,
                "Distance__km_": 10130.0,
                "Flights_per_Day": 1.0,
                "Latitude": 32.896801,
                "Longitude": -97.038002,
                "Altitude": 607,
                "Name": "Dallas Fort Worth International Airport",
                "StartLon": 28.751944,
                "StartLat": 41.275278,
                "ORIG_FID": 155,
                "Shape_Length": 137.00299512885076,
                "Country": "United States"
            }
        },
        {
            "type": "Feature",
            "id": 151,
            "geometry": {
                "type": "LineString",
                "coordinates": [
                    [
                        28.751944000000037,
                        41.27527800000007
                    ],
                    [
                        28.752883457000053,
                        41.266306308000026
                    ],
                    [
                        28.980056734000073,
                        39.02271563100004
                    ],
                    [
                        29.193298910000067,
                        36.777844284000025
                    ],
                    [
                        29.394447657000057,
                        34.531763245000036
                    ],
                    [
                        29.585068721000027,
                        32.28454070400005
                    ],
                    [
                        29.69639968900003,
                        30.91769981400006
                    ]
                ]
            },
            "properties": {
                "OID": 151,
                "Departure_Airport": "IST",
                "Destination_Code": "HBE",
                "Destination_Name": "Alexandria",
                "Airline": "Turkish Airlines",
                "Duration__minutes_": 135,
                "Reverse_Duration__minutes_": 155,
                "Distance__km_": 1160.0,
                "Flights_per_Day": 1.0,
                "Latitude": 30.917699813842773,
                "Longitude": 29.696399688720703,
                "Altitude": 177,
                "Name": "Borg El Arab International Airport",
                "StartLon": 28.751944,
                "StartLat": 41.275278,
                "ORIG_FID": 156,
                "Shape_Length": 10.40080189022649,
                "Country": "Egypt"
            }
        },
        {
            "type": "Feature",
            "id": 152,
            "geometry": {
                "type": "LineString",
                "coordinates": [
                    [
                        28.751944000000037,
                        41.27527800000007
                    ],
                    [
                        28.76386747300006,
                        41.275049453000065
                    ],
                    [
                        31.740957559000037,
                        41.179232600000034
                    ],
                    [
                        34.70592878000008,
                        41.00674751200006
                    ],
                    [
                        37.65210732700007,
                        40.75844737500006
                    ],
                    [
                        40.57318587900005,
                        40.43554023300004
                    ],
                    [
                        43.46333244600004,
                        40.03956242900006
                    ],
                    [
                        43.87664795000006,
                        39.97662735000006
                    ]
                ]
            },
            "properties": {
                "OID": 152,
                "Departure_Airport": "IST",
                "Destination_Code": "IGD",
                "Destination_Name": "Igdir",
                "Airline": "Turkish Airlines",
                "Duration__minutes_": 135,
                "Reverse_Duration__minutes_": 155,
                "Distance__km_": 1307.0,
                "Flights_per_Day": 1.0,
                "Latitude": 39.97662735,
                "Longitude": 43.87664795,
                "Altitude": 3101,
                "Name": "I\u011fd\u0131r Airport",
                "StartLon": 28.751944,
                "StartLat": 41.275278,
                "ORIG_FID": 157,
                "Shape_Length": 15.191679100098588,
                "Country": "Turkey"
            }
        },
        {
            "type": "Feature",
            "id": 153,
            "geometry": {
                "type": "LineString",
                "coordinates": [
                    [
                        28.751944000000037,
                        41.27527800000007
                    ],
                    [
                        28.763875186000064,
                        41.27550530700006
                    ],
                    [
                        31.748089262000065,
                        41.293505939000056
                    ],
                    [
                        34.73042090800004,
                        41.234167813000056
                    ],
                    [
                        37.703874649000056,
                        41.09778881100004
                    ],
                    [
                        40.66163308400007,
                        40.88504828300006
                    ],
                    [
                        43.59718860300006,
                        40.59699149000005
                    ],
                    [
                        46.504460950000066,
                        40.23500622100005
                    ],
                    [
                        49.377896012000065,
                        39.800792854000065
                    ],
                    [
                        52.21254269600007,
                        39.29632931200007
                    ],
                    [
                        55.004106396000054,
                        38.723832583000046
                    ],
                    [
                        57.74897909200007,
                        38.08571842900005
                    ],
                    [
                        60.44424751300005,
                        37.384560848000035
                    ],
                    [
                        63.08768182400007,
                        36.62305265100008
                    ],
                    [
                        65.67770802800004,
                        35.80396826800006
                    ],
                    [
                        68.21336757600005,
                        34.93012964400003
                    ],
                    [
                        69.21230300000008,
                        34.56589900000006
                    ]
                ]
            },
            "properties": {
                "OID": 153,
                "Departure_Airport": "IST",
                "Destination_Code": "KBL",
                "Destination_Name": "Kabul",
                "Airline": "Ariana Afghan Airlines",
                "Duration__minutes_": 300,
                "Reverse_Duration__minutes_": 360,
                "Distance__km_": 3612.0,
                "Flights_per_Day": 1.0,
                "Latitude": 34.565899,
                "Longitude": 69.212303,
                "Altitude": 5877,
                "Name": "Hamid Karzai International Airport",
                "StartLon": 28.751944,
                "StartLat": 41.275278,
                "ORIG_FID": 158,
                "Shape_Length": 41.25222856433878,
                "Country": "Afghanistan"
            }
        },
        {
            "type": "Feature",
            "id": 154,
            "geometry": {
                "type": "LineString",
                "coordinates": [
                    [
                        28.751944000000037,
                        41.27527800000007
                    ],
                    [
                        28.752367372000037,
                        41.26627966700005
                    ],
                    [
                        28.854734731000065,
                        39.01620867300005
                    ],
                    [
                        28.95080881100006,
                        36.76518313300005
                    ],
                    [
                        29.04142257500007,
                        34.513230846000056
                    ],
                    [
                        29.127285194000024,
                        32.260383284000056
                    ],
                    [
                        29.209005641000033,
                        30.006675770000072
                    ],
                    [
                        29.28711123000005,
                        27.752147578000063
                    ],
                    [
                        29.362062352000066,
                        25.49684193300004
                    ],
                    [
                        29.434264300000052,
                        23.240805951000027
                    ],
                    [
                        29.504076858000076,
                        20.984090510000044
                    ],
                    [
                        29.57182215100005,
                        18.72675007500004
                    ],
                    [
                        29.637791148000076,
                        16.468842476000077
                    ],
                    [
                        29.702249102000053,
                        14.210428642000068
                    ],
                    [
                        29.765440154000032,
                        11.95157230600006
                    ],
                    [
                        29.82759129300007,
                        9.692339677000064
                    ],
                    [
                        29.88891579400007,
                        7.432799088000024
                    ],
                    [
                        29.94961627200007,
                        5.173020620000045
                    ],
                    [
                        30.009887433000074,
                        2.9130757120000226
                    ],
                    [
                        30.069918613000027,
                        0.6530367570000521
                    ],
                    [
                        30.12989617100004,
                        -1.6070233129999565
                    ],
                    [
                        30.139500000000055,
                        -1.968629999999962
                    ]
                ]
            },
            "properties": {
                "OID": 154,
                "Departure_Airport": "IST",
                "Destination_Code": "KGL",
                "Destination_Name": "Kigali",
                "Airline": "Turkish Airlines",
                "Duration__minutes_": 430,
                "Reverse_Duration__minutes_": 430,
                "Distance__km_": 4833.0,
                "Flights_per_Day": 1.0,
                "Latitude": -1.96863,
                "Longitude": 30.1395,
                "Altitude": 4859,
                "Name": "Kigali International Airport",
                "StartLon": 28.751944,
                "StartLat": 41.275278,
                "ORIG_FID": 159,
                "Shape_Length": 43.26687840425775,
                "Country": "Rwanda"
            }
        },
        {
            "type": "Feature",
            "id": 155,
            "geometry": {
                "type": "LineString",
                "coordinates": [
                    [
                        28.751944000000037,
                        41.27527800000007
                    ],
                    [
                        28.763686652000047,
                        41.27370503100008
                    ],
                    [
                        31.68071768300007,
                        40.84320542000006
                    ],
                    [
                        34.557109583000056,
                        40.33991231300007
                    ],
                    [
                        37.38813869000006,
                        39.76614787200003
                    ],
                    [
                        40.169840495000074,
                        39.12445132800008
                    ],
                    [
                        41.66120147700008,
                        38.74779892000004
                    ]
                ]
            },
            "properties": {
                "OID": 155,
                "Departure_Airport": "IST",
                "Destination_Code": "MSR",
                "Destination_Name": "Mus",
                "Airline": "Turkish Airlines",
                "Duration__minutes_": 125,
                "Reverse_Duration__minutes_": 145,
                "Distance__km_": 1139.0,
                "Flights_per_Day": 1.0,
                "Latitude": 38.74779891967773,
                "Longitude": 41.66120147705078,
                "Altitude": 4157,
                "Name": "Mu\u015f Airport",
                "StartLon": 28.751944,
                "StartLat": 41.275278,
                "ORIG_FID": 160,
                "Shape_Length": 13.162457444787497,
                "Country": "Turkey"
            }
        },
        {
            "type": "Feature",
            "id": 156,
            "geometry": {
                "type": "LineString",
                "coordinates": [
                    [
                        28.751944000000037,
                        41.27527800000007
                    ],
                    [
                        28.74002633400005,
                        41.27570754100003
                    ],
                    [
                        25.75687867000005,
                        41.34431108100006
                    ],
                    [
                        22.77100241900007,
                        41.33549413600008
                    ],
                    [
                        19.78945979300005,
                        41.249301133000074
                    ],
                    [
                        16.81922541600005,
                        41.08616476700007
                    ],
                    [
                        14.290800000000047,
                        40.886002000000076
                    ]
                ]
            },
            "properties": {
                "OID": 156,
                "Departure_Airport": "IST",
                "Destination_Code": "NAP",
                "Destination_Name": "Naples",
                "Airline": "Turkish Airlines",
                "Duration__minutes_": 145,
                "Reverse_Duration__minutes_": 150,
                "Distance__km_": 1216.0,
                "Flights_per_Day": 1.0,
                "Latitude": 40.886002,
                "Longitude": 14.2908,
                "Altitude": 294,
                "Name": "Naples International Airport",
                "StartLon": 28.751944,
                "StartLat": 41.275278,
                "ORIG_FID": 161,
                "Shape_Length": 14.475973708374166,
                "Country": "Italy"
            }
        },
        {
            "type": "Feature",
            "id": 157,
            "geometry": {
                "type": "LineString",
                "coordinates": [
                    [
                        28.751944000000037,
                        41.27527800000007
                    ],
                    [
                        28.756218777000072,
                        41.26687499500008
                    ],
                    [
                        29.791991505000055,
                        39.16097777600004
                    ],
                    [
                        30.767637415000024,
                        37.04564288100005
                    ],
                    [
                        31.690478873000075,
                        34.92196047600004
                    ],
                    [
                        32.56686938900003,
                        32.79087646200003
                    ],
                    [
                        33.40235448800007,
                        30.65321842800006
                    ],
                    [
                        34.20180373100004,
                        28.509716558000036
                    ],
                    [
                        34.39500046000006,
                        27.977300640000067
                    ]
                ]
            },
            "properties": {
                "OID": 157,
                "Departure_Airport": "IST",
                "Destination_Code": "SSH",
                "Destination_Name": "Sharm el Sheikh",
                "Airline": "Turkish Airlines",
                "Duration__minutes_": 160,
                "Reverse_Duration__minutes_": 180,
                "Distance__km_": 1572.0,
                "Flights_per_Day": 1.0,
                "Latitude": 27.97730064,
                "Longitude": 34.39500046,
                "Altitude": 143,
                "Name": "Sharm El Sheikh International Airport",
                "StartLon": 28.751944,
                "StartLat": 41.275278,
                "ORIG_FID": 162,
                "Shape_Length": 14.455021932397784,
                "Country": "Egypt"
            }
        },
        {
            "type": "Feature",
            "id": 158,
            "geometry": {
                "type": "LineString",
                "coordinates": [
                    [
                        28.751944000000037,
                        41.27527800000007
                    ],
                    [
                        28.762879987000076,
                        41.27167277400008
                    ],
                    [
                        31.45899879700005,
                        40.338341909000064
                    ],
                    [
                        34.07947420700003,
                        39.343754723000075
                    ],
                    [
                        36.624638524000034,
                        38.29167135100005
                    ],
                    [
                        39.09554697000004,
                        37.185773253000036
                    ],
                    [
                        41.493858630000034,
                        36.02963449400005
                    ],
                    [
                        43.82172404600004,
                        34.82670045400005
                    ],
                    [
                        46.08168240700007,
                        33.580273127000055
                    ],
                    [
                        48.27657001000006,
                        32.293502051000075
                    ],
                    [
                        50.40944067700008,
                        30.969379961000072
                    ],
                    [
                        52.48349806200008,
                        29.610742238000057
                    ],
                    [
                        52.589801788000045,
                        29.53919982900004
                    ]
                ]
            },
            "properties": {
                "OID": 158,
                "Departure_Airport": "IST",
                "Destination_Code": "SYZ",
                "Destination_Name": "Shiraz",
                "Airline": "Turkish Airlines",
                "Duration__minutes_": 230,
                "Reverse_Duration__minutes_": 260,
                "Distance__km_": 2525.0,
                "Flights_per_Day": 1.0,
                "Latitude": 29.53919982910156,
                "Longitude": 52.58980178833008,
                "Altitude": 4920,
                "Name": "Shiraz Shahid Dastghaib International Airport",
                "StartLon": 28.751944,
                "StartLat": 41.275278,
                "ORIG_FID": 163,
                "Shape_Length": 26.655401120546557,
                "Country": "Iran"
            }
        },
        {
            "type": "Feature",
            "id": 159,
            "geometry": {
                "type": "LineString",
                "coordinates": [
                    [
                        28.751944000000037,
                        41.27527800000007
                    ],
                    [
                        28.75061783800004,
                        41.28422597500003
                    ],
                    [
                        28.407129558000065,
                        43.52027689000005
                    ],
                    [
                        28.03729686400004,
                        45.75434011200008
                    ],
                    [
                        27.636723692000032,
                        47.98623058700008
                    ],
                    [
                        27.20005739000004,
                        50.21572818300007
                    ],
                    [
                        26.720708236000064,
                        52.44256566700005
                    ],
                    [
                        26.19046546800007,
                        54.66641220400004
                    ],
                    [
                        25.598962607000033,
                        56.886850303000074
                    ],
                    [
                        24.932918839000024,
                        59.103342991000034
                    ],
                    [
                        24.832799910000062,
                        59.41329956000004
                    ]
                ]
            },
            "properties": {
                "OID": 159,
                "Departure_Airport": "IST",
                "Destination_Code": "TLL",
                "Destination_Name": "Tallinn",
                "Airline": "Turkish Airlines",
                "Duration__minutes_": 220,
                "Reverse_Duration__minutes_": 225,
                "Distance__km_": 2047.0,
                "Flights_per_Day": 1.0,
                "Latitude": 59.41329956049999,
                "Longitude": 24.83279991,
                "Altitude": 131,
                "Name": "Lennart Meri Tallinn Airport",
                "StartLon": 28.751944,
                "StartLat": 41.275278,
                "ORIG_FID": 164,
                "Shape_Length": 18.57759732566185,
                "Country": "Estonia"
            }
        },
        {
            "type": "Feature",
            "id": 160,
            "geometry": {
                "type": "LineString",
                "coordinates": [
                    [
                        28.751944000000037,
                        41.27527800000007
                    ],
                    [
                        28.74340201900003,
                        41.281565700000044
                    ],
                    [
                        26.555114622000076,
                        42.83269191100004
                    ],
                    [
                        24.25622211800004,
                        44.33946476700004
                    ],
                    [
                        21.838509697000063,
                        45.79718067200008
                    ],
                    [
                        19.293825698000035,
                        47.20067513300006
                    ],
                    [
                        16.614332759000035,
                        48.54430424200007
                    ],
                    [
                        13.792838643000039,
                        49.82193936200008
                    ],
                    [
                        10.823215549000054,
                        51.026980974000026
                    ],
                    [
                        7.700910350000072,
                        52.15239856900007
                    ],
                    [
                        4.423537302000057,
                        53.19080414200005
                    ],
                    [
                        0.9915285670000458,
                        54.13456645500003
                    ],
                    [
                        -2.59120325899994,
                        54.975971651000066
                    ],
                    [
                        -6.316660050999928,
                        55.70743217300003
                    ],
                    [
                        -10.17230131599996,
                        56.32174035000003
                    ],
                    [
                        -14.140837816999976,
                        56.812355396000044
                    ],
                    [
                        -18.20037083799997,
                        57.17370422100004
                    ],
                    [
                        -22.324940324999943,
                        57.40146896200008
                    ],
                    [
                        -26.485488287999942,
                        57.492829974000074
                    ],
                    [
                        -30.65117149799994,
                        57.446634206000056
                    ],
                    [
                        -34.79088771399995,
                        57.26346628600004
                    ],
                    [
                        -38.874833630999944,
                        56.94561231300003
                    ],
                    [
                        -42.87590564699997,
                        56.49692149500004
                    ],
                    [
                        -46.77078900399994,
                        55.922584587000074
                    ],
                    [
                        -50.540645068999936,
                        55.22885749100004
                    ],
                    [
                        -54.17138030799998,
                        54.42276152300008
                    ],
                    [
                        -57.653544023999984,
                        53.51178930600008
                    ],
                    [
                        -60.98194244399997,
                        52.50363856000007
                    ],
                    [
                        -64.15507149199993,
                        51.40598775700005
                    ],
                    [
                        -67.17446431399998,
                        50.22631962400004
                    ],
                    [
                        -70.04403062699998,
                        48.97179212100008
                    ],
                    [
                        -72.76944133799998,
                        47.64915230100007
                    ],
                    [
                        -75.35758959099996,
                        46.26468620600008
                    ],
                    [
                        -77.81614140999994,
                        44.824197268000034
                    ],
                    [
                        -79.63059997999994,
                        43.677200320000054
                    ]
                ]
            },
            "properties": {
                "OID": 160,
                "Departure_Airport": "IST",
                "Destination_Code": "YYZ",
                "Destination_Name": "Toronto",
                "Airline": "Turkish Airlines",
                "Duration__minutes_": 655,
                "Reverse_Duration__minutes_": 605,
                "Distance__km_": 8216.0,
                "Flights_per_Day": 1.0,
                "Latitude": 43.67720032,
                "Longitude": -79.63059998,
                "Altitude": 569,
                "Name": "Lester B. Pearson International Airport",
                "StartLon": 28.751944,
                "StartLat": 41.275278,
                "ORIG_FID": 165,
                "Shape_Length": 114.23114678437982,
                "Country": "Canada"
            }
        },
        {
            "type": "Feature",
            "id": 161,
            "geometry": {
                "type": "LineString",
                "coordinates": [
                    [
                        28.751944000000037,
                        41.27527800000007
                    ],
                    [
                        28.762379167000063,
                        41.27091366600007
                    ],
                    [
                        31.327846745000045,
                        40.15074951300005
                    ],
                    [
                        33.80839248500007,
                        38.975387743000056
                    ],
                    [
                        36.20654922700004,
                        37.74879192800006
                    ],
                    [
                        38.52535355400005,
                        36.47474256900006
                    ],
                    [
                        40.76821668700006,
                        35.15682530300006
                    ],
                    [
                        42.938813535000065,
                        33.79842567700007
                    ],
                    [
                        45.040989668000066,
                        32.40272917400006
                    ],
                    [
                        47.07868513300008,
                        30.972725242000024
                    ],
                    [
                        47.662101746000076,
                        30.549100876000068
                    ]
                ]
            },
            "properties": {
                "OID": 161,
                "Departure_Airport": "IST",
                "Destination_Code": "BSR",
                "Destination_Name": "Basra",
                "Airline": "Iraqi Airways",
                "Duration__minutes_": 200,
                "Reverse_Duration__minutes_": 275,
                "Distance__km_": 2082.0,
                "Flights_per_Day": 1.0,
                "Latitude": 30.54910087585449,
                "Longitude": 47.66210174560547,
                "Altitude": 11,
                "Name": "Basrah International Airport",
                "StartLon": 28.751944,
                "StartLat": 41.275278,
                "ORIG_FID": 166,
                "Shape_Length": 21.791443120907438,
                "Country": "Iraq"
            }
        },
        {
            "type": "Feature",
            "id": 162,
            "geometry": {
                "type": "LineString",
                "coordinates": [
                    [
                        28.751944000000037,
                        41.27527800000007
                    ],
                    [
                        28.76156774900005,
                        41.280603222000025
                    ],
                    [
                        31.21738520100007,
                        42.58576959100003
                    ],
                    [
                        33.775570010000024,
                        43.83580511900004
                    ],
                    [
                        36.440145003000055,
                        45.025915404000045
                    ],
                    [
                        39.21430901600007,
                        46.15104135400003
                    ],
                    [
                        42.10017025800005,
                        47.205894526000066
                    ],
                    [
                        45.09845353000003,
                        48.18501021000003
                    ],
                    [
                        48.20819434300006,
                        49.08282070700005
                    ],
                    [
                        51.42643970000006,
                        49.89375033500005
                    ],
                    [
                        54.74798221200007,
                        50.61233219500008
                    ],
                    [
                        58.16515986400003,
                        51.23334462000008
                    ],
                    [
                        61.667756403000055,
                        51.75196259100005
                    ],
                    [
                        65.24303514200005,
                        52.16391660600004
                    ],
                    [
                        68.87593051500005,
                        52.46564886900006
                    ],
                    [
                        72.54940676300004,
                        52.654454902000055
                    ],
                    [
                        76.24497308600007,
                        52.72859829200007
                    ],
                    [
                        79.94332285400003,
                        52.68738763400006
                    ],
                    [
                        83.62504544200004,
                        52.53120789800005
                    ],
                    [
                        87.27134747100007,
                        52.26150290800007
                    ],
                    [
                        90.86471869700006,
                        51.88071080900005
                    ],
                    [
                        94.38948684900004,
                        51.392159108000044
                    ],
                    [
                        97.83222304800006,
                        50.79992950500008
                    ],
                    [
                        101.18198096400005,
                        50.108704611000064
                    ],
                    [
                        104.43037374000005,
                        49.323608715000034
                    ],
                    [
                        107.57150939600007,
                        48.45005334100006
                    ],
                    [
                        110.60181576300005,
                        47.49359592900004
                    ],
                    [
                        113.51978986800009,
                        46.459817118000046
                    ],
                    [
                        116.32570524000005,
                        45.35421945200005
                    ],
                    [
                        119.02130559600005,
                        44.18214799200007
                    ],
                    [
                        121.60950671400008,
                        42.94873168600003
                    ],
                    [
                        124.09412135500008,
                        41.65884323900008
                    ],
                    [
                        126.47961598500001,
                        40.317074701000024
                    ],
                    [
                        128.77090311200004,
                        38.92772582900005
                    ],
                    [
                        130.97316946400008,
                        37.494802424000056
                    ],
                    [
                        133.09173791000012,
                        36.02202214400006
                    ],
                    [
                        135.13195963200008,
                        34.51282564500008
                    ],
                    [
                        135.24400329600007,
                        34.42729950000006
                    ]
                ]
            },
            "properties": {
                "OID": 162,
                "Departure_Airport": "IST",
                "Destination_Code": "KIX",
                "Destination_Name": "Osaka",
                "Airline": "Turkish Airlines",
                "Duration__minutes_": 640,
                "Reverse_Duration__minutes_": 790,
                "Distance__km_": 8793.0,
                "Flights_per_Day": 1.0,
                "Latitude": 34.42729949951172,
                "Longitude": 135.24400329589844,
                "Altitude": 26,
                "Name": "Kansai International Airport",
                "StartLon": 28.751944,
                "StartLat": 41.275278,
                "ORIG_FID": 167,
                "Shape_Length": 112.29574128424771,
                "Country": "Japan"
            }
        },
        {
            "type": "Feature",
            "id": 163,
            "geometry": {
                "type": "LineString",
                "coordinates": [
                    [
                        28.751944000000037,
                        41.27527800000007
                    ],
                    [
                        28.74015632800007,
                        41.27388303200007
                    ],
                    [
                        25.809976540000036,
                        40.887564428000076
                    ],
                    [
                        22.916871168000057,
                        40.42768999400005
                    ],
                    [
                        20.06590929600003,
                        39.89640878100005
                    ],
                    [
                        17.26143453000003,
                        39.29610990700007
                    ],
                    [
                        14.507040338000024,
                        38.62937838900007
                    ],
                    [
                        11.805569310000067,
                        37.89895124900005
                    ],
                    [
                        9.159133143000076,
                        37.10767536000003
                    ],
                    [
                        6.6203899380000735,
                        36.27600098000005
                    ]
                ]
            },
            "properties": {
                "OID": 163,
                "Departure_Airport": "IST",
                "Destination_Code": "CZL",
                "Destination_Name": "Constantine",
                "Airline": "Air Algerie",
                "Duration__minutes_": 215,
                "Reverse_Duration__minutes_": 195,
                "Distance__km_": 2000.0,
                "Flights_per_Day": 1.0,
                "Latitude": 36.27600098,
                "Longitude": 6.620389938354492,
                "Altitude": 2265,
                "Name": "Mohamed Boudiaf International Airport",
                "StartLon": 28.751944,
                "StartLat": 41.275278,
                "ORIG_FID": 168,
                "Shape_Length": 22.731653368609976,
                "Country": "Algeria"
            }
        },
        {
            "type": "Feature",
            "id": 164,
            "geometry": {
                "type": "LineString",
                "coordinates": [
                    [
                        28.751944000000037,
                        41.27527800000007
                    ],
                    [
                        28.754432012000052,
                        41.26647165400004
                    ],
                    [
                        29.356416694000075,
                        39.06285311000005
                    ],
                    [
                        29.922053946000062,
                        36.85547878800003
                    ],
                    [
                        30.456032295000057,
                        34.644741074000024
                    ],
                    [
                        30.96236734400003,
                        32.430982689000075
                    ],
                    [
                        31.444525001000045,
                        30.214506758000027
                    ],
                    [
                        31.90551958700007,
                        27.99558473600007
                    ],
                    [
                        32.34799265200007,
                        25.774462693000032
                    ],
                    [
                        32.77427686000004,
                        23.55136632500006
                    ],
                    [
                        33.18644822700003,
                        21.326504974000045
                    ],
                    [
                        33.58636923600005,
                        19.10007485600005
                    ],
                    [
                        33.975724753000065,
                        16.872261681000055
                    ],
                    [
                        34.35605224200003,
                        14.643242772000065
                    ],
                    [
                        34.728767488000074,
                        12.413188800000057
                    ],
                    [
                        35.09518673200006,
                        10.182265199000028
                    ],
                    [
                        35.45654600900008,
                        7.950633334000031
                    ],
                    [
                        35.81401828700007,
                        5.718451481000045
                    ],
                    [
                        36.16872893100003,
                        3.4858756450000214
                    ],
                    [
                        36.521769934000076,
                        1.253060284000071
                    ],
                    [
                        36.87421328900007,
                        -0.9798410629999807
                    ],
                    [
                        36.927799220000054,
                        -1.31923997399997
                    ]
                ]
            },
            "properties": {
                "OID": 164,
                "Departure_Airport": "IST",
                "Destination_Code": "NBO",
                "Destination_Name": "Nairobi",
                "Airline": "Turkish Airlines",
                "Duration__minutes_": 405,
                "Reverse_Duration__minutes_": 450,
                "Distance__km_": 4832.0,
                "Flights_per_Day": 1.0,
                "Latitude": -1.319239974,
                "Longitude": 36.92779922,
                "Altitude": 5330,
                "Name": "Jomo Kenyatta International Airport",
                "StartLon": 28.751944,
                "StartLat": 41.275278,
                "ORIG_FID": 169,
                "Shape_Length": 43.396539263470885,
                "Country": "Kenya"
            }
        },
        {
            "type": "Feature",
            "id": 165,
            "geometry": {
                "type": "LineString",
                "coordinates": [
                    [
                        28.751944000000037,
                        41.27527800000007
                    ],
                    [
                        28.76299799000003,
                        41.27188312900006
                    ],
                    [
                        31.490330543000027,
                        40.39041944500008
                    ],
                    [
                        34.14501605500004,
                        39.44618318900007
                    ],
                    [
                        36.72678959800004,
                        38.442842676000055
                    ],
                    [
                        39.23615114100005,
                        37.384018594000054
                    ],
                    [
                        41.674254036000036,
                        36.27325135500007
                    ],
                    [
                        44.042796501000055,
                        35.113975795000044
                    ],
                    [
                        46.34391975700004,
                        33.90950255100006
                    ],
                    [
                        48.58011519200005,
                        32.66300533400005
                    ],
                    [
                        50.75414190200007,
                        31.377513246000035
                    ],
                    [
                        52.86895507700007,
                        30.055907287000025
                    ],
                    [
                        54.927645125000026,
                        28.70092027900006
                    ],
                    [
                        56.93338694700003,
                        27.315139465000073
                    ],
                    [
                        58.88939855700005,
                        25.901011177000044
                    ],
                    [
                        60.79890805700006,
                        24.460847027000057
                    ],
                    [
                        62.66512796400008,
                        22.996831179000026
                    ],
                    [
                        64.49123586500008,
                        21.511028345000057
                    ],
                    [
                        66.28036046400007,
                        20.00539221200006
                    ],
                    [
                        68.03557215300003,
                        18.481774088000066
                    ],
                    [
                        69.75987733500006,
                        16.94193159100007
                    ],
                    [
                        71.45621583100007,
                        15.38753726400006
                    ],
                    [
                        73.12746079200008,
                        13.82018703500006
                    ],
                    [
                        74.77642062600006,
                        12.241408462000038
                    ],
                    [
                        76.40584254100008,
                        10.652668735000077
                    ],
                    [
                        78.01841734700008,
                        9.055382431000055
                    ],
                    [
                        79.61678526400004,
                        7.450919015000068
                    ],
                    [
                        79.88410186800007,
                        7.180759907000038
                    ]
                ]
            },
            "properties": {
                "OID": 165,
                "Departure_Airport": "IST",
                "Destination_Code": "CMB",
                "Destination_Name": "Colombo",
                "Airline": "Turkish Airlines",
                "Duration__minutes_": 475,
                "Reverse_Duration__minutes_": 550,
                "Distance__km_": 6328.0,
                "Flights_per_Day": 1.0,
                "Latitude": 7.180759906768799,
                "Longitude": 79.88410186767578,
                "Altitude": 30,
                "Name": "Bandaranaike International Colombo Airport",
                "StartLon": 28.751944,
                "StartLat": 41.275278,
                "ORIG_FID": 170,
                "Shape_Length": 62.15684776199498,
                "Country": "Sri Lanka"
            }
        },
        {
            "type": "Feature",
            "id": 166,
            "geometry": {
                "type": "LineString",
                "coordinates": [
                    [
                        28.751944000000037,
                        41.27527800000007
                    ],
                    [
                        28.743523123000045,
                        41.281657960000075
                    ],
                    [
                        26.58544919900004,
                        42.85641165700008
                    ],
                    [
                        24.31642972000003,
                        44.38796646600008
                    ],
                    [
                        21.927863310000077,
                        45.871661317000076
                    ],
                    [
                        19.411116976000073,
                        47.302359557000045
                    ],
                    [
                        16.757765918000075,
                        48.674424431000034
                    ],
                    [
                        13.959916472000032,
                        49.98170659300007
                    ],
                    [
                        11.010623993000024,
                        51.217549707000046
                    ],
                    [
                        7.90441191900004,
                        52.37482143500006
                    ],
                    [
                        4.637887960000057,
                        53.445977998000046
                    ],
                    [
                        1.2104370350000409,
                        54.42317062700005
                    ],
                    [
                        -2.3750518559999705,
                        55.29840094600007
                    ],
                    [
                        -6.111494340999968,
                        56.063729083000055
                    ],
                    [
                        -9.987050761999967,
                        56.711532713000054
                    ],
                    [
                        -13.984811123999975,
                        57.23480721100003
                    ],
                    [
                        -18.08283745799997,
                        57.62748774200003
                    ],
                    [
                        -22.25464764299994,
                        57.884765095000034
                    ],
                    [
                        -26.470166132999964,
                        58.00336114300006
                    ],
                    [
                        -30.697086497999976,
                        57.981729517000076
                    ],
                    [
                        -34.902507673999935,
                        57.820153961000074
                    ],
                    [
                        -39.05464543599993,
                        57.52073010300006
                    ],
                    [
                        -43.12440336299994,
                        57.08723333900008
                    ],
                    [
                        -47.08661956599997,
                        56.52489170700005
                    ],
                    [
                        -50.92087541899997,
                        55.84009420700005
                    ],
                    [
                        -54.611837358999935,
                        55.04006958600007
                    ],
                    [
                        -58.149178235999955,
                        54.13256838700005
                    ],
                    [
                        -61.52717429299997,
                        53.12557386200007
                    ],
                    [
                        -64.74409322699995,
                        52.02705799800003
                    ],
                    [
                        -67.80148286599996,
                        50.84478976400004
                    ],
                    [
                        -70.70344862299999,
                        49.58619540500007
                    ],
                    [
                        -73.45598080899998,
                        48.25826574700005
                    ],
                    [
                        -76.06636707499996,
                        46.86750287600006
                    ],
                    [
                        -78.54270467999999,
                        45.41989781900003
                    ],
                    [
                        -80.89351287399995,
                        43.92093124100006
                    ],
                    [
                        -83.12743696599995,
                        42.37559021900006
                    ],
                    [
                        -83.35340117999993,
                        42.21239852900004
                    ]
                ]
            },
            "properties": {
                "OID": 166,
                "Departure_Airport": "IST",
                "Destination_Code": "DTW",
                "Destination_Name": "Detroit",
                "Airline": "Turkish Airlines",
                "Duration__minutes_": 685,
                "Reverse_Duration__minutes_": 615,
                "Distance__km_": 8549.0,
                "Flights_per_Day": 1.0,
                "Latitude": 42.212398529052734,
                "Longitude": -83.35340118,
                "Altitude": 645,
                "Name": "Detroit Metropolitan Wayne County Airport",
                "StartLon": 28.751944,
                "StartLat": 41.275278,
                "ORIG_FID": 171,
                "Shape_Length": 118.74995503134573,
                "Country": "United States"
            }
        },
        {
            "type": "Feature",
            "id": 167,
            "geometry": {
                "type": "LineString",
                "coordinates": [
                    [
                        28.751944000000037,
                        41.27527800000007
                    ],
                    [
                        28.742749050000043,
                        41.28101864700005
                    ],
                    [
                        26.39241132500007,
                        42.69222431900005
                    ],
                    [
                        23.935202228000037,
                        44.05266226700007
                    ],
                    [
                        21.365280381000048,
                        45.35750231600008
                    ],
                    [
                        18.677353452000034,
                        46.601557580000076
                    ],
                    [
                        15.86695857500007,
                        47.779299079000054
                    ],
                    [
                        12.930793968000046,
                        48.88488779700003
                    ],
                    [
                        9.867095695000046,
                        49.91222842500008
                    ],
                    [
                        6.676045332000058,
                        50.85504881000003
                    ],
                    [
                        3.3601841290000607,
                        51.70700813800005
                    ],
                    [
                        -0.07520199099997171,
                        52.46183508400003
                    ],
                    [
                        -3.6217726349999566,
                        53.11349432000003
                    ],
                    [
                        -7.267950950999932,
                        53.656376023000064
                    ],
                    [
                        -10.99892138499996,
                        54.08549871000008
                    ],
                    [
                        -14.796848343999955,
                        54.396711596000046
                    ],
                    [
                        -18.64133475799997,
                        54.58687957800004
                    ],
                    [
                        -22.510108140999932,
                        54.654033026000036
                    ],
                    [
                        -26.379886515999942,
                        54.59746638000007
                    ],
                    [
                        -30.22734566799994,
                        54.417774319000046
                    ],
                    [
                        -34.030090703999974,
                        54.11682124600003
                    ],
                    [
                        -37.76753410099997,
                        53.69764768400006
                    ],
                    [
                        -41.421599524999976,
                        53.16432429500003
                    ],
                    [
                        -44.97720085999998,
                        52.521769214000074
                    ],
                    [
                        -48.422481062999964,
                        51.77554648900008
                    ],
                    [
                        -51.748827467999945,
                        50.93166269200003
                    ],
                    [
                        -54.95070323899995,
                        49.996375830000034
                    ],
                    [
                        -58.02534640099998,
                        48.97602659700004
                    ],
                    [
                        -60.972389361999944,
                        47.87689768700005
                    ],
                    [
                        -63.79344568499994,
                        46.70510305300007
                    ],
                    [
                        -66.49170075399996,
                        45.46650610700004
                    ],
                    [
                        -69.07153168099995,
                        44.16666391600006
                    ],
                    [
                        -71.53817147699993,
                        42.81079345300003
                    ],
                    [
                        -73.89742417299993,
                        41.40375565700003
                    ],
                    [
                        -76.15543156799998,
                        39.95005320700005
                    ],
                    [
                        -78.31848836599994,
                        38.45383838200007
                    ],
                    [
                        -80.39290032899999,
                        36.91892794300003
                    ],
                    [
                        -82.38487914799998,
                        35.34882256900005
                    ],
                    [
                        -84.30046768199998,
                        33.746728939000036
                    ],
                    [
                        -84.42810099999997,
                        33.636700000000076
                    ]
                ]
            },
            "properties": {
                "OID": 167,
                "Departure_Airport": "IST",
                "Destination_Code": "ATL",
                "Destination_Name": "Atlanta",
                "Airline": "Turkish Airlines",
                "Duration__minutes_": 750,
                "Reverse_Duration__minutes_": 660,
                "Distance__km_": 9297.0,
                "Flights_per_Day": 1.0,
                "Latitude": 33.6367,
                "Longitude": -84.428101,
                "Altitude": 1026,
                "Name": "Hartsfield Jackson Atlanta International Airport",
                "StartLon": 28.751944,
                "StartLat": 41.275278,
                "ORIG_FID": 172,
                "Shape_Length": 120.52552326494697,
                "Country": "United States"
            }
        },
        {
            "type": "Feature",
            "id": 168,
            "geometry": {
                "type": "LineString",
                "coordinates": [
                    [
                        28.751944000000037,
                        41.27527800000007
                    ],
                    [
                        28.748037228000044,
                        41.28378572300005
                    ],
                    [
                        27.73800538300003,
                        43.40595936100004
                    ],
                    [
                        26.65505892400006,
                        45.51778174000003
                    ],
                    [
                        25.488156842000024,
                        47.61776149900004
                    ],
                    [
                        24.22420113800007,
                        49.70411643700004
                    ],
                    [
                        22.847554977000073,
                        51.77469765300003
                    ],
                    [
                        21.339434321000056,
                        53.826890596000055
                    ],
                    [
                        19.677139923000027,
                        55.857485014000076
                    ],
                    [
                        17.833091285000023,
                        57.86250286000006
                    ],
                    [
                        15.773622902000056,
                        59.836969228000044
                    ],
                    [
                        13.45751282200007,
                        61.774606359000074
                    ],
                    [
                        10.83424928100004,
                        63.66742473700003
                    ],
                    [
                        7.842133256000068,
                        65.50517965400007
                    ],
                    [
                        4.4065209360000495,
                        67.27465987500005
                    ],
                    [
                        0.43893005400002494,
                        68.95878629700007
                    ],
                    [
                        -4.161488967999958,
                        70.53554248000006
                    ],
                    [
                        -9.501370667999936,
                        71.97687287700006
                    ],
                    [
                        -15.677213196999958,
                        73.24792230200006
                    ],
                    [
                        -22.74553296299996,
                        74.30738190500006
                    ],
                    [
                        -30.678748576999965,
                        75.11011936800008
                    ],
                    [
                        -39.31950695499995,
                        75.61317405200003
                    ],
                    [
                        -48.364390270999934,
                        75.78474123000007
                    ],
                    [
                        -57.409148475999984,
                        75.61297236600006
                    ],
                    [
                        -66.04956477099995,
                        75.10972960800007
                    ],
                    [
                        -73.98230119099998,
                        74.30682713300007
                    ],
                    [
                        -81.05009095599996,
                        73.24722931600007
                    ],
                    [
                        -87.22541690499997,
                        71.97606762900006
                    ],
                    [
                        -92.56483096499994,
                        70.53464759300005
                    ],
                    [
                        -97.16484454599998,
                        68.95782032000005
                    ],
                    [
                        -101.13209230199999,
                        67.27363749900007
                    ],
                    [
                        -104.56741776599995,
                        65.50411231800007
                    ],
                    [
                        -107.55929512099999,
                        63.66632129200008
                    ],
                    [
                        -110.18236012499995,
                        61.77347365700007
                    ],
                    [
                        -112.49830463299998,
                        59.83581259500005
                    ],
                    [
                        -114.55763436499996,
                        57.86132646500005
                    ],
                    [
                        -116.40156631999997,
                        55.85629214700003
                    ],
                    [
                        -118.06376199799996,
                        53.82568387500004
                    ],
                    [
                        -119.57179868499998,
                        51.77347918400005
                    ],
                    [
                        -120.94837304899994,
                        49.70288792600007
                    ],
                    [
                        -122.21226705799995,
                        47.61652434200005
                    ],
                    [
                        -122.30899799999997,
                        47.44900100000007
                    ]
                ]
            },
            "properties": {
                "OID": 168,
                "Departure_Airport": "IST",
                "Destination_Code": "SEA",
                "Destination_Name": "Seattle",
                "Airline": "Turkish Airlines",
                "Duration__minutes_": 765,
                "Reverse_Duration__minutes_": 720,
                "Distance__km_": 9799.0,
                "Flights_per_Day": 1.0,
                "Latitude": 47.449001,
                "Longitude": -122.308998,
                "Altitude": 433,
                "Name": "Seattle Tacoma International Airport",
                "StartLon": 28.751944,
                "StartLat": 41.275278,
                "ORIG_FID": 173,
                "Shape_Length": 173.62161773989692,
                "Country": "United States"
            }
        },
        {
            "type": "Feature",
            "id": 169,
            "geometry": {
                "type": "LineString",
                "coordinates": [
                    [
                        28.751944000000037,
                        41.27527800000007
                    ],
                    [
                        28.763654040000063,
                        41.27356073900006
                    ],
                    [
                        31.671003178000035,
                        40.807220991000065
                    ],
                    [
                        34.53484123800007,
                        40.26865297900008
                    ],
                    [
                        37.35073022800003,
                        39.660317665000036
                    ],
                    [
                        40.11501601900005,
                        38.98487432200005
                    ],
                    [
                        40.59596252000006,
                        38.85926056000005
                    ]
                ]
            },
            "properties": {
                "OID": 169,
                "Departure_Airport": "IST",
                "Destination_Code": "BGG",
                "Destination_Name": "Bingol",
                "Airline": "Turkish Airlines",
                "Duration__minutes_": 125,
                "Reverse_Duration__minutes_": 130,
                "Distance__km_": 1038.0,
                "Flights_per_Day": 1.0,
                "Latitude": 38.85926056,
                "Longitude": 40.59596252,
                "Altitude": 3506,
                "Name": "Bing\u00f6l \u00c7eltiksuyu Airport",
                "StartLon": 28.751944,
                "StartLat": 41.275278,
                "ORIG_FID": 174,
                "Shape_Length": 12.094276755271537,
                "Country": "Turkey"
            }
        },
        {
            "type": "Feature",
            "id": 170,
            "geometry": {
                "type": "LineString",
                "coordinates": [
                    [
                        28.751944000000037,
                        41.27527800000007
                    ],
                    [
                        28.763780457000053,
                        41.27418263200008
                    ],
                    [
                        31.709422475000054,
                        40.96239533800008
                    ],
                    [
                        34.62420265000003,
                        40.576092757000026
                    ],
                    [
                        36.367408752000074,
                        40.30743026700003
                    ]
                ]
            },
            "properties": {
                "OID": 170,
                "Departure_Airport": "IST",
                "Destination_Code": "TJK",
                "Destination_Name": "Tokat",
                "Airline": "Turkish Airlines",
                "Duration__minutes_": 90,
                "Reverse_Duration__minutes_": 110,
                "Distance__km_": 653.0,
                "Flights_per_Day": 1.0,
                "Latitude": 40.307430267333984,
                "Longitude": 36.367408752441406,
                "Altitude": 1831,
                "Name": "Tokat Airport",
                "StartLon": 28.751944,
                "StartLat": 41.275278,
                "ORIG_FID": 175,
                "Shape_Length": 7.678228121150587,
                "Country": "Turkey"
            }
        },
        {
            "type": "Feature",
            "id": 171,
            "geometry": {
                "type": "LineString",
                "coordinates": [
                    [
                        28.751944000000037,
                        41.27527800000007
                    ],
                    [
                        28.740450725000073,
                        41.27769878000004
                    ],
                    [
                        25.841224539000052,
                        41.84639746800008
                    ],
                    [
                        22.893629882000027,
                        42.340618146000054
                    ],
                    [
                        19.903171420000035,
                        42.75789940100003
                    ],
                    [
                        16.876180505000036,
                        43.09608464400003
                    ],
                    [
                        13.81973098700007,
                        43.353371062000065
                    ],
                    [
                        10.741521352000063,
                        43.52835291400004
                    ],
                    [
                        7.649726566000027,
                        43.62005679300006
                    ],
                    [
                        4.552825635000033,
                        43.62796684700004
                    ],
                    [
                        1.4594131600000537,
                        43.55203839300003
                    ],
                    [
                        -1.6219953079999527,
                        43.39269911100007
                    ],
                    [
                        -2.9106099609999774,
                        43.30110168500005
                    ]
                ]
            },
            "properties": {
                "OID": 171,
                "Departure_Airport": "IST",
                "Destination_Code": "BIO",
                "Destination_Name": "Bilbao",
                "Airline": "Turkish Airlines",
                "Duration__minutes_": 270,
                "Reverse_Duration__minutes_": 250,
                "Distance__km_": 2613.0,
                "Flights_per_Day": 1.0,
                "Latitude": 43.30110168457031,
                "Longitude": -2.910609961,
                "Altitude": 138,
                "Name": "Bilbao Airport",
                "StartLon": 28.751944,
                "StartLat": 41.275278,
                "ORIG_FID": 176,
                "Shape_Length": 31.833410245181334,
                "Country": "Spain"
            }
        },
        {
            "type": "Feature",
            "id": 172,
            "geometry": {
                "type": "LineString",
                "coordinates": [
                    [
                        28.751944000000037,
                        41.27527800000007
                    ],
                    [
                        28.761128056000075,
                        41.28102871700003
                    ],
                    [
                        31.108776714000044,
                        42.694806105000055
                    ],
                    [
                        33.56339146300007,
                        44.05792505200003
                    ],
                    [
                        36.13085786700003,
                        45.365555682000036
                    ],
                    [
                        38.816520052000044,
                        46.612509283000065
                    ],
                    [
                        41.62490028900004,
                        47.793252368000026
                    ],
                    [
                        44.55936675600003,
                        48.90193814100007
                    ],
                    [
                        47.621755362000044,
                        49.93245967000007
                    ],
                    [
                        50.81195964400007,
                        50.878528810000034
                    ],
                    [
                        54.127512995000075,
                        51.733784023000055
                    ],
                    [
                        57.563198889000034,
                        52.49192839800003
                    ],
                    [
                        61.110735317000035,
                        53.14689637300006
                    ],
                    [
                        64.75858651300007,
                        53.693043877000036
                    ],
                    [
                        68.49195462700004,
                        54.12535227600006
                    ],
                    [
                        72.29299346500005,
                        54.439632274000076
                    ],
                    [
                        76.14126425100005,
                        54.632710813000074
                    ],
                    [
                        80.01442181300007,
                        54.70258292500006
                    ],
                    [
                        83.88908389500006,
                        54.64851233400003
                    ],
                    [
                        87.74180481800005,
                        54.471069312000054
                    ],
                    [
                        91.55005562500008,
                        54.17210131100006
                    ],
                    [
                        95.29311164700005,
                        53.75463986700004
                    ],
                    [
                        98.95276542300007,
                        53.22275444400003
                    ],
                    [
                        102.51381325200003,
                        52.58136902100006
                    ],
                    [
                        105.96429927800006,
                        51.836059367000075
                    ],
                    [
                        109.29553352100004,
                        50.992848243000026
                    ],
                    [
                        112.50192373100003,
                        50.05801288100008
                    ],
                    [
                        115.58067304100007,
                        49.03791488200005
                    ],
                    [
                        118.53139689300008,
                        47.93885838600005
                    ],
                    [
                        121.35570662000009,
                        46.76697842100003
                    ],
                    [
                        124.05679677300009,
                        45.52815843700006
                    ],
                    [
                        126.63906189800002,
                        44.22797406300003
                    ],
                    [
                        129.10775796400003,
                        42.87165911200003
                    ],
                    [
                        131.46871523000004,
                        41.464089527000056
                    ],
                    [
                        133.72810321400004,
                        40.00978116700003
                    ],
                    [
                        135.89224451100006,
                        38.51289773900004
                    ],
                    [
                        137.9674720060001,
                        36.97726580300008
                    ],
                    [
                        139.7799990000001,
                        35.55229900000006
                    ]
                ]
            },
            "properties": {
                "OID": 172,
                "Departure_Airport": "IST",
                "Destination_Code": "HND",
                "Destination_Name": "Tokyo",
                "Airline": "Turkish Airlines",
                "Duration__minutes_": 670,
                "Reverse_Duration__minutes_": 830,
                "Distance__km_": 9006.0,
                "Flights_per_Day": 1.0,
                "Latitude": 35.552299,
                "Longitude": 139.779999,
                "Altitude": 35,
                "Name": "Tokyo Haneda International Airport",
                "StartLon": 28.751944,
                "StartLat": 41.275278,
                "ORIG_FID": 177,
                "Shape_Length": 117.71130380130899,
                "Country": "Japan"
            }
        },
        {
            "type": "Feature",
            "id": 173,
            "geometry": {
                "type": "LineString",
                "coordinates": [
                    [
                        28.751944000000037,
                        41.27527800000007
                    ],
                    [
                        28.74028005200006,
                        41.27718701100008
                    ],
                    [
                        25.803879234000078,
                        41.716970339000056
                    ],
                    [
                        22.830689619000054,
                        42.08072512200005
                    ],
                    [
                        19.827031005000038,
                        42.36661493500003
                    ],
                    [
                        16.79983276100006,
                        42.57315812300004
                    ],
                    [
                        13.756511973000045,
                        42.69926262300004
                    ],
                    [
                        10.704828318000068,
                        42.744252560000064
                    ],
                    [
                        7.652721933000066,
                        42.70788511000006
                    ],
                    [
                        4.608142128000054,
                        42.59035662700006
                    ],
                    [
                        1.5788756260000696,
                        42.39229768900003
                    ],
                    [
                        -1.4276169269999741,
                        42.11475733200007
                    ],
                    [
                        -4.404348225999968,
                        41.75917742300004
                    ],
                    [
                        -7.34492886299995,
                        41.32735862700008
                    ],
                    [
                        -10.243664689999946,
                        40.82141981400008
                    ],
                    [
                        -13.095624682999926,
                        40.24375298700005
                    ],
                    [
                        -15.896679177999943,
                        39.59697582100006
                    ],
                    [
                        -18.64351024599995,
                        38.88388381800007
                    ],
                    [
                        -21.33359741499993,
                        38.10740381000005
                    ],
                    [
                        -23.96518292199994,
                        37.27055024100008
                    ],
                    [
                        -26.537221149999937,
                        36.376385285000026
                    ],
                    [
                        -29.04931689999995,
                        35.42798351000005
                    ],
                    [
                        -31.501656870999966,
                        34.42840144000007
                    ],
                    [
                        -33.89493816099997,
                        33.380652130000044
                    ],
                    [
                        -36.230296936999935,
                        32.28768459100007
                    ],
                    [
                        -38.50923972199996,
                        31.152367776000062
                    ],
                    [
                        -40.73357906499996,
                        29.977478715000075
                    ],
                    [
                        -42.90537476999998,
                        28.765694318000044
                    ],
                    [
                        -45.02688132399993,
                        27.519586366000055
                    ],
                    [
                        -47.100501787999974,
                        26.241619180000043
                    ],
                    [
                        -49.12874808299995,
                        24.934149519000073
                    ],
                    [
                        -51.114207385999975,
                        23.599428286000034
                    ],
                    [
                        -53.05951421999998,
                        22.239603654000064
                    ],
                    [
                        -54.96732771999996,
                        20.856725308000023
                    ],
                    [
                        -56.84031352699998,
                        19.45274949900005
                    ],
                    [
                        -58.68112975699995,
                        18.029544713000064
                    ],
                    [
                        -60.49241651699998,
                        16.588897746000043
                    ],
                    [
                        -62.27678845299994,
                        15.132520036000074
                    ],
                    [
                        -64.03682989799995,
                        13.662054158000046
                    ],
                    [
                        -65.77509218199998,
                        12.179080364000072
                    ],
                    [
                        -67.49409277099994,
                        10.685123134000037
                    ],
                    [
                        -69.19631589899996,
                        9.181657665000046
                    ],
                    [
                        -70.88421443099998,
                        7.670116300000075
                    ],
                    [
                        -72.56021271799995,
                        6.151894857000059
                    ],
                    [
                        -74.14689999999996,
                        4.701590000000067
                    ]
                ]
            },
            "properties": {
                "OID": 173,
                "Departure_Airport": "IST",
                "Destination_Code": "BOG",
                "Destination_Name": "Bogota",
                "Airline": "Turkish Airlines",
                "Duration__minutes_": 815,
                "Reverse_Duration__minutes_": 815,
                "Distance__km_": 10785.0,
                "Flights_per_Day": 1.0,
                "Latitude": 4.70159,
                "Longitude": -74.1469,
                "Altitude": 8361,
                "Name": "El Dorado International Airport",
                "StartLon": 28.751944,
                "StartLat": 41.275278,
                "ORIG_FID": 178,
                "Shape_Length": 113.69543723403731,
                "Country": "Colombia"
            }
        },
        {
            "type": "Feature",
            "id": 174,
            "geometry": {
                "type": "LineString",
                "coordinates": [
                    [
                        28.751944000000037,
                        41.27527800000007
                    ],
                    [
                        28.76380157500006,
                        41.27625521600004
                    ],
                    [
                        31.73817658300004,
                        41.48204827100005
                    ],
                    [
                        34.72786775900005,
                        41.61049942200003
                    ],
                    [
                        37.72582688700004,
                        41.660957274000054
                    ],
                    [
                        40.72483691800005,
                        41.633164117000035
                    ],
                    [
                        41.59970093000004,
                        41.61029816000007
                    ]
                ]
            },
            "properties": {
                "OID": 174,
                "Departure_Airport": "IST",
                "Destination_Code": "BUS",
                "Destination_Name": "Batumi",
                "Airline": "Turkish Airlines",
                "Duration__minutes_": 120,
                "Reverse_Duration__minutes_": 135,
                "Distance__km_": 1076.0,
                "Flights_per_Day": 1.0,
                "Latitude": 41.61029816,
                "Longitude": 41.59970093,
                "Altitude": 105,
                "Name": "Batumi International Airport",
                "StartLon": 28.751944,
                "StartLat": 41.275278,
                "ORIG_FID": 180,
                "Shape_Length": 12.858860703673741,
                "Country": "Georgia"
            }
        },
        {
            "type": "Feature",
            "id": 175,
            "geometry": {
                "type": "LineString",
                "coordinates": [
                    [
                        28.751944000000037,
                        41.27527800000007
                    ],
                    [
                        28.74026666800006,
                        41.27713260300004
                    ],
                    [
                        25.801119220000032,
                        41.70324030000006
                    ],
                    [
                        22.826431696000043,
                        42.05321600100007
                    ],
                    [
                        19.82258939600007,
                        42.325291753000045
                    ],
                    [
                        18.723300934000065,
                        42.404701233000026
                    ]
                ]
            },
            "properties": {
                "OID": 175,
                "Departure_Airport": "IST",
                "Destination_Code": "TIV",
                "Destination_Name": "Tivat",
                "Airline": "Turkish Airlines",
                "Duration__minutes_": 120,
                "Reverse_Duration__minutes_": 120,
                "Distance__km_": 843.0,
                "Flights_per_Day": 1.0,
                "Latitude": 42.40470123291016,
                "Longitude": 18.72330093383789,
                "Altitude": 20,
                "Name": "Tivat Airport",
                "StartLon": 28.751944,
                "StartLat": 41.275278,
                "ORIG_FID": 181,
                "Shape_Length": 10.095468044330582,
                "Country": "Montenegro"
            }
        },
        {
            "type": "Feature",
            "id": 176,
            "geometry": {
                "type": "LineString",
                "coordinates": [
                    [
                        28.751944000000037,
                        41.27527800000007
                    ],
                    [
                        28.763597305000076,
                        41.273335753000026
                    ],
                    [
                        31.654413704000035,
                        40.75114699100004
                    ],
                    [
                        34.49733171100007,
                        40.15767518000007
                    ],
                    [
                        37.28838507000006,
                        39.49558879400007
                    ],
                    [
                        40.02442227200004,
                        38.76772422400006
                    ],
                    [
                        42.70308718100006,
                        37.97703953600006
                    ],
                    [
                        45.322780057000045,
                        37.12657130800005
                    ],
                    [
                        47.88260370800003,
                        36.21939551000003
                    ],
                    [
                        50.38229942700008,
                        35.25859307600007
                    ],
                    [
                        52.82217701900004,
                        34.24722045300007
                    ],
                    [
                        55.20304260900008,
                        33.18828517700007
                    ],
                    [
                        57.52612725700004,
                        32.084726276000026
                    ],
                    [
                        59.793018680000046,
                        30.939399182000045
                    ],
                    [
                        62.00559772000008,
                        29.75506469900006
                    ],
                    [
                        64.16598060800004,
                        28.534381567000025
                    ],
                    [
                        66.27646757000008,
                        27.27990209400008
                    ],
                    [
                        68.33949795600006,
                        25.994070386000033
                    ],
                    [
                        70.35761176200003,
                        24.679222717000073
                    ],
                    [
                        72.33341721900007,
                        23.337589605000062
                    ],
                    [
                        74.26956400100005,
                        21.971299259000034
                    ],
                    [
                        76.16872151600006,
                        20.58238205400005
                    ],
                    [
                        78.03356172500008,
                        19.17277578100004
                    ],
                    [
                        79.86674594000004,
                        17.74433145200004
                    ],
                    [
                        81.67091504900003,
                        16.298819477000052
                    ],
                    [
                        83.44868270700005,
                        14.837936076000062
                    ],
                    [
                        85.20263101000006,
                        13.363309810000032
                    ],
                    [
                        86.93530827700005,
                        11.876508166000065
                    ],
                    [
                        88.64922857800008,
                        10.379044107000027
                    ],
                    [
                        90.34687269300008,
                        8.872382580000021
                    ],
                    [
                        92.03069025700006,
                        7.357946938000055
                    ],
                    [
                        93.70310283900005,
                        5.837125263000075
                    ],
                    [
                        95.36650778600006,
                        4.3112766040000565
                    ],
                    [
                        97.02328263200008,
                        2.7817371150000554
                    ],
                    [
                        98.67578996200007,
                        1.2498261300000308
                    ],
                    [
                        100.32638256800004,
                        -0.2831478379999339
                    ],
                    [
                        101.97740881000004,
                        -1.8158811249999758
                    ],
                    [
                        103.63121805300005,
                        -3.3470689669999274
                    ],
                    [
                        105.29016609000007,
                        -4.875399551999976
                    ],
                    [
                        106.65599820000006,
                        -6.125569819999953
                    ]
                ]
            },
            "properties": {
                "OID": 176,
                "Departure_Airport": "IST",
                "Destination_Code": "CGK",
                "Destination_Name": "Jakarta",
                "Airline": "Turkish Airlines",
                "Duration__minutes_": 700,
                "Reverse_Duration__minutes_": 745,
                "Distance__km_": 9508.0,
                "Flights_per_Day": 1.0,
                "Latitude": -6.12556982,
                "Longitude": 106.6559982,
                "Altitude": 34,
                "Name": "Soekarno-Hatta International Airport",
                "StartLon": 28.751944,
                "StartLat": 41.275278,
                "ORIG_FID": 182,
                "Shape_Length": 92.80287875741034,
                "Country": "Indonesia"
            }
        },
        {
            "type": "Feature",
            "id": 177,
            "geometry": {
                "type": "LineString",
                "coordinates": [
                    [
                        28.751944000000037,
                        41.27527800000007
                    ],
                    [
                        28.74565610600007,
                        41.282921403000046
                    ],
                    [
                        27.125840294000056,
                        43.18221261300005
                    ],
                    [
                        25.403069818000063,
                        45.056485922000036
                    ],
                    [
                        23.686199188000046,
                        46.78519821200007
                    ]
                ]
            },
            "properties": {
                "OID": 177,
                "Departure_Airport": "IST",
                "Destination_Code": "CLJ",
                "Destination_Name": "Cluj-Napoca",
                "Airline": "Turkish Airlines",
                "Duration__minutes_": 100,
                "Reverse_Duration__minutes_": 115,
                "Distance__km_": 739.0,
                "Flights_per_Day": 1.0,
                "Latitude": 46.78519821166992,
                "Longitude": 23.686199188232425,
                "Altitude": 1036,
                "Name": "Cluj-Napoca International Airport",
                "StartLon": 28.751944,
                "StartLat": 41.275278,
                "ORIG_FID": 183,
                "Shape_Length": 7.48871758115128,
                "Country": "Romania"
            }
        },
        {
            "type": "Feature",
            "id": 178,
            "geometry": {
                "type": "LineString",
                "coordinates": [
                    [
                        28.751944000000037,
                        41.27527800000007
                    ],
                    [
                        28.75602550600007,
                        41.283736085000044
                    ],
                    [
                        29.811014056000033,
                        43.393107300000054
                    ],
                    [
                        30.941633462000027,
                        45.49127173100004
                    ],
                    [
                        32.15920788400007,
                        47.57661507600005
                    ],
                    [
                        33.47713216400007,
                        49.647211421000065
                    ],
                    [
                        34.91134294300008,
                        51.70074342100003
                    ],
                    [
                        36.48090724600007,
                        53.73439878900007
                    ],
                    [
                        37.90629959100005,
                        55.40879821800007
                    ]
                ]
            },
            "properties": {
                "OID": 178,
                "Departure_Airport": "IST",
                "Destination_Code": "DME",
                "Destination_Name": "Moscow",
                "Airline": "Ural Airlines",
                "Duration__minutes_": 285,
                "Reverse_Duration__minutes_": 325,
                "Distance__km_": 1717.0,
                "Flights_per_Day": 1.0,
                "Latitude": 55.40879821777344,
                "Longitude": 37.90629959106445,
                "Altitude": 588,
                "Name": "Domodedovo International Airport",
                "StartLon": 28.751944,
                "StartLat": 41.275278,
                "ORIG_FID": 184,
                "Shape_Length": 16.894289839247207,
                "Country": "Russia"
            }
        },
        {
            "type": "Feature",
            "id": 179,
            "geometry": {
                "type": "LineString",
                "coordinates": [
                    [
                        28.751944000000037,
                        41.27527800000007
                    ],
                    [
                        28.750136595000072,
                        41.26637811900008
                    ],
                    [
                        28.312971531000073,
                        39.040127520000055
                    ],
                    [
                        27.902436352000052,
                        36.81148563900007
                    ],
                    [
                        27.51505216100003,
                        34.580668907000074
                    ],
                    [
                        27.147848080000074,
                        32.34786952400003
                    ],
                    [
                        26.798266356000056,
                        30.113260885000045
                    ],
                    [
                        26.46408727100004,
                        27.87700181200006
                    ],
                    [
                        26.14336916800005,
                        25.639239858000053
                    ],
                    [
                        25.834400061000053,
                        23.400113908000037
                    ],
                    [
                        25.535658240000032,
                        21.159756213000037
                    ],
                    [
                        25.24577987600003,
                        18.91829399900007
                    ],
                    [
                        24.963532126000075,
                        16.675850714000035
                    ],
                    [
                        24.687790559000064,
                        14.432547013000033
                    ],
                    [
                        24.417519995000077,
                        12.188501505000033
                    ],
                    [
                        24.15175803300008,
                        9.943831338000052
                    ],
                    [
                        23.889600684000072,
                        7.698652629000037
                    ],
                    [
                        23.63018964500003,
                        5.453080795000062
                    ],
                    [
                        23.37270081400004,
                        3.207230788000061
                    ],
                    [
                        23.116333714000064,
                        0.9612172770000598
                    ],
                    [
                        22.860301540000023,
                        -1.2848452229999339
                    ],
                    [
                        22.603821546000063,
                        -3.5308422379999342
                    ],
                    [
                        22.34610555300003,
                        -5.776659239999958
                    ],
                    [
                        22.086350307000032,
                        -8.02218152699993
                    ],
                    [
                        21.823727448000056,
                        -10.26729409199993
                    ],
                    [
                        21.557372824000026,
                        -12.511881433999974
                    ],
                    [
                        21.286374849000026,
                        -14.755827308999926
                    ],
                    [
                        21.00976156300004,
                        -16.999014389999957
                    ],
                    [
                        20.726486000000023,
                        -19.241323810999972
                    ],
                    [
                        20.43540936000005,
                        -21.48263456799998
                    ],
                    [
                        20.13528141000006,
                        -23.72282273199994
                    ],
                    [
                        19.824717347000046,
                        -25.96176043899993
                    ],
                    [
                        19.502170187000047,
                        -28.19931458999997
                    ],
                    [
                        19.165897468000026,
                        -30.43534518799993
                    ],
                    [
                        18.813920691000078,
                        -32.66970323299995
                    ],
                    [
                        18.60169983000003,
                        -33.96480178999997
                    ]
                ]
            },
            "properties": {
                "OID": 179,
                "Departure_Airport": "IST",
                "Destination_Code": "CPT",
                "Destination_Name": "Cape Town",
                "Airline": "Turkish Airlines",
                "Duration__minutes_": 665,
                "Reverse_Duration__minutes_": 680,
                "Distance__km_": 8473.0,
                "Flights_per_Day": 1.0,
                "Latitude": -33.96480179,
                "Longitude": 18.60169983,
                "Altitude": 151,
                "Name": "Cape Town International Airport",
                "StartLon": 28.751944,
                "StartLat": 41.275278,
                "ORIG_FID": 185,
                "Shape_Length": 75.9386826894976,
                "Country": "South Africa"
            }
        },
        {
            "type": "Feature",
            "id": 180,
            "geometry": {
                "type": "LineString",
                "coordinates": [
                    [
                        28.751944000000037,
                        41.27527800000007
                    ],
                    [
                        28.740438792000077,
                        41.27290626800004
                    ],
                    [
                        25.890948585000046,
                        40.64434282600007
                    ],
                    [
                        23.097284461000072,
                        39.94674764400003
                    ],
                    [
                        20.36240942200004,
                        39.18314132900008
                    ],
                    [
                        17.688444528000048,
                        38.35665017100007
                    ],
                    [
                        15.076720873000056,
                        37.47046132500003
                    ],
                    [
                        15.066400000000044,
                        37.46680100000003
                    ]
                ]
            },
            "properties": {
                "OID": 180,
                "Departure_Airport": "IST",
                "Destination_Code": "CTA",
                "Destination_Name": "Catania",
                "Airline": "Turkish Airlines",
                "Duration__minutes_": 150,
                "Reverse_Duration__minutes_": 155,
                "Distance__km_": 1253.0,
                "Flights_per_Day": 1.0,
                "Latitude": 37.466801,
                "Longitude": 15.0664,
                "Altitude": 39,
                "Name": "Catania-Fontanarossa Airport",
                "StartLon": 28.751944,
                "StartLat": 41.275278,
                "ORIG_FID": 186,
                "Shape_Length": 14.216817458892065,
                "Country": "Italy"
            }
        },
        {
            "type": "Feature",
            "id": 181,
            "geometry": {
                "type": "LineString",
                "coordinates": [
                    [
                        28.751944000000037,
                        41.27527800000007
                    ],
                    [
                        28.75479993500005,
                        41.266536134000035
                    ],
                    [
                        29.445962114000054,
                        39.07853188200005
                    ],
                    [
                        30.095648467000046,
                        36.88585210800005
                    ],
                    [
                        30.709161857000026,
                        34.68900600200004
                    ],
                    [
                        31.291053262000048,
                        32.48843653100005
                    ],
                    [
                        31.845257524000033,
                        30.284533459000045
                    ],
                    [
                        32.375201908000065,
                        28.077643635000072
                    ],
                    [
                        32.88389365300003,
                        25.868079201000057
                    ],
                    [
                        33.37399118700006,
                        23.656124161000037
                    ],
                    [
                        33.84786252500004,
                        21.442039686000044
                    ],
                    [
                        34.30763360200007,
                        19.226068418000068
                    ],
                    [
                        34.75522862100007,
                        17.008437978000075
                    ],
                    [
                        35.19240406900008,
                        14.789363839000032
                    ],
                    [
                        35.62077771200006,
                        12.569051709000064
                    ],
                    [
                        36.04185359000007,
                        10.347699496000075
                    ],
                    [
                        36.457043862000035,
                        8.125498966000066
                    ],
                    [
                        36.86768817600006,
                        5.9026371480000535
                    ],
                    [
                        37.27507115800006,
                        3.679297547000033
                    ],
                    [
                        37.68043847800004,
                        1.4556612130000417
                    ],
                    [
                        38.08501195300005,
                        -0.7680922919999489
                    ],
                    [
                        38.490004052000074,
                        -2.991783987999952
                    ],
                    [
                        38.89663217000003,
                        -5.2152345839999725
                    ],
                    [
                        39.20259900000008,
                        -6.8781099999999356
                    ]
                ]
            },
            "properties": {
                "OID": 181,
                "Departure_Airport": "IST",
                "Destination_Code": "DAR",
                "Destination_Name": "Dar Es Salaam",
                "Airline": "Turkish Airlines",
                "Duration__minutes_": 465,
                "Reverse_Duration__minutes_": 490,
                "Distance__km_": 5487.0,
                "Flights_per_Day": 1.0,
                "Latitude": -6.87811,
                "Longitude": 39.202599,
                "Altitude": 182,
                "Name": "Julius Nyerere International Airport",
                "StartLon": 28.751944,
                "StartLat": 41.275278,
                "ORIG_FID": 187,
                "Shape_Length": 49.310087421367804,
                "Country": "Tanzania"
            }
        },
        {
            "type": "Feature",
            "id": 182,
            "geometry": {
                "type": "LineString",
                "coordinates": [
                    [
                        28.751944000000037,
                        41.27527800000007
                    ],
                    [
                        28.761862268000073,
                        41.27027124800003
                    ],
                    [
                        31.194526933000077,
                        39.992358042000035
                    ],
                    [
                        33.53649922400007,
                        38.66498690000003
                    ],
                    [
                        35.79214751200004,
                        37.292133001000025
                    ],
                    [
                        37.966088128000024,
                        35.877515224000035
                    ],
                    [
                        40.06307047300004,
                        34.42460048700008
                    ],
                    [
                        42.08788613100006,
                        32.93661259900006
                    ],
                    [
                        44.045298960000025,
                        31.416544268000052
                    ],
                    [
                        45.93999306100005,
                        29.867171099000075
                    ],
                    [
                        47.77653559700008,
                        28.291066753000052
                    ],
                    [
                        49.55935174000007,
                        26.690618577000066
                    ],
                    [
                        49.797901154000044,
                        26.471200943000042
                    ]
                ]
            },
            "properties": {
                "OID": 182,
                "Departure_Airport": "IST",
                "Destination_Code": "DMM",
                "Destination_Name": "Dammam",
                "Airline": "Turkish Airlines",
                "Duration__minutes_": 240,
                "Reverse_Duration__minutes_": 270,
                "Distance__km_": 2547.0,
                "Flights_per_Day": 1.0,
                "Latitude": 26.471200942993164,
                "Longitude": 49.79790115356445,
                "Altitude": 72,
                "Name": "King Fahd International Airport",
                "StartLon": 28.751944,
                "StartLat": 41.275278,
                "ORIG_FID": 188,
                "Shape_Length": 25.815859675043484,
                "Country": "Saudi Arabia"
            }
        },
        {
            "type": "Feature",
            "id": 183,
            "geometry": {
                "type": "LineString",
                "coordinates": [
                    [
                        28.751944000000037,
                        41.27527800000007
                    ],
                    [
                        28.763774159000036,
                        41.27414423000005
                    ],
                    [
                        31.707420998000032,
                        40.95280418700003
                    ],
                    [
                        34.61940347700005,
                        40.55707311200007
                    ],
                    [
                        37.49420713100005,
                        40.088827742000035
                    ],
                    [
                        39.527000430000044,
                        39.710201260000076
                    ]
                ]
            },
            "properties": {
                "OID": 183,
                "Departure_Airport": "IST",
                "Destination_Code": "ERC",
                "Destination_Name": "Erzincan",
                "Airline": "Turkish Airlines",
                "Duration__minutes_": 115,
                "Reverse_Duration__minutes_": 125,
                "Distance__km_": 932.0,
                "Flights_per_Day": 1.0,
                "Latitude": 39.71020126,
                "Longitude": 39.52700043,
                "Altitude": 3783,
                "Name": "Erzincan Airport",
                "StartLon": 28.751944,
                "StartLat": 41.275278,
                "ORIG_FID": 189,
                "Shape_Length": 10.892495366924917,
                "Country": "Turkey"
            }
        },
        {
            "type": "Feature",
            "id": 184,
            "geometry": {
                "type": "LineString",
                "coordinates": [
                    [
                        28.751944000000037,
                        41.27527800000007
                    ],
                    [
                        28.763747256000045,
                        41.27660719100004
                    ],
                    [
                        31.728530180000064,
                        41.57066805200003
                    ],
                    [
                        34.71676019700004,
                        41.78763926100004
                    ],
                    [
                        37.72154843900006,
                        41.926418882000064
                    ],
                    [
                        40.73566826700005,
                        41.986291978000054
                    ],
                    [
                        43.751699485000074,
                        41.96694763200003
                    ],
                    [
                        46.76218196500008,
                        41.86848646100003
                    ],
                    [
                        49.75977123400003,
                        41.69141818000003
                    ],
                    [
                        52.73738839200007,
                        41.436649353000064
                    ],
                    [
                        55.688357275000044,
                        41.10546203800004
                    ],
                    [
                        58.60652287100004,
                        40.69948450000004
                    ],
                    [
                        61.48634660700003,
                        40.22065554500006
                    ],
                    [
                        64.32297597300004,
                        39.671184260000075
                    ],
                    [
                        67.11228780000005,
                        39.05350701900005
                    ],
                    [
                        69.85090621700004,
                        38.370243551000044
                    ],
                    [
                        72.53619767400005,
                        37.624153688000035
                    ],
                    [
                        75.16624640600008,
                        36.81809617000005
                    ],
                    [
                        77.73981424800007,
                        35.95499054700008
                    ],
                    [
                        80.25628887400006,
                        35.03778294600005
                    ],
                    [
                        82.71562438100005,
                        34.06941613200007
                    ],
                    [
                        85.11827776500007,
                        33.05280405800005
                    ],
                    [
                        87.46514427500006,
                        31.99081086600006
                    ],
                    [
                        89.75749408300004,
                        30.886234135000052
                    ],
                    [
                        91.99691208600007,
                        29.741792066000073
                    ],
                    [
                        94.18524212100004,
                        28.56011420300007
                    ],
                    [
                        96.32453639500005,
                        27.343735269000035
                    ],
                    [
                        98.41701053700007,
                        26.095091670000045
                    ],
                    [
                        100.46500436700006,
                        24.816520264000076
                    ],
                    [
                        102.47094824500005,
                        23.510258975000056
                    ],
                    [
                        104.43733471200005,
                        22.178448915000047
                    ],
                    [
                        105.80699920700005,
                        21.221200943000042
                    ]
                ]
            },
            "properties": {
                "OID": 184,
                "Departure_Airport": "IST",
                "Destination_Code": "HAN",
                "Destination_Name": "Hanoi",
                "Airline": "Turkish Airlines",
                "Duration__minutes_": 560,
                "Reverse_Duration__minutes_": 670,
                "Distance__km_": 7456.0,
                "Flights_per_Day": 1.0,
                "Latitude": 21.221200942993164,
                "Longitude": 105.80699920654295,
                "Altitude": 39,
                "Name": "Noi Bai International Airport",
                "StartLon": 28.751944,
                "StartLat": 41.275278,
                "ORIG_FID": 190,
                "Shape_Length": 81.49236824777961,
                "Country": "Vietnam"
            }
        },
        {
            "type": "Feature",
            "id": 185,
            "geometry": {
                "type": "LineString",
                "coordinates": [
                    [
                        28.751944000000037,
                        41.27527800000007
                    ],
                    [
                        28.76378055200007,
                        41.274124871000026
                    ],
                    [
                        31.70880068100007,
                        40.94790780900007
                    ],
                    [
                        34.62171611700006,
                        40.547242323000035
                    ],
                    [
                        37.49703034700008,
                        40.07402951500006
                    ],
                    [
                        40.32991641000007,
                        39.53043968500003
                    ],
                    [
                        43.11626096100008,
                        38.91887030400005
                    ],
                    [
                        45.85268357900003,
                        38.24190295900007
                    ],
                    [
                        48.536533586000076,
                        37.50226084800005
                    ],
                    [
                        51.16586754700006,
                        36.70276817700005
                    ],
                    [
                        53.73941122700006,
                        35.84631251600007
                    ],
                    [
                        56.25650993600004,
                        34.935810866000054
                    ],
                    [
                        58.71707109300007,
                        33.97417989100006
                    ],
                    [
                        61.12150246300007,
                        32.96431051800005
                    ],
                    [
                        63.47064903900008,
                        31.909046903000046
                    ],
                    [
                        65.76573096700008,
                        30.811169561000042
                    ],
                    [
                        68.00828434500005,
                        29.673382383000046
                    ],
                    [
                        70.20010619300007,
                        28.49830315400004
                    ],
                    [
                        72.34320442300003,
                        27.28845715700004
                    ],
                    [
                        74.43975323400008,
                        26.04627344800008
                    ],
                    [
                        76.49205407800008,
                        24.77408338200007
                    ],
                    [
                        78.50250207500005,
                        23.47412100200006
                    ],
                    [
                        80.47355761800003,
                        22.148524946000066
                    ],
                    [
                        82.40772280000004,
                        20.799341560000073
                    ],
                    [
                        84.30752220700003,
                        19.42852893400004
                    ],
                    [
                        86.17548763100007,
                        18.037961662000043
                    ],
                    [
                        88.01414623700003,
                        16.629436098000042
                    ],
                    [
                        89.82601173100005,
                        15.204675990000055
                    ],
                    [
                        91.61357812700004,
                        13.76533833700006
                    ],
                    [
                        93.37931571000007,
                        12.31301940000003
                    ],
                    [
                        95.12566887500003,
                        10.849260767000033
                    ],
                    [
                        96.85505552200004,
                        9.375555442000064
                    ],
                    [
                        98.31690200000008,
                        8.113200000000063
                    ]
                ]
            },
            "properties": {
                "OID": 185,
                "Departure_Airport": "IST",
                "Destination_Code": "HKT",
                "Destination_Name": "Phuket",
                "Airline": "Turkish Airlines",
                "Duration__minutes_": 575,
                "Reverse_Duration__minutes_": 665,
                "Distance__km_": 7752.0,
                "Flights_per_Day": 1.0,
                "Latitude": 8.1132,
                "Longitude": 98.316902,
                "Altitude": 82,
                "Name": "Phuket International Airport",
                "StartLon": 28.751944,
                "StartLat": 41.275278,
                "ORIG_FID": 191,
                "Shape_Length": 78.47518385970287,
                "Country": "Thailand"
            }
        },
        {
            "type": "Feature",
            "id": 186,
            "geometry": {
                "type": "LineString",
                "coordinates": [
                    [
                        28.751944000000037,
                        41.27527800000007
                    ],
                    [
                        28.755639334000023,
                        41.26671841600006
                    ],
                    [
                        29.650518866000027,
                        39.12286831000006
                    ],
                    [
                        30.492638284000066,
                        36.97176046100003
                    ],
                    [
                        31.28857182300004,
                        34.81422412400008
                    ],
                    [
                        32.04399461400004,
                        32.65097840800007
                    ],
                    [
                        32.76383817400006,
                        30.48265278300005
                    ],
                    [
                        33.452416440000036,
                        28.309803471000066
                    ],
                    [
                        33.799400330000026,
                        27.178300858000057
                    ]
                ]
            },
            "properties": {
                "OID": 186,
                "Departure_Airport": "IST",
                "Destination_Code": "HRG",
                "Destination_Name": "Hurghada",
                "Airline": "Turkish Airlines",
                "Duration__minutes_": 160,
                "Reverse_Duration__minutes_": 180,
                "Distance__km_": 1641.0,
                "Flights_per_Day": 1.0,
                "Latitude": 27.178300857543945,
                "Longitude": 33.799400329589844,
                "Altitude": 52,
                "Name": "Hurghada International Airport",
                "StartLon": 28.751944,
                "StartLat": 41.275278,
                "ORIG_FID": 192,
                "Shape_Length": 14.981276717395042,
                "Country": "Egypt"
            }
        },
        {
            "type": "Feature",
            "id": 187,
            "geometry": {
                "type": "LineString",
                "coordinates": [
                    [
                        28.751944000000037,
                        41.27527800000007
                    ],
                    [
                        28.761422714000048,
                        41.269807780000065
                    ],
                    [
                        31.08235932900004,
                        39.878320049000024
                    ],
                    [
                        33.309891347000075,
                        38.441904528000066
                    ],
                    [
                        35.449637436000046,
                        36.96444273100008
                    ],
                    [
                        36.28222274800004,
                        36.362777710000046
                    ]
                ]
            },
            "properties": {
                "OID": 187,
                "Departure_Airport": "IST",
                "Destination_Code": "HTY",
                "Destination_Name": "Antakya",
                "Airline": "Turkish Airlines",
                "Duration__minutes_": 110,
                "Reverse_Duration__minutes_": 120,
                "Distance__km_": 854.0,
                "Flights_per_Day": 1.0,
                "Latitude": 36.36277771,
                "Longitude": 36.282222747800006,
                "Altitude": 269,
                "Name": "Hatay Airport",
                "StartLon": 28.751944,
                "StartLat": 41.275278,
                "ORIG_FID": 193,
                "Shape_Length": 8.995400049073874,
                "Country": "Turkey"
            }
        },
        {
            "type": "Feature",
            "id": 188,
            "geometry": {
                "type": "LineString",
                "coordinates": [
                    [
                        28.751944000000037,
                        41.27527800000007
                    ],
                    [
                        28.76333330400007,
                        41.27259305000007
                    ],
                    [
                        31.580819791000067,
                        40.56648854300005
                    ],
                    [
                        34.336958982000056,
                        39.79305221200008
                    ],
                    [
                        37.02956659400007,
                        38.95553722600005
                    ],
                    [
                        39.65729977800004,
                        38.05725602700005
                    ],
                    [
                        42.21958355600003,
                        37.10153786800004
                    ],
                    [
                        44.71652799800006,
                        36.091692317000025
                    ],
                    [
                        47.14884125000003,
                        35.030978868000034
                    ],
                    [
                        49.51774259100006,
                        33.92258251100003
                    ],
                    [
                        51.82487877700004,
                        32.769594873000074
                    ],
                    [
                        51.861301422000054,
                        32.750801086000024
                    ]
                ]
            },
            "properties": {
                "OID": 188,
                "Departure_Airport": "IST",
                "Destination_Code": "IFN",
                "Destination_Name": "Isfahan",
                "Airline": "Turkish Airlines",
                "Duration__minutes_": 210,
                "Reverse_Duration__minutes_": 230,
                "Distance__km_": 2262.0,
                "Flights_per_Day": 1.0,
                "Latitude": 32.75080108642578,
                "Longitude": 51.86130142211914,
                "Altitude": 5059,
                "Name": "Esfahan Shahid Beheshti International Airport",
                "StartLon": 28.751944,
                "StartLat": 41.275278,
                "ORIG_FID": 194,
                "Shape_Length": 24.693814563425423,
                "Country": "Iran"
            }
        },
        {
            "type": "Feature",
            "id": 189,
            "geometry": {
                "type": "LineString",
                "coordinates": [
                    [
                        28.751944000000037,
                        41.27527800000007
                    ],
                    [
                        28.751841056000046,
                        41.26627462600004
                    ],
                    [
                        28.726950630000033,
                        39.01498671400003
                    ],
                    [
                        28.70359111500005,
                        36.76282266900006
                    ],
                    [
                        28.68155974800004,
                        34.50979990600007
                    ],
                    [
                        28.660683926000047,
                        32.255941059000065
                    ],
                    [
                        28.640815454000062,
                        30.001273878000063
                    ],
                    [
                        28.62182602300004,
                        27.74583108300004
                    ],
                    [
                        28.60360361900007,
                        25.48965018800004
                    ],
                    [
                        28.586049642000035,
                        23.232773289000022
                    ],
                    [
                        28.56907657000005,
                        20.97524681300007
                    ],
                    [
                        28.55260604500006,
                        18.717121247000023
                    ],
                    [
                        28.53656729100004,
                        16.458450834000075
                    ],
                    [
                        28.520895789000065,
                        14.199293235000027
                    ],
                    [
                        28.505532156000072,
                        11.939709183000048
                    ],
                    [
                        28.490421181000045,
                        9.679762096000047
                    ],
                    [
                        28.475510987000064,
                        7.419517690000021
                    ],
                    [
                        28.460752289000027,
                        5.159043558000064
                    ],
                    [
                        28.446097724000026,
                        2.8984087480000653
                    ],
                    [
                        28.431501234000052,
                        0.6376833290000263
                    ],
                    [
                        28.416917479000062,
                        -1.6230620579999595
                    ],
                    [
                        28.402301279000028,
                        -3.8837566449999485
                    ],
                    [
                        28.387607052000078,
                        -6.144329984999956
                    ],
                    [
                        28.37278824400005,
                        -8.404712400999927
                    ],
                    [
                        28.357796731000064,
                        -10.664835424999978
                    ],
                    [
                        28.342582187000062,
                        -12.924632230999975
                    ],
                    [
                        28.327091378000034,
                        -15.184038054999974
                    ],
                    [
                        28.31126738300003,
                        -17.442990600999963
                    ],
                    [
                        28.295048707000035,
                        -19.70143042999996
                    ],
                    [
                        28.278368253000053,
                        -21.95930132799998
                    ],
                    [
                        28.26115211800004,
                        -24.216550650999977
                    ],
                    [
                        28.246000000000038,
                        -26.13919999999996
                    ]
                ]
            },
            "properties": {
                "OID": 189,
                "Departure_Airport": "IST",
                "Destination_Code": "JNB",
                "Destination_Name": "Johannesburg",
                "Airline": "Turkish Airlines",
                "Duration__minutes_": 590,
                "Reverse_Duration__minutes_": 615,
                "Distance__km_": 7533.0,
                "Flights_per_Day": 1.0,
                "Latitude": -26.1392,
                "Longitude": 28.246,
                "Altitude": 5558,
                "Name": "OR Tambo International Airport",
                "StartLon": 28.751944,
                "StartLat": 41.275278,
                "ORIG_FID": 195,
                "Shape_Length": 67.41642645842273,
                "Country": "South Africa"
            }
        },
        {
            "type": "Feature",
            "id": 190,
            "geometry": {
                "type": "LineString",
                "coordinates": [
                    [
                        28.751944000000037,
                        41.27527800000007
                    ],
                    [
                        28.763469934000057,
                        41.272944222000035
                    ],
                    [
                        31.61849729000005,
                        40.65373464800007
                    ],
                    [
                        34.41834145100006,
                        39.96520510100004
                    ],
                    [
                        37.159939810000026,
                        39.210350851000044
                    ],
                    [
                        39.84107245300004,
                        38.39227882500006
                    ],
                    [
                        42.46031286700003,
                        37.51416245400003
                    ],
                    [
                        45.01696401000004,
                        36.579201270000056
                    ],
                    [
                        47.510984903000065,
                        35.590585813000075
                    ],
                    [
                        49.94291238400007,
                        34.55146807600005
                    ],
                    [
                        52.313781918000075,
                        33.46493739400006
                    ],
                    [
                        54.625050533000035,
                        32.33400151200004
                    ],
                    [
                        56.87852415300006,
                        31.16157237500005
                    ],
                    [
                        59.07629087000004,
                        29.950456149000047
                    ],
                    [
                        61.220661033000056,
                        28.703346887000066
                    ],
                    [
                        63.31411457400003,
                        27.422823312000048
                    ],
                    [
                        65.35925555600005,
                        26.111348156000076
                    ],
                    [
                        67.16079700000006,
                        24.90650000000005
                    ]
                ]
            },
            "properties": {
                "OID": 190,
                "Departure_Airport": "IST",
                "Destination_Code": "KHI",
                "Destination_Name": "Karachi",
                "Airline": "Turkish Airlines",
                "Duration__minutes_": 310,
                "Reverse_Duration__minutes_": 380,
                "Distance__km_": 3992.0,
                "Flights_per_Day": 1.0,
                "Latitude": 24.9065,
                "Longitude": 67.160797,
                "Altitude": 100,
                "Name": "Jinnah International Airport",
                "StartLon": 28.751944,
                "StartLat": 41.275278,
                "ORIG_FID": 196,
                "Shape_Length": 42.038742373955515,
                "Country": "Pakistan"
            }
        },
        {
            "type": "Feature",
            "id": 191,
            "geometry": {
                "type": "LineString",
                "coordinates": [
                    [
                        28.751944000000037,
                        41.27527800000007
                    ],
                    [
                        28.763738862000025,
                        41.27390528700005
                    ],
                    [
                        31.695951808000075,
                        40.89310056900007
                    ],
                    [
                        34.59153298000007,
                        40.43862478300008
                    ],
                    [
                        37.44536898200005,
                        39.91260569100007
                    ],
                    [
                        40.253067688000044,
                        39.317414100000065
                    ],
                    [
                        43.010984747000066,
                        38.65561980500007
                    ],
                    [
                        45.716226016000064,
                        37.92994770700005
                    ],
                    [
                        48.36662905900005,
                        37.14323555400006
                    ],
                    [
                        50.96072752100008,
                        36.29839449800005
                    ],
                    [
                        53.497702454000034,
                        35.39837330200004
                    ],
                    [
                        55.97732465900003,
                        34.44612677500004
                    ],
                    [
                        58.39989174400006,
                        33.44458867600002
                    ],
                    [
                        60.76616313200003,
                        32.396649137000054
                    ],
                    [
                        63.077295640000045,
                        31.305136444000027
                    ],
                    [
                        65.33478169000006,
                        30.172802896000064
                    ],
                    [
                        67.54039159600006,
                        29.002314359000025
                    ],
                    [
                        69.69612089100008,
                        27.796243094000033
                    ],
                    [
                        71.80414322900003,
                        26.557063424000035
                    ],
                    [
                        73.86676903700004,
                        25.28714979800003
                    ],
                    [
                        75.88640987100007,
                        23.988776853000047
                    ],
                    [
                        77.86554819500003,
                        22.664121098000066
                    ],
                    [
                        79.80671223500008,
                        21.315263884000046
                    ],
                    [
                        81.71245543500004,
                        19.944195394000076
                    ],
                    [
                        83.58534005700005,
                        18.552819372000044
                    ],
                    [
                        85.42792443000008,
                        17.142958431000068
                    ],
                    [
                        87.24275338300004,
                        15.716359736000072
                    ],
                    [
                        89.03235141500005,
                        14.274700951000057
                    ],
                    [
                        90.79921821600004,
                        12.819596340000032
                    ],
                    [
                        92.54582616300007,
                        11.352602941000043
                    ],
                    [
                        94.27461946400007,
                        9.875226757000064
                    ],
                    [
                        95.98801468900007,
                        8.388928920000069
                    ],
                    [
                        97.68840241300006,
                        6.895131808000031
                    ],
                    [
                        99.37814977900007,
                        5.395225099000072
                    ],
                    [
                        101.05960377800005,
                        3.8905717510000386
                    ],
                    [
                        102.73509509600007,
                        2.3825139210000543
                    ],
                    [
                        104.40694237400004,
                        0.8723788250000553
                    ],
                    [
                        106.07745676400003,
                        -0.6385154439999496
                    ],
                    [
                        107.74894665300008,
                        -2.1488541309999505
                    ],
                    [
                        109.42372245300004,
                        -3.657320037999966
                    ],
                    [
                        111.10410134300008,
                        -5.162587740999925
                    ],
                    [
                        112.79241185600006,
                        -6.663317777999964
                    ],
                    [
                        114.49099819600008,
                        -8.158150795999973
                    ],
                    [
                        115.1669998000001,
                        -8.748169898999947
                    ]
                ]
            },
            "properties": {
                "OID": 191,
                "Departure_Airport": "IST",
                "Destination_Code": "DPS",
                "Destination_Name": "Denpasar",
                "Airline": "Turkish Airlines",
                "Duration__minutes_": 735,
                "Reverse_Duration__minutes_": 815,
                "Distance__km_": 10407.0,
                "Flights_per_Day": 1.0,
                "Latitude": -8.748169899,
                "Longitude": 115.1669998,
                "Altitude": 14,
                "Name": "Ngurah Rai (Bali) International Airport",
                "StartLon": 28.751944,
                "StartLat": 41.275278,
                "ORIG_FID": 197,
                "Shape_Length": 101.86288712154258,
                "Country": "Indonesia"
            }
        },
        {
            "type": "Feature",
            "id": 192,
            "geometry": {
                "type": "LineString",
                "coordinates": [
                    [
                        28.751944000000037,
                        41.27527800000007
                    ],
                    [
                        28.740081729000053,
                        41.27430534200005
                    ],
                    [
                        25.78664452000004,
                        40.99300613400004
                    ],
                    [
                        22.861512025000025,
                        40.63672146600004
                    ],
                    [
                        19.970463902000063,
                        40.207158108000044
                    ],
                    [
                        17.118659526000044,
                        39.706311794000044
                    ],
                    [
                        14.310579932000053,
                        39.136427404000074
                    ],
                    [
                        11.549994562000052,
                        38.499957109000036
                    ],
                    [
                        8.839951363000068,
                        37.799518153000065
                    ],
                    [
                        6.18278768700003,
                        37.037851732000036
                    ],
                    [
                        3.5801586040000757,
                        36.217784159000075
                    ],
                    [
                        1.0330788940000275,
                        35.34219124100008
                    ],
                    [
                        -1.458025096999961,
                        34.413966481000045
                    ],
                    [
                        -3.8932573379999553,
                        33.435993463000045
                    ],
                    [
                        -6.273190915999976,
                        32.411122513000066
                    ],
                    [
                        -8.036299705999966,
                        31.606899260000034
                    ]
                ]
            },
            "properties": {
                "OID": 192,
                "Departure_Airport": "IST",
                "Destination_Code": "RAK",
                "Destination_Name": "Marrakech",
                "Airline": "Turkish Airlines",
                "Duration__minutes_": 330,
                "Reverse_Duration__minutes_": 310,
                "Distance__km_": 3450.0,
                "Flights_per_Day": 1.0,
                "Latitude": 31.60689926,
                "Longitude": -8.036299706,
                "Altitude": 1545,
                "Name": "Menara Airport",
                "StartLon": 28.751944,
                "StartLat": 41.275278,
                "ORIG_FID": 198,
                "Shape_Length": 38.24026789067792,
                "Country": "Morocco"
            }
        },
        {
            "type": "Feature",
            "id": 193,
            "geometry": {
                "type": "LineString",
                "coordinates": [
                    [
                        28.751944000000037,
                        41.27527800000007
                    ],
                    [
                        28.762551790000032,
                        41.27115396200003
                    ],
                    [
                        31.37276113100006,
                        40.210070005000034
                    ],
                    [
                        33.90070173700008,
                        39.09176336000007
                    ],
                    [
                        36.34820670200003,
                        37.920156270000064
                    ],
                    [
                        38.717693362000034,
                        36.69901927700005
                    ],
                    [
                        41.01203425400007,
                        35.43195367000004
                    ],
                    [
                        43.23444299800008,
                        34.12238099700005
                    ],
                    [
                        45.38837595000007,
                        32.773538389000066
                    ],
                    [
                        47.47744940200005,
                        31.38847852600003
                    ],
                    [
                        49.50537143500003,
                        29.97007321500007
                    ],
                    [
                        51.47588710700006,
                        28.521019644000035
                    ],
                    [
                        53.39273542600006,
                        27.043848575000027
                    ],
                    [
                        55.25961654000008,
                        25.540933842000072
                    ],
                    [
                        55.517200470000034,
                        25.328599930000053
                    ]
                ]
            },
            "properties": {
                "OID": 193,
                "Departure_Airport": "IST",
                "Destination_Code": "SHJ",
                "Destination_Name": "Sharjah",
                "Airline": "Air Arabia",
                "Duration__minutes_": 260,
                "Reverse_Duration__minutes_": 300,
                "Distance__km_": 3049.0,
                "Flights_per_Day": 1.0,
                "Latitude": 25.32859992980957,
                "Longitude": 55.51720047,
                "Altitude": 111,
                "Name": "Sharjah International Airport",
                "StartLon": 28.751944,
                "StartLat": 41.275278,
                "ORIG_FID": 199,
                "Shape_Length": 31.29292739735148,
                "Country": "United Arab Emirates"
            }
        },
        {
            "type": "Feature",
            "id": 194,
            "geometry": {
                "type": "LineString",
                "coordinates": [
                    [
                        28.751944000000037,
                        41.27527800000007
                    ],
                    [
                        28.758998260000055,
                        41.28254114600003
                    ],
                    [
                        30.573389552000037,
                        43.08392331700003
                    ],
                    [
                        32.49635397000003,
                        44.85425288400006
                    ],
                    [
                        34.539648052000075,
                        46.589631250000025
                    ],
                    [
                        36.71609773000006,
                        48.28561118600004
                    ],
                    [
                        39.039577320000035,
                        49.937117353000076
                    ],
                    [
                        41.52491355400008,
                        51.53836137400003
                    ],
                    [
                        44.187678593000044,
                        53.08275500700006
                    ],
                    [
                        47.04382560100004,
                        54.56282763200005
                    ],
                    [
                        49.27870178000006,
                        55.60620117000008
                    ]
                ]
            },
            "properties": {
                "OID": 194,
                "Departure_Airport": "IST",
                "Destination_Code": "KZN",
                "Destination_Name": "Kazan",
                "Airline": "Turkish Airlines",
                "Duration__minutes_": 290,
                "Reverse_Duration__minutes_": 330,
                "Distance__km_": 2195.0,
                "Flights_per_Day": 1.0,
                "Latitude": 55.60620117,
                "Longitude": 49.27870178,
                "Altitude": 411,
                "Name": "Kazan International Airport",
                "StartLon": 28.751944,
                "StartLat": 41.275278,
                "ORIG_FID": 200,
                "Shape_Length": 25.19122586332302,
                "Country": "Russia"
            }
        },
        {
            "type": "Feature",
            "id": 195,
            "geometry": {
                "type": "LineString",
                "coordinates": [
                    [
                        28.751944000000037,
                        41.27527800000007
                    ],
                    [
                        28.744227564000028,
                        41.26841012500006
                    ],
                    [
                        26.86430197100003,
                        39.535546305000025
                    ],
                    [
                        25.076358691000053,
                        37.77323673400008
                    ],
                    [
                        23.371942544000035,
                        35.98452821200004
                    ],
                    [
                        21.743264064000073,
                        34.17214001700006
                    ],
                    [
                        20.183162800000048,
                        32.33850483900005
                    ],
                    [
                        18.685063137000043,
                        30.485805252000034
                    ],
                    [
                        17.24292661100003,
                        28.616005965000056
                    ],
                    [
                        15.851203419000058,
                        26.730882241000074
                    ],
                    [
                        14.504784836000056,
                        24.83204484600003
                    ],
                    [
                        13.198957611000026,
                        22.920961945000045
                    ],
                    [
                        11.929360931000076,
                        20.998978304000048
                    ],
                    [
                        10.691946201000064,
                        19.067332160000035
                    ],
                    [
                        9.48293971000004,
                        17.127170070000034
                    ],
                    [
                        8.298808071000053,
                        15.179560021000043
                    ],
                    [
                        7.136226259000068,
                        13.225503064000065
                    ],
                    [
                        5.992048017000059,
                        11.265943699000047
                    ],
                    [
                        4.863278354000045,
                        9.301779194000062
                    ],
                    [
                        3.7470478630000343,
                        7.3338680510000245
                    ],
                    [
                        3.321160078000048,
                        6.577370167000026
                    ]
                ]
            },
            "properties": {
                "OID": 195,
                "Departure_Airport": "IST",
                "Destination_Code": "LOS",
                "Destination_Name": "Lagos",
                "Airline": "Turkish Airlines",
                "Duration__minutes_": 435,
                "Reverse_Duration__minutes_": 395,
                "Distance__km_": 4629.0,
                "Flights_per_Day": 1.0,
                "Latitude": 6.5773701667785645,
                "Longitude": 3.321160078048706,
                "Altitude": 135,
                "Name": "Murtala Muhammed International Airport",
                "StartLon": 28.751944,
                "StartLat": 41.275278,
                "ORIG_FID": 201,
                "Shape_Length": 43.22442344721257,
                "Country": "Nigeria"
            }
        },
        {
            "type": "Feature",
            "id": 196,
            "geometry": {
                "type": "LineString",
                "coordinates": [
                    [
                        28.751944000000037,
                        41.27527800000007
                    ],
                    [
                        28.75783082600003,
                        41.26744660300005
                    ],
                    [
                        30.187092636000045,
                        39.30020731800005
                    ],
                    [
                        31.53816852700004,
                        37.31570893800006
                    ],
                    [
                        32.81974728400007,
                        35.315905738000026
                    ],
                    [
                        34.03952106700007,
                        33.302507613000046
                    ],
                    [
                        35.20432142400006,
                        31.27701918400004
                    ],
                    [
                        36.32023771200005,
                        29.240772339000046
                    ],
                    [
                        37.392719802000045,
                        27.19495339200006
                    ],
                    [
                        38.426667019000035,
                        25.14062580700005
                    ],
                    [
                        39.426505156000076,
                        23.07874929600007
                    ],
                    [
                        40.39625327200008,
                        21.010195940000074
                    ],
                    [
                        41.33958177900007,
                        18.93576384200003
                    ],
                    [
                        42.259863160000066,
                        16.85618878400004
                    ],
                    [
                        43.160216469000034,
                        14.772154209000064
                    ],
                    [
                        44.04354664300007,
                        12.684299861000056
                    ],
                    [
                        44.91257948400005,
                        10.593229307000058
                    ],
                    [
                        45.76989308600008,
                        8.499516558000039
                    ],
                    [
                        46.61794636600007,
                        6.403711972000053
                    ],
                    [
                        47.459105297000065,
                        4.306347580000022
                    ],
                    [
                        48.29566737000005,
                        2.2079419850000477
                    ],
                    [
                        49.12988474700006,
                        0.1090049330000511
                    ],
                    [
                        49.96398658100003,
                        -1.9899583159999565
                    ],
                    [
                        50.80020089200008,
                        -4.088442719999932
                    ],
                    [
                        51.64077642700005,
                        -6.185939198999961
                    ],
                    [
                        52.48800490600007,
                        -8.281930280999973
                    ],
                    [
                        53.34424407900008,
                        -10.375885548999975
                    ],
                    [
                        54.21194202300006,
                        -12.467256788999975
                    ],
                    [
                        55.09366317000007,
                        -14.555472708999957
                    ],
                    [
                        55.99211657200004,
                        -16.63993310799998
                    ],
                    [
                        56.910187001000054,
                        -18.72000233199998
                    ],
                    [
                        57.68360100000007,
                        -20.430200999999954
                    ]
                ]
            },
            "properties": {
                "OID": 196,
                "Departure_Airport": "IST",
                "Destination_Code": "MRU",
                "Destination_Name": "Mauritius",
                "Airline": "Turkish Airlines",
                "Duration__minutes_": 565,
                "Reverse_Duration__minutes_": 620,
                "Distance__km_": 7520.0,
                "Flights_per_Day": 1.0,
                "Latitude": -20.430201,
                "Longitude": 57.683601,
                "Altitude": 186,
                "Name": "Sir Seewoosagur Ramgoolam International Airport",
                "StartLon": 28.751944,
                "StartLat": 41.275278,
                "ORIG_FID": 202,
                "Shape_Length": 68.32338770062424,
                "Country": "Mauritius"
            }
        },
        {
            "type": "Feature",
            "id": 197,
            "geometry": {
                "type": "LineString",
                "coordinates": [
                    [
                        28.751944000000037,
                        41.27527800000007
                    ],
                    [
                        28.76384801100005,
                        41.27484728400003
                    ],
                    [
                        31.733790017000047,
                        41.12865600900005
                    ],
                    [
                        34.68716703500007,
                        40.90629484400006
                    ],
                    [
                        35.52199900000005,
                        40.82939900000008
                    ]
                ]
            },
            "properties": {
                "OID": 197,
                "Departure_Airport": "IST",
                "Destination_Code": "MZH",
                "Destination_Name": "Merzifon",
                "Airline": "Turkish Airlines",
                "Duration__minutes_": 90,
                "Reverse_Duration__minutes_": 95,
                "Distance__km_": 573.0,
                "Flights_per_Day": 1.0,
                "Latitude": 40.829399,
                "Longitude": 35.521999,
                "Altitude": 1758,
                "Name": "Amasya Merzifon Airport",
                "StartLon": 28.751944,
                "StartLat": 41.275278,
                "ORIG_FID": 203,
                "Shape_Length": 6.785720264843775,
                "Country": "Turkey"
            }
        },
        {
            "type": "Feature",
            "id": 198,
            "geometry": {
                "type": "LineString",
                "coordinates": [
                    [
                        28.751944000000037,
                        41.27527800000007
                    ],
                    [
                        28.763646278000067,
                        41.27698965400003
                    ],
                    [
                        31.70743649900004,
                        41.66723214900003
                    ],
                    [
                        34.68346715700005,
                        41.98120348300006
                    ],
                    [
                        35.06639862000003,
                        42.01580048000005
                    ]
                ]
            },
            "properties": {
                "OID": 198,
                "Departure_Airport": "IST",
                "Destination_Code": "NOP",
                "Destination_Name": "Sinop",
                "Airline": "Turkish Airlines",
                "Duration__minutes_": 85,
                "Reverse_Duration__minutes_": 100,
                "Distance__km_": 534.0,
                "Flights_per_Day": 1.0,
                "Latitude": 42.01580048,
                "Longitude": 35.06639862,
                "Altitude": 20,
                "Name": "Sinop Airport",
                "StartLon": 28.751944,
                "StartLat": 41.275278,
                "ORIG_FID": 204,
                "Shape_Length": 6.35858564800496,
                "Country": "Turkey"
            }
        },
        {
            "type": "Feature",
            "id": 199,
            "geometry": {
                "type": "LineString",
                "coordinates": [
                    [
                        28.751944000000037,
                        41.27527800000007
                    ],
                    [
                        28.761059961000058,
                        41.28108898600004
                    ],
                    [
                        31.091871341000058,
                        42.71027229500004
                    ],
                    [
                        33.530174585000054,
                        44.089480440000045
                    ],
                    [
                        36.08212073800007,
                        45.41388890800005
                    ],
                    [
                        38.75336697700004,
                        46.678301771000065
                    ],
                    [
                        41.54879673200003,
                        47.87716233200007
                    ],
                    [
                        44.47218445000004,
                        49.00458092300005
                    ],
                    [
                        47.52580949700007,
                        50.05438438200008
                    ],
                    [
                        50.710031869000034,
                        51.020191616000034
                    ],
                    [
                        54.022852956000065,
                        51.89551889300003
                    ],
                    [
                        57.45949678200003,
                        52.67391674400005
                    ],
                    [
                        61.012058929000034,
                        53.349137624000036
                    ],
                    [
                        64.66927888900005,
                        53.915329591000045
                    ],
                    [
                        68.41649296000003,
                        54.367246726000076
                    ],
                    [
                        72.23581564700004,
                        54.70046238400005
                    ],
                    [
                        76.10657582800008,
                        54.91156773600005
                    ],
                    [
                        80.00600129000003,
                        54.99833651000006
                    ],
                    [
                        83.91010695000006,
                        54.95983822200003
                    ],
                    [
                        87.79470681500004,
                        54.79648684000006
                    ],
                    [
                        91.63644687600004,
                        54.51001903800005
                    ],
                    [
                        95.41375212600008,
                        54.103404659000034
                    ],
                    [
                        99.10759703600007,
                        53.58069993600003
                    ],
                    [
                        102.70204031700007,
                        52.94685971700005
                    ],
                    [
                        106.18450303200007,
                        52.20752767500005
                    ],
                    [
                        109.54580484200005,
                        51.36882291000006
                    ],
                    [
                        112.77999945500005,
                        50.43713845600007
                    ],
                    [
                        115.88406426600011,
                        49.41896279000008
                    ],
                    [
                        118.85750153200001,
                        48.32073077000007
                    ],
                    [
                        121.70190215900004,
                        47.14870625400005
                    ],
                    [
                        124.42051224500005,
                        45.908895432000065
                    ],
                    [
                        127.01783022400002,
                        44.60698778500006
                    ],
                    [
                        129.4992510940001,
                        43.24832046600005
                    ],
                    [
                        131.87076507400002,
                        41.83786156900004
                    ],
                    [
                        134.13871141700008,
                        40.38020789500007
                    ],
                    [
                        136.30958389500006,
                        38.87959334000004
                    ],
                    [
                        138.38988207500006,
                        37.339904638000064
                    ],
                    [
                        140.3860016000001,
                        35.76470184000004
                    ]
                ]
            },
            "properties": {
                "OID": 199,
                "Departure_Airport": "IST",
                "Destination_Code": "NRT",
                "Destination_Name": "Tokyo",
                "Airline": "Turkish Airlines",
                "Duration__minutes_": 680,
                "Reverse_Duration__minutes_": 830,
                "Distance__km_": 9030.0,
                "Flights_per_Day": 1.0,
                "Latitude": 35.76470184,
                "Longitude": 140.3860016,
                "Altitude": 141,
                "Name": "Narita International Airport",
                "StartLon": 28.751944,
                "StartLat": 41.275278,
                "ORIG_FID": 205,
                "Shape_Length": 118.44144043535174,
                "Country": "Japan"
            }
        },
        {
            "type": "Feature",
            "id": 200,
            "geometry": {
                "type": "LineString",
                "coordinates": [
                    [
                        28.751944000000037,
                        41.27527800000007
                    ],
                    [
                        28.74004471300003,
                        41.27462087600003
                    ],
                    [
                        25.773840910000047,
                        41.07190391000006
                    ],
                    [
                        22.82917954000004,
                        40.79335352900006
                    ],
                    [
                        19.91227844900004,
                        40.44032483700005
                    ],
                    [
                        17.028833012000064,
                        40.014493352000045
                    ],
                    [
                        14.183934843000031,
                        39.51781997200004
                    ],
                    [
                        11.382014352000056,
                        38.95251221900003
                    ],
                    [
                        8.626807289000055,
                        38.32098343300004
                    ],
                    [
                        5.92134397500007,
                        37.62581154800006
                    ],
                    [
                        3.267958778000036,
                        36.86969884200005
                    ],
                    [
                        0.6683166480000295,
                        36.05543386100004
                    ],
                    [
                        -0.6211829779999789,
                        35.623901370000056
                    ]
                ]
            },
            "properties": {
                "OID": 200,
                "Departure_Airport": "IST",
                "Destination_Code": "ORN",
                "Destination_Name": "Oran",
                "Airline": "Air Algerie",
                "Duration__minutes_": 265,
                "Reverse_Duration__minutes_": 245,
                "Distance__km_": 2632.0,
                "Flights_per_Day": 1.0,
                "Latitude": 35.62390137,
                "Longitude": -0.621182978,
                "Altitude": 295,
                "Name": "Es Senia Airport",
                "StartLon": 28.751944,
                "StartLat": 41.275278,
                "ORIG_FID": 206,
                "Shape_Length": 30.005877241761826,
                "Country": "Algeria"
            }
        },
        {
            "type": "Feature",
            "id": 201,
            "geometry": {
                "type": "LineString",
                "coordinates": [
                    [
                        28.751944000000037,
                        41.27527800000007
                    ],
                    [
                        28.742624276000072,
                        41.26965473200005
                    ],
                    [
                        26.461884702000077,
                        39.84070505200003
                    ],
                    [
                        24.275142411000047,
                        38.36839424500005
                    ],
                    [
                        22.17638845600004,
                        36.85655325300007
                    ],
                    [
                        20.15965718800004,
                        35.308706020000045
                    ],
                    [
                        18.219107098000052,
                        33.72808902700007
                    ],
                    [
                        16.349077175000048,
                        32.11767253000005
                    ],
                    [
                        14.544123702000036,
                        30.480182409000065
                    ],
                    [
                        12.799041748000036,
                        28.818121864000034
                    ],
                    [
                        11.108874942000057,
                        27.133792423000045
                    ],
                    [
                        9.468916455000056,
                        25.42931392400004
                    ],
                    [
                        7.874703537000073,
                        23.70664329600004
                    ],
                    [
                        6.322007437000025,
                        21.967592035000052
                    ],
                    [
                        4.806820149000032,
                        20.213842365000062
                    ],
                    [
                        3.325339042000053,
                        18.44696212100007
                    ],
                    [
                        1.873950192000052,
                        16.66841842300005
                    ],
                    [
                        0.4492109880000612,
                        14.879590224000026
                    ],
                    [
                        -0.9521675569999388,
                        13.08177984100007
                    ],
                    [
                        -1.5124199999999632,
                        12.353200000000072
                    ]
                ]
            },
            "properties": {
                "OID": 201,
                "Departure_Airport": "IST",
                "Destination_Code": "OUA",
                "Destination_Name": "Ouagadougou",
                "Airline": "Turkish Airlines",
                "Duration__minutes_": 400,
                "Reverse_Duration__minutes_": 375,
                "Distance__km_": 4376.0,
                "Flights_per_Day": 1.0,
                "Latitude": 12.3532,
                "Longitude": -1.51242,
                "Altitude": 1037,
                "Name": "Ouagadougou Airport",
                "StartLon": 28.751944,
                "StartLat": 41.275278,
                "ORIG_FID": 207,
                "Shape_Length": 42.120328079710205,
                "Country": "Burkina Faso"
            }
        },
        {
            "type": "Feature",
            "id": 202,
            "geometry": {
                "type": "LineString",
                "coordinates": [
                    [
                        28.751944000000037,
                        41.27527800000007
                    ],
                    [
                        28.763877854000043,
                        41.27534573500003
                    ],
                    [
                        31.746935198000074,
                        41.253469867000035
                    ],
                    [
                        34.72449914800006,
                        41.15442212700003
                    ],
                    [
                        37.689661466000075,
                        40.97869760900005
                    ],
                    [
                        40.63576063600004,
                        40.727165212000045
                    ],
                    [
                        43.556506597000066,
                        40.40104797300006
                    ],
                    [
                        46.44608884100006,
                        40.00189620800006
                    ],
                    [
                        49.29926399200008,
                        39.53155484000007
                    ],
                    [
                        52.11142058400003,
                        38.99212647600007
                    ],
                    [
                        54.87862034500006,
                        38.385931896000045
                    ],
                    [
                        57.59761677300003,
                        37.71546955600007
                    ],
                    [
                        60.26585299800007,
                        36.98337556100006
                    ],
                    [
                        62.88144178700003,
                        36.19238535300008
                    ],
                    [
                        65.44313108500006,
                        35.34529809300005
                    ],
                    [
                        67.95025863600006,
                        34.444944442000065
                    ],
                    [
                        70.40269917000006,
                        33.49415817800008
                    ],
                    [
                        72.80080732000005,
                        32.495751867000024
                    ],
                    [
                        75.14535899500004,
                        31.452496577000034
                    ],
                    [
                        77.43749346500005,
                        30.36710550600003
                    ],
                    [
                        79.67865785800007,
                        29.242221251000046
                    ],
                    [
                        81.87055532700003,
                        28.08040638700004
                    ],
                    [
                        84.01509770400008,
                        26.88413698900007
                    ],
                    [
                        86.11436307000008,
                        25.655798695000044
                    ],
                    [
                        88.17055843800006,
                        24.39768495100003
                    ],
                    [
                        90.18598747200008,
                        23.111997055000074
                    ],
                    [
                        92.16302303200007,
                        21.800845690000074
                    ],
                    [
                        94.10408422800003,
                        20.466253644000062
                    ],
                    [
                        96.01161760300005,
                        19.11015946400005
                    ],
                    [
                        97.88808202100006,
                        17.734421824000037
                    ],
                    [
                        99.73593684400004,
                        16.340824430000055
                    ],
                    [
                        101.55763299000006,
                        14.931081299000027
                    ],
                    [
                        103.35560648700005,
                        13.506842309000035
                    ],
                    [
                        105.13227416500007,
                        12.069698907000031
                    ],
                    [
                        106.65200040000008,
                        10.818799970000043
                    ]
                ]
            },
            "properties": {
                "OID": 202,
                "Departure_Airport": "IST",
                "Destination_Code": "SGN",
                "Destination_Name": "Ho Chi Minh City",
                "Airline": "Turkish Airlines",
                "Duration__minutes_": 605,
                "Reverse_Duration__minutes_": 675,
                "Distance__km_": 8254.0,
                "Flights_per_Day": 1.0,
                "Latitude": 10.81879997,
                "Longitude": 106.6520004,
                "Altitude": 33,
                "Name": "Tan Son Nhat International Airport",
                "StartLon": 28.751944,
                "StartLat": 41.275278,
                "ORIG_FID": 208,
                "Shape_Length": 85.5768316171093,
                "Country": "Vietnam"
            }
        },
        {
            "type": "Feature",
            "id": 203,
            "geometry": {
                "type": "LineString",
                "coordinates": [
                    [
                        28.751944000000037,
                        41.27527800000007
                    ],
                    [
                        28.742224299000043,
                        41.28049504400008
                    ],
                    [
                        26.263001617000043,
                        42.55811855400003
                    ],
                    [
                        23.682851243000073,
                        43.779629681000074
                    ],
                    [
                        20.998210835000066,
                        44.94026671200004
                    ],
                    [
                        18.206396738000024,
                        46.035028013000044
                    ],
                    [
                        15.30586263400005,
                        47.058711764000066
                    ],
                    [
                        13.004300120000039,
                        47.79330063000003
                    ]
                ]
            },
            "properties": {
                "OID": 203,
                "Departure_Airport": "IST",
                "Destination_Code": "SZG",
                "Destination_Name": "Salzburg",
                "Airline": "Turkish Airlines",
                "Duration__minutes_": 165,
                "Reverse_Duration__minutes_": 160,
                "Distance__km_": 1446.0,
                "Flights_per_Day": 1.0,
                "Latitude": 47.79330063,
                "Longitude": 13.00430012,
                "Altitude": 1411,
                "Name": "Salzburg Airport",
                "StartLon": 28.751944,
                "StartLat": 41.275278,
                "ORIG_FID": 209,
                "Shape_Length": 17.070965234905582,
                "Country": "Austria"
            }
        },
        {
            "type": "Feature",
            "id": 204,
            "geometry": {
                "type": "LineString",
                "coordinates": [
                    [
                        28.751944000000037,
                        41.27527800000007
                    ],
                    [
                        28.740462423000054,
                        41.277734192000025
                    ],
                    [
                        25.843785500000024,
                        41.85535207600003
                    ],
                    [
                        22.89794416700005,
                        42.358597485000075
                    ],
                    [
                        19.908379074000038,
                        42.784966395000026
                    ],
                    [
                        16.88137166000007,
                        43.13225565000005
                    ],
                    [
                        13.823963067000022,
                        43.39861281800006
                    ],
                    [
                        10.743838752000045,
                        43.582580617000076
                    ],
                    [
                        7.649181941000052,
                        43.68313346900004
                    ],
                    [
                        4.548501713000064,
                        43.69970410500008
                    ],
                    [
                        1.4504439190000653,
                        43.63219858000008
                    ],
                    [
                        1.3638200000000325,
                        43.62910100000005
                    ]
                ]
            },
            "properties": {
                "OID": 204,
                "Departure_Airport": "IST",
                "Destination_Code": "TLS",
                "Destination_Name": "Toulouse",
                "Airline": "Turkish Airlines",
                "Duration__minutes_": 235,
                "Reverse_Duration__minutes_": 220,
                "Distance__km_": 2262.0,
                "Flights_per_Day": 1.0,
                "Latitude": 43.629101,
                "Longitude": 1.36382,
                "Altitude": 499,
                "Name": "Toulouse-Blagnac Airport",
                "StartLon": 28.751944,
                "StartLat": 41.275278,
                "ORIG_FID": 210,
                "Shape_Length": 27.558590049135624,
                "Country": "France"
            }
        },
        {
            "type": "Feature",
            "id": 205,
            "geometry": {
                "type": "LineString",
                "coordinates": [
                    [
                        28.751944000000037,
                        41.27527800000007
                    ],
                    [
                        28.740836452000053,
                        41.278560052000046
                    ],
                    [
                        25.92940055400004,
                        42.06479342700004
                    ],
                    [
                        23.050940560000072,
                        42.780391622000025
                    ],
                    [
                        20.10894702300004,
                        43.42193419900008
                    ],
                    [
                        17.108006654000064,
                        43.98617901000006
                    ],
                    [
                        14.053814540000076,
                        44.470127536000064
                    ],
                    [
                        10.953145111000026,
                        44.87109148400003
                    ],
                    [
                        7.813777089000041,
                        45.18675764300008
                    ],
                    [
                        7.649630000000059,
                        45.20080200000007
                    ]
                ]
            },
            "properties": {
                "OID": 205,
                "Departure_Airport": "IST",
                "Destination_Code": "TRN",
                "Destination_Name": "Turin",
                "Airline": "Turkish Airlines",
                "Duration__minutes_": 190,
                "Reverse_Duration__minutes_": 185,
                "Distance__km_": 1767.0,
                "Flights_per_Day": 1.0,
                "Latitude": 45.200802,
                "Longitude": 7.64963,
                "Altitude": 989,
                "Name": "Turin Airport",
                "StartLon": 28.751944,
                "StartLat": 41.275278,
                "ORIG_FID": 211,
                "Shape_Length": 21.501080128883544,
                "Country": "Italy"
            }
        },
        {
            "type": "Feature",
            "id": 206,
            "geometry": {
                "type": "LineString",
                "coordinates": [
                    [
                        28.751944000000037,
                        41.27527800000007
                    ],
                    [
                        28.74805266100003,
                        41.28376633700003
                    ],
                    [
                        27.825100000000077,
                        43.23210100000006
                    ]
                ]
            },
            "properties": {
                "OID": 206,
                "Departure_Airport": "IST",
                "Destination_Code": "VAR",
                "Destination_Name": "Varna",
                "Airline": "Turkish Airlines",
                "Duration__minutes_": 65,
                "Reverse_Duration__minutes_": 75,
                "Distance__km_": 232.0,
                "Flights_per_Day": 1.0,
                "Latitude": 43.232101,
                "Longitude": 27.8251,
                "Altitude": 230,
                "Name": "Varna Airport",
                "StartLon": 28.751944,
                "StartLat": 41.275278,
                "ORIG_FID": 212,
                "Shape_Length": 2.1652830833796948,
                "Country": "Bulgaria"
            }
        },
        {
            "type": "Feature",
            "id": 207,
            "geometry": {
                "type": "LineString",
                "coordinates": [
                    [
                        28.751944000000037,
                        41.27527800000007
                    ],
                    [
                        28.763848452000047,
                        41.27468621100007
                    ],
                    [
                        31.73207745900004,
                        41.08825643900008
                    ],
                    [
                        34.68018543000005,
                        40.82584808000007
                    ],
                    [
                        37.601875118000066,
                        40.48874126100003
                    ],
                    [
                        40.49134951900004,
                        40.07854236700007
                    ],
                    [
                        43.025978088000045,
                        39.65454102000007
                    ]
                ]
            },
            "properties": {
                "OID": 207,
                "Departure_Airport": "IST",
                "Destination_Code": "AJI",
                "Destination_Name": "Agri",
                "Airline": "Turkish Airlines",
                "Duration__minutes_": 130,
                "Reverse_Duration__minutes_": 155,
                "Distance__km_": 1226.0,
                "Flights_per_Day": 1.0,
                "Latitude": 39.65454102,
                "Longitude": 43.025978088378906,
                "Altitude": 5462,
                "Name": "A\u011fr\u0131 Airport",
                "StartLon": 28.751944,
                "StartLat": 41.275278,
                "ORIG_FID": 213,
                "Shape_Length": 14.375520142875189,
                "Country": "Turkey"
            }
        },
        {
            "type": "Feature",
            "id": 208,
            "geometry": {
                "type": "LineString",
                "coordinates": [
                    [
                        28.751944000000037,
                        41.27527800000007
                    ],
                    [
                        28.74439179500007,
                        41.26831232200004
                    ],
                    [
                        26.905121290000068,
                        39.51165658800005
                    ],
                    [
                        25.156933130000027,
                        37.72680018700004
                    ],
                    [
                        23.491267467000057,
                        35.91669205300008
                    ],
                    [
                        21.900274696000054,
                        34.08395834800007
                    ],
                    [
                        20.37676770300004,
                        32.23094407900004
                    ],
                    [
                        20.26950073000006,
                        32.096801758000026
                    ]
                ]
            },
            "properties": {
                "OID": 208,
                "Departure_Airport": "IST",
                "Destination_Code": "BEN",
                "Destination_Name": "Benghazi",
                "Airline": "Libyan Airlines",
                "Duration__minutes_": 180,
                "Reverse_Duration__minutes_": 180,
                "Distance__km_": 1273.0,
                "Flights_per_Day": 1.0,
                "Latitude": 32.096801757799994,
                "Longitude": 20.26950073,
                "Altitude": 433,
                "Name": "Benina International Airport",
                "StartLon": 28.751944,
                "StartLat": 41.275278,
                "ORIG_FID": 214,
                "Shape_Length": 12.509985875724588,
                "Country": "Libya"
            }
        },
        {
            "type": "Feature",
            "id": 209,
            "geometry": {
                "type": "LineString",
                "coordinates": [
                    [
                        28.751944000000037,
                        41.27527800000007
                    ],
                    [
                        28.74171890200006,
                        41.27063435000008
                    ],
                    [
                        26.230468685000062,
                        40.08182332700005
                    ],
                    [
                        23.806936489000066,
                        38.84020759500004
                    ],
                    [
                        21.467783049000047,
                        37.54977734100004
                    ],
                    [
                        19.209268810000026,
                        36.21430564700006
                    ],
                    [
                        17.027379653000025,
                        34.83734358900006
                    ],
                    [
                        14.917931349000071,
                        33.42222116800008
                    ],
                    [
                        12.876654212000062,
                        31.97205266000003
                    ],
                    [
                        10.899259997000058,
                        30.489745175000053
                    ],
                    [
                        8.981493337000074,
                        28.978009421000024
                    ],
                    [
                        7.119170002000033,
                        27.439371883000035
                    ],
                    [
                        5.30820417700005,
                        25.87618778800004
                    ],
                    [
                        3.5446267360000547,
                        24.290654379000046
                    ],
                    [
                        1.8245962330000225,
                        22.684824169000024
                    ],
                    [
                        0.14440411900005756,
                        21.060617900000068
                    ],
                    [
                        -1.4995245779999777,
                        19.419837077000068
                    ],
                    [
                        -3.1106340829999795,
                        17.764175950000038
                    ],
                    [
                        -4.692243368999925,
                        16.095232897000074
                    ],
                    [
                        -6.2475536529999545,
                        14.41452120100007
                    ],
                    [
                        -7.779657365999981,
                        12.723479217000033
                    ],
                    [
                        -7.94993999999997,
                        12.53350000000006
                    ]
                ]
            },
            "properties": {
                "OID": 209,
                "Departure_Airport": "IST",
                "Destination_Code": "BKO",
                "Destination_Name": "Bamako",
                "Airline": "Turkish Airlines",
                "Duration__minutes_": 425,
                "Reverse_Duration__minutes_": 405,
                "Distance__km_": 4804.0,
                "Flights_per_Day": 0.0,
                "Latitude": 12.5335,
                "Longitude": -7.94994,
                "Altitude": 1247,
                "Name": "Modibo Keita International Airport",
                "StartLon": 28.751944,
                "StartLat": 41.275278,
                "ORIG_FID": 215,
                "Shape_Length": 46.97511310719312,
                "Country": "Mali"
            }
        },
        {
            "type": "Feature",
            "id": 210,
            "geometry": {
                "type": "LineString",
                "coordinates": [
                    [
                        28.751944000000037,
                        41.27527800000007
                    ],
                    [
                        28.763575244000037,
                        41.27728820100003
                    ],
                    [
                        31.692899001000058,
                        41.74255588800003
                    ],
                    [
                        34.66131544900003,
                        42.13208874400004
                    ],
                    [
                        37.66264731200005,
                        42.44392508200008
                    ],
                    [
                        40.690062847000036,
                        42.67644935900006
                    ],
                    [
                        43.73619140400007,
                        42.828429938000056
                    ],
                    [
                        46.793264511000075,
                        42.899049037000054
                    ],
                    [
                        49.85327664400006,
                        42.887923175000026
                    ],
                    [
                        52.90815806900008,
                        42.79511291600005
                    ],
                    [
                        55.94995099400006,
                        42.62112132500005
                    ],
                    [
                        58.970979955000075,
                        42.36688122400005
                    ],
                    [
                        61.96400792700007,
                        42.03373202200004
                    ],
                    [
                        64.92237095400003,
                        41.62338745300008
                    ],
                    [
                        67.84008602800003,
                        41.13789602700007
                    ],
                    [
                        70.71192919500004,
                        40.579596277000064
                    ],
                    [
                        71.74500275000008,
                        40.358798980000074
                    ]
                ]
            },
            "properties": {
                "OID": 210,
                "Departure_Airport": "IST",
                "Destination_Code": "FEG",
                "Destination_Name": "Fergana",
                "Airline": "Uzbekistan Airways",
                "Duration__minutes_": 305,
                "Reverse_Duration__minutes_": 345,
                "Distance__km_": 3604.0,
                "Flights_per_Day": 0.0,
                "Latitude": 40.35879898,
                "Longitude": 71.74500275,
                "Altitude": 1980,
                "Name": "Fergana International Airport",
                "StartLon": 28.751944,
                "StartLat": 41.275278,
                "ORIG_FID": 216,
                "Shape_Length": 43.26745491544118,
                "Country": "Uzbekistan"
            }
        },
        {
            "type": "Feature",
            "id": 211,
            "geometry": {
                "type": "LineString",
                "coordinates": [
                    [
                        28.751944000000037,
                        41.27527800000007
                    ],
                    [
                        28.742691395000065,
                        41.28096559800008
                    ],
                    [
                        26.378124297000056,
                        42.678620386000034
                    ],
                    [
                        23.907189622000033,
                        44.02492715900007
                    ],
                    [
                        21.32427922100004,
                        45.31505443900005
                    ],
                    [
                        18.624373670000068,
                        46.54382534300004
                    ],
                    [
                        15.80332241700006,
                        47.70573508700005
                    ],
                    [
                        12.858171988000038,
                        48.79498610200005
                    ],
                    [
                        9.787535035000076,
                        49.805544792000035
                    ],
                    [
                        6.591984973000024,
                        50.73122361000003
                    ],
                    [
                        3.274451106000072,
                        51.565791098000034
                    ],
                    [
                        -0.15942142599993758,
                        52.30311060300005
                    ],
                    [
                        -3.7009918279999283,
                        52.93730556700007
                    ],
                    [
                        -7.33847411499994,
                        53.46294560300004
                    ],
                    [
                        -11.05696596499996,
                        53.875243494000074
                    ],
                    [
                        -14.838692266999942,
                        54.170249401000035
                    ],
                    [
                        -18.663477384999965,
                        54.34502596900006
                    ],
                    [
                        -22.509429834999935,
                        54.397787409000045
                    ],
                    [
                        -26.35379012599998,
                        54.32798780500008
                    ],
                    [
                        -30.173864617999982,
                        54.13634868300005
                    ],
                    [
                        -33.94795279099998,
                        53.824822632000064
                    ],
                    [
                        -37.65617645799995,
                        53.39649720300008
                    ],
                    [
                        -41.281137110999964,
                        52.85544984400008
                    ],
                    [
                        -44.80835659099995,
                        52.20656912100003
                    ],
                    [
                        -48.22648930899993,
                        51.45535917700005
                    ],
                    [
                        -51.52732373099997,
                        50.60774351600003
                    ],
                    [
                        -54.70561168699999,
                        49.66988132000006
                    ],
                    [
                        -57.75877445699996,
                        48.64800560100008
                    ],
                    [
                        -60.686535420999974,
                        47.54828841900007
                    ],
                    [
                        -63.490523103999976,
                        46.37673483800006
                    ],
                    [
                        -66.17387882699995,
                        45.139104555000074
                    ],
                    [
                        -68.74089264299994,
                        43.84085838900006
                    ],
                    [
                        -71.19668153599997,
                        42.487125863000074
                    ],
                    [
                        -73.54691617199995,
                        41.08268982800007
                    ],
                    [
                        -74.16870116999996,
                        40.69250106800007
                    ]
                ]
            },
            "properties": {
                "OID": 211,
                "Departure_Airport": "IST",
                "Destination_Code": "EWR",
                "Destination_Name": "New York",
                "Airline": "Turkish Airlines",
                "Duration__minutes_": 665,
                "Reverse_Duration__minutes_": 585,
                "Distance__km_": 8092.0,
                "Flights_per_Day": 0.0,
                "Latitude": 40.692501068115234,
                "Longitude": -74.16870117,
                "Altitude": 18,
                "Name": "Newark Liberty International Airport",
                "StartLon": 28.751944,
                "StartLat": 41.275278,
                "ORIG_FID": 217,
                "Shape_Length": 107.75325375277477,
                "Country": "United States"
            }
        },
        {
            "type": "Feature",
            "id": 212,
            "geometry": {
                "type": "LineString",
                "coordinates": [
                    [
                        28.751944000000037,
                        41.27527800000007
                    ],
                    [
                        28.740682976000073,
                        41.27825474900004
                    ],
                    [
                        25.893832160000045,
                        41.987280327000065
                    ],
                    [
                        22.986405757000057,
                        42.62410209500007
                    ],
                    [
                        20.02270235800006,
                        43.185621645000026
                    ],
                    [
                        17.008039412000073,
                        43.668969735000076
                    ],
                    [
                        13.948727116000043,
                        44.071567250000044
                    ],
                    [
                        10.852001795000035,
                        44.39118464900008
                    ],
                    [
                        7.725917253000034,
                        44.625996960000066
                    ],
                    [
                        4.579195774000027,
                        44.77463134100003
                    ],
                    [
                        1.421043922000024,
                        44.83620437700006
                    ],
                    [
                        -0.7155560259999447,
                        44.82830048000005
                    ]
                ]
            },
            "properties": {
                "OID": 212,
                "Departure_Airport": "IST",
                "Destination_Code": "BOD",
                "Destination_Name": "Bordeaux",
                "Airline": "Turkish Airlines",
                "Duration__minutes_": 250,
                "Reverse_Duration__minutes_": 235,
                "Distance__km_": 2425.0,
                "Flights_per_Day": 0.0,
                "Latitude": 44.82830048,
                "Longitude": -0.715556026,
                "Altitude": 162,
                "Name": "Bordeaux-M\u00e9rignac Airport",
                "StartLon": 28.751944,
                "StartLat": 41.275278,
                "ORIG_FID": 218,
                "Shape_Length": 29.77170005160316,
                "Country": "France"
            }
        },
        {
            "type": "Feature",
            "id": 213,
            "geometry": {
                "type": "LineString",
                "coordinates": [
                    [
                        28.751944000000037,
                        41.27527800000007
                    ],
                    [
                        28.742665798000075,
                        41.28094164300006
                    ],
                    [
                        26.371787164000068,
                        42.67247919600004
                    ],
                    [
                        23.894777238000074,
                        44.012410576000036
                    ],
                    [
                        21.30613308900007,
                        45.295904445000076
                    ],
                    [
                        18.600957918000063,
                        46.51778921700003
                    ],
                    [
                        15.77524092300007,
                        47.672571841000035
                    ],
                    [
                        12.82618377800003,
                        48.75447425600004
                    ],
                    [
                        9.752566031000072,
                        49.75749145100008
                    ],
                    [
                        6.555133754000053,
                        50.675474664000035
                    ],
                    [
                        3.236986047000073,
                        51.50224216000004
                    ],
                    [
                        -0.19607619799995746,
                        52.231718122000075
                    ],
                    [
                        -3.7352836979999324,
                        52.85809729700003
                    ],
                    [
                        -7.36876336499995,
                        53.376029462000076
                    ],
                    [
                        -11.081580496999948,
                        53.780813753000075
                    ],
                    [
                        -14.855992739999976,
                        54.06858923600004
                    ],
                    [
                        -18.67192775199993,
                        54.236505632000046
                    ],
                    [
                        -22.507666653999934,
                        54.282857722000074
                    ],
                    [
                        -26.340683424999952,
                        54.207169203000035
                    ],
                    [
                        -30.148563826999975,
                        54.01021657600006
                    ],
                    [
                        -33.909913210999946,
                        53.69399030300008
                    ],
                    [
                        -37.605164522999985,
                        53.261597718000075
                    ],
                    [
                        -41.21721562199997,
                        52.717118447000075
                    ],
                    [
                        -44.731853559999934,
                        52.06542738200005
                    ],
                    [
                        -48.137955502999944,
                        51.31200179400008
                    ],
                    [
                        -51.42748444299997,
                        50.46272826900008
                    ],
                    [
                        -54.59531773599997,
                        49.52372224100003
                    ],
                    [
                        -57.63895633299995,
                        48.501169151000056
                    ],
                    [
                        -60.55816317099993,
                        47.40119223200003
                    ],
                    [
                        -63.354573270999936,
                        46.22974849500008
                    ],
                    [
                        -66.03130875799997,
                        44.992551856000034
                    ],
                    [
                        -68.59262172199993,
                        43.695020627000076
                    ],
                    [
                        -71.00520324999997,
                        42.36429977000006
                    ]
                ]
            },
            "properties": {
                "OID": 213,
                "Departure_Airport": "IST",
                "Destination_Code": "BOS",
                "Destination_Name": "Boston",
                "Airline": "Turkish Airlines",
                "Duration__minutes_": 635,
                "Reverse_Duration__minutes_": 565,
                "Distance__km_": 7768.0,
                "Flights_per_Day": 0.0,
                "Latitude": 42.36429977,
                "Longitude": -71.00520325,
                "Altitude": 20,
                "Name": "General Edward Lawrence Logan International Airport",
                "StartLon": 28.751944,
                "StartLat": 41.275278,
                "ORIG_FID": 219,
                "Shape_Length": 104.05874869522835,
                "Country": "United States"
            }
        },
        {
            "type": "Feature",
            "id": 214,
            "geometry": {
                "type": "LineString",
                "coordinates": [
                    [
                        28.751944000000037,
                        41.27527800000007
                    ],
                    [
                        28.744060449000074,
                        41.268517821000046
                    ],
                    [
                        26.82267956000004,
                        39.561892209000064
                    ],
                    [
                        24.994049523000058,
                        37.82452031400004
                    ],
                    [
                        23.249854938000055,
                        36.059545523000054
                    ],
                    [
                        21.582395586000075,
                        34.26978014200006
                    ],
                    [
                        19.98456161200005,
                        32.45774533600007
                    ],
                    [
                        18.449798831000066,
                        30.625707043000034
                    ],
                    [
                        16.972068541000056,
                        28.77570800700005
                    ],
                    [
                        15.545804898000029,
                        26.90959619000006
                    ],
                    [
                        14.165871895000066,
                        25.02904987900007
                    ],
                    [
                        12.827521286000035,
                        23.13559982000004
                    ],
                    [
                        11.526352243000076,
                        21.23064873000004
                    ],
                    [
                        10.25827321600002,
                        19.315488496000057
                    ],
                    [
                        9.019466157000068,
                        17.39131536700006
                    ],
                    [
                        7.80635316300004,
                        15.45924340700003
                    ],
                    [
                        6.615565409000055,
                        13.52031646000006
                    ],
                    [
                        5.44391424500003,
                        11.575518844000044
                    ],
                    [
                        4.288364219000073,
                        9.625784974000055
                    ],
                    [
                        3.1460078130000397,
                        7.672008094000034
                    ],
                    [
                        2.3843500610000206,
                        6.357230186000038
                    ]
                ]
            },
            "properties": {
                "OID": 214,
                "Departure_Airport": "IST",
                "Destination_Code": "COO",
                "Destination_Name": "Cotonou",
                "Airline": "Turkish Airlines",
                "Duration__minutes_": 435,
                "Reverse_Duration__minutes_": 410,
                "Distance__km_": 4701.0,
                "Flights_per_Day": 0.0,
                "Latitude": 6.357230186462402,
                "Longitude": 2.384350061416626,
                "Altitude": 19,
                "Name": "Cadjehoun Airport",
                "StartLon": 28.751944,
                "StartLat": 41.275278,
                "ORIG_FID": 221,
                "Shape_Length": 43.973169338224125,
                "Country": "Benin"
            }
        },
        {
            "type": "Feature",
            "id": 215,
            "geometry": {
                "type": "LineString",
                "coordinates": [
                    [
                        28.751944000000037,
                        41.27527800000007
                    ],
                    [
                        28.763752242000066,
                        41.27658053600004
                    ],
                    [
                        31.72948123100008,
                        41.56395138100004
                    ],
                    [
                        34.71804148900003,
                        41.77420216400003
                    ],
                    [
                        37.72252707400003,
                        41.906265046000044
                    ],
                    [
                        40.73570705800006,
                        41.95946003600005
                    ],
                    [
                        43.75017026000006,
                        41.93351118800007
                    ],
                    [
                        46.75847872200006,
                        41.828553259000046
                    ],
                    [
                        49.753322506000075,
                        41.64512844800004
                    ],
                    [
                        52.727668245000075,
                        41.38417341300004
                    ],
                    [
                        55.674894434000066,
                        41.04699728200006
                    ],
                    [
                        58.58890766600007,
                        40.63525188800003
                    ],
                    [
                        61.464235563000045,
                        40.150895785000046
                    ],
                    [
                        64.29609404100006,
                        39.596153841000046
                    ],
                    [
                        67.08042838100005,
                        38.973474243000055
                    ],
                    [
                        68.82499695000007,
                        38.54330063000003
                    ]
                ]
            },
            "properties": {
                "OID": 215,
                "Departure_Airport": "IST",
                "Destination_Code": "DYU",
                "Destination_Name": "Dushanbe",
                "Airline": "Air Southwest",
                "Duration__minutes_": 280,
                "Reverse_Duration__minutes_": 330,
                "Distance__km_": 3419.0,
                "Flights_per_Day": 1.0,
                "Latitude": 38.54330063,
                "Longitude": 68.82499695,
                "Altitude": 2575,
                "Name": "Dushanbe Airport",
                "StartLon": 28.751944,
                "StartLat": 41.275278,
                "ORIG_FID": 222,
                "Shape_Length": 40.381427105021174,
                "Country": "Tajikistan"
            }
        },
        {
            "type": "Feature",
            "id": 216,
            "geometry": {
                "type": "LineString",
                "coordinates": [
                    [
                        28.751944000000037,
                        41.27527800000007
                    ],
                    [
                        28.763508492000028,
                        41.27750318200003
                    ],
                    [
                        31.678466805000028,
                        41.79689386700005
                    ],
                    [
                        34.637401440000076,
                        42.241137423000055
                    ],
                    [
                        37.634460380000064,
                        42.60800745900008
                    ],
                    [
                        40.66304413200004,
                        42.895603935000054
                    ],
                    [
                        43.715906277000045,
                        43.102396999000064
                    ],
                    [
                        46.785284095000065,
                        43.22726402100005
                    ],
                    [
                        49.86305452800008,
                        43.26951776400006
                    ],
                    [
                        52.94090856500003,
                        43.228924059000065
                    ],
                    [
                        56.010535332000075,
                        43.105707892000055
                    ],
                    [
                        59.063806285000055,
                        42.900547551000045
                    ],
                    [
                        62.09294987100003,
                        42.614557184000034
                    ],
                    [
                        65.09070794600007,
                        42.249258816000065
                    ],
                    [
                        68.05046695500005,
                        41.80654547700004
                    ],
                    [
                        70.96635911500005,
                        41.28863748100008
                    ],
                    [
                        73.83333135100008,
                        40.69803413500006
                    ],
                    [
                        76.64718208400006,
                        40.037463167000055
                    ],
                    [
                        79.40456808700003,
                        39.30983001800007
                    ],
                    [
                        82.10298514400006,
                        38.518168858000024
                    ],
                    [
                        84.74072726100007,
                        37.66559680900008
                    ],
                    [
                        87.31682958500005,
                        36.75527247200006
                    ],
                    [
                        89.83100016000003,
                        35.79035944800006
                    ],
                    [
                        92.28354522800004,
                        34.77399518800007
                    ],
                    [
                        94.67529212100004,
                        33.709265206000055
                    ],
                    [
                        97.00751306700005,
                        32.599182463000034
                    ],
                    [
                        99.28185240000005,
                        31.44667154700005
                    ],
                    [
                        101.50025894800007,
                        30.254557186000056
                    ],
                    [
                        103.66492473100004,
                        29.025556556000026
                    ],
                    [
                        105.77823053400004,
                        27.762274856000033
                    ],
                    [
                        107.84269852200003,
                        26.46720360300003
                    ],
                    [
                        109.86095174400003,
                        25.142721171000062
                    ],
                    [
                        111.83568014000008,
                        23.79109512100007
                    ],
                    [
                        113.76961255800006,
                        22.414485927000044
                    ],
                    [
                        113.91500100000007,
                        22.30890100000005
                    ]
                ]
            },
            "properties": {
                "OID": 216,
                "Departure_Airport": "IST",
                "Destination_Code": "HKG",
                "Destination_Name": "Hong Kong",
                "Airline": "Turkish Airlines",
                "Duration__minutes_": 640,
                "Reverse_Duration__minutes_": 720,
                "Distance__km_": 8050.0,
                "Flights_per_Day": 0.0,
                "Latitude": 22.308901,
                "Longitude": 113.915001,
                "Altitude": 28,
                "Name": "Hong Kong International Airport",
                "StartLon": 28.751944,
                "StartLat": 41.275278,
                "ORIG_FID": 223,
                "Shape_Length": 89.81742201016658,
                "Country": "Hong Kong"
            }
        },
        {
            "type": "Feature",
            "id": 217,
            "geometry": {
                "type": "LineString",
                "coordinates": [
                    [
                        28.751944000000037,
                        41.27527800000007
                    ],
                    [
                        28.763854280000032,
                        41.27563053500006
                    ],
                    [
                        31.744274011000073,
                        41.32504711100006
                    ],
                    [
                        33.79579925500008,
                        41.31420135500008
                    ]
                ]
            },
            "properties": {
                "OID": 217,
                "Departure_Airport": "IST",
                "Destination_Code": "KFS",
                "Destination_Name": "Kastamonu",
                "Airline": "Turkish Airlines",
                "Duration__minutes_": 80,
                "Reverse_Duration__minutes_": 90,
                "Distance__km_": 423.0,
                "Flights_per_Day": 0.0,
                "Latitude": 41.31420135498047,
                "Longitude": 33.795799255371094,
                "Altitude": 3520,
                "Name": "Kastamonu Airport",
                "StartLon": 28.751944,
                "StartLat": 41.275278,
                "ORIG_FID": 224,
                "Shape_Length": 5.0444093386286655,
                "Country": "Turkey"
            }
        },
        {
            "type": "Feature",
            "id": 218,
            "geometry": {
                "type": "LineString",
                "coordinates": [
                    [
                        28.751944000000037,
                        41.27527800000007
                    ],
                    [
                        28.759958917000063,
                        41.28194618400005
                    ],
                    [
                        30.816413390000037,
                        42.93058873700005
                    ],
                    [
                        32.98418955600005,
                        44.53981674200003
                    ],
                    [
                        35.273046728000054,
                        46.10514926900004
                    ],
                    [
                        37.69309402400006,
                        47.62159146500005
                    ],
                    [
                        40.254600125000024,
                        49.08359102000003
                    ],
                    [
                        42.967713237000055,
                        50.48500207300003
                    ],
                    [
                        45.842069974000026,
                        51.819062581000026
                    ],
                    [
                        48.88627361400006,
                        53.07839312900006
                    ],
                    [
                        52.10722885500007,
                        54.25502714100003
                    ],
                    [
                        55.50933450500003,
                        55.34048402900004
                    ],
                    [
                        59.09355955600006,
                        56.325897316000066
                    ],
                    [
                        60.80270004000005,
                        56.74309921000008
                    ]
                ]
            },
            "properties": {
                "OID": 218,
                "Departure_Airport": "IST",
                "Destination_Code": "SVX",
                "Destination_Name": "Yekaterinburg",
                "Airline": "Aeroflot",
                "Duration__minutes_": 295,
                "Reverse_Duration__minutes_": 330,
                "Distance__km_": 2875.0,
                "Flights_per_Day": 0.0,
                "Latitude": 56.74309921,
                "Longitude": 60.80270004,
                "Altitude": 764,
                "Name": "Koltsovo Airport",
                "StartLon": 28.751944,
                "StartLat": 41.275278,
                "ORIG_FID": 225,
                "Shape_Length": 35.92020444932758,
                "Country": "Russia"
            }
        },
        {
            "type": "Feature",
            "id": 219,
            "geometry": {
                "type": "LineString",
                "coordinates": [
                    [
                        28.751944000000037,
                        41.27527800000007
                    ],
                    [
                        28.740037249000068,
                        41.27576361300004
                    ],
                    [
                        25.758977925000067,
                        41.358443916000056
                    ],
                    [
                        22.773901865000028,
                        41.363773725000044
                    ],
                    [
                        19.79187183600004,
                        41.29172618800004
                    ],
                    [
                        16.819888999000057,
                        41.14266333900008
                    ],
                    [
                        16.76059900000007,
                        41.13890100000003
                    ]
                ]
            },
            "properties": {
                "OID": 219,
                "Departure_Airport": "IST",
                "Destination_Code": "BRI",
                "Destination_Name": "Bari",
                "Airline": "Turkish Airlines",
                "Duration__minutes_": 130,
                "Reverse_Duration__minutes_": 135,
                "Distance__km_": 1006.0,
                "Flights_per_Day": 0.0,
                "Latitude": 41.138901,
                "Longitude": 16.760599,
                "Altitude": 177,
                "Name": "Bari Karol Wojty\u0142a Airport",
                "StartLon": 28.751944,
                "StartLat": 41.275278,
                "ORIG_FID": 226,
                "Shape_Length": 11.997566084661134,
                "Country": "Italy"
            }
        },
        {
            "type": "Feature",
            "id": 220,
            "geometry": {
                "type": "LineString",
                "coordinates": [
                    [
                        28.751944000000037,
                        41.27527800000007
                    ],
                    [
                        28.74627563300004,
                        41.267355672000065
                    ],
                    [
                        27.370497791000048,
                        39.27803946000006
                    ],
                    [
                        26.07071789400004,
                        37.27267889600006
                    ],
                    [
                        24.838358994000032,
                        35.25310182700008
                    ],
                    [
                        23.66585322800006,
                        33.22090492700005
                    ],
                    [
                        22.54649880900007,
                        31.17749140400008
                    ],
                    [
                        21.474336927000024,
                        29.124102210000046
                    ],
                    [
                        20.44404598600005,
                        27.061841962000074
                    ],
                    [
                        19.450850743000046,
                        24.991700551000065
                    ],
                    [
                        18.490444165000042,
                        22.91457123300006
                    ],
                    [
                        17.55892004800006,
                        20.83126584000007
                    ],
                    [
                        16.65271471500006,
                        18.74252764700003
                    ],
                    [
                        15.768556328000045,
                        16.649042301000065
                    ],
                    [
                        14.903420572000073,
                        14.551447189000044
                    ],
                    [
                        14.05449163000003,
                        12.450339503000066
                    ],
                    [
                        13.219127541000034,
                        10.346283267000047
                    ],
                    [
                        12.394829128000026,
                        8.239815510000028
                    ],
                    [
                        11.57921182900003,
                        6.131451761000051
                    ],
                    [
                        10.769979806000038,
                        4.021691016000034
                    ],
                    [
                        9.964901815000076,
                        1.91102029700005
                    ],
                    [
                        9.412280083000041,
                        0.4586000140000692
                    ]
                ]
            },
            "properties": {
                "OID": 220,
                "Departure_Airport": "IST",
                "Destination_Code": "LBV",
                "Destination_Name": "Libreville",
                "Airline": "Turkish Airlines",
                "Duration__minutes_": 455,
                "Reverse_Duration__minutes_": 450,
                "Distance__km_": 4962.0,
                "Flights_per_Day": 0.0,
                "Latitude": 0.458600014,
                "Longitude": 9.412280083,
                "Altitude": 39,
                "Name": "Libreville Leon M'ba International Airport",
                "StartLon": 28.751944,
                "StartLat": 41.275278,
                "ORIG_FID": 227,
                "Shape_Length": 45.29258576530709,
                "Country": "Gabon"
            }
        },
        {
            "type": "Feature",
            "id": 221,
            "geometry": {
                "type": "LineString",
                "coordinates": [
                    [
                        28.751944000000037,
                        41.27527800000007
                    ],
                    [
                        28.763530022000054,
                        41.27313405800004
                    ],
                    [
                        31.63548287900005,
                        40.70097760700003
                    ],
                    [
                        34.455760088000034,
                        40.058574942000064
                    ],
                    [
                        37.22085580400005,
                        39.34876505100004
                    ],
                    [
                        39.92809590500008,
                        38.57452592000004
                    ],
                    [
                        41.840400696000074,
                        37.97890090900006
                    ]
                ]
            },
            "properties": {
                "OID": 221,
                "Departure_Airport": "IST",
                "Destination_Code": "SXZ",
                "Destination_Name": "Siirt",
                "Airline": "Turkish Airlines",
                "Duration__minutes_": 120,
                "Reverse_Duration__minutes_": 140,
                "Distance__km_": 1184.0,
                "Flights_per_Day": 0.0,
                "Latitude": 37.97890090942383,
                "Longitude": 41.84040069580078,
                "Altitude": 2001,
                "Name": "Siirt Airport",
                "StartLon": 28.751944,
                "StartLat": 41.275278,
                "ORIG_FID": 228,
                "Shape_Length": 13.506519243605192,
                "Country": "Turkey"
            }
        },
        {
            "type": "Feature",
            "id": 222,
            "geometry": {
                "type": "LineString",
                "coordinates": [
                    [
                        28.751944000000037,
                        41.27527800000007
                    ],
                    [
                        28.74073003500007,
                        41.27219847500004
                    ],
                    [
                        25.970689286000038,
                        40.46857302300003
                    ],
                    [
                        23.26848700900007,
                        39.60005041200003
                    ],
                    [
                        20.635261553000078,
                        38.67013350700006
                    ],
                    [
                        18.071339987000044,
                        37.68232488500007
                    ],
                    [
                        15.576334919000033,
                        36.640089137000075
                    ],
                    [
                        13.149243865000074,
                        35.54682209500004
                    ],
                    [
                        10.788546676000067,
                        34.405826674000025
                    ],
                    [
                        8.49229770100004,
                        33.220294770000066
                    ],
                    [
                        6.258210447000067,
                        31.993294570000046
                    ],
                    [
                        4.08373339000002,
                        30.727762520000056
                    ],
                    [
                        1.9661163880000458,
                        29.426499226000033
                    ],
                    [
                        -0.09753235499994162,
                        28.092168584000035
                    ],
                    [
                        -2.1101983669999527,
                        26.72729948800003
                    ],
                    [
                        -4.07492138899994,
                        25.334289558000023
                    ],
                    [
                        -5.994763467999974,
                        23.91541038400004
                    ],
                    [
                        -7.872783796999954,
                        22.47281388600004
                    ],
                    [
                        -9.712019435999935,
                        21.00853944100004
                    ],
                    [
                        -11.51547107999994,
                        19.524521508000078
                    ],
                    [
                        -13.286093110999957,
                        18.02259753900006
                    ],
                    [
                        -15.026787235999961,
                        16.50451600300005
                    ],
                    [
                        -16.740399099999934,
                        14.97194440900006
                    ],
                    [
                        -17.073332999999934,
                        14.670000000000073
                    ]
                ]
            },
            "properties": {
                "OID": 222,
                "Departure_Airport": "IST",
                "Destination_Code": "DSS",
                "Destination_Name": "Dakar",
                "Airline": "Turkish Airlines",
                "Duration__minutes_": 465,
                "Reverse_Duration__minutes_": 420,
                "Distance__km_": 5324.0,
                "Flights_per_Day": 0.0,
                "Latitude": 14.67,
                "Longitude": -17.073333,
                "Altitude": 290,
                "Name": "Blaise Diagne International Airport",
                "StartLon": 28.751944,
                "StartLat": 41.275278,
                "ORIG_FID": 229,
                "Shape_Length": 53.517531542964726,
                "Country": "Senegal"
            }
        },
        {
            "type": "Feature",
            "id": 223,
            "geometry": {
                "type": "LineString",
                "coordinates": [
                    [
                        28.751944000000037,
                        41.27527800000007
                    ],
                    [
                        28.744576420000044,
                        41.26822357400005
                    ],
                    [
                        27.013799670000026,
                        39.55459976000003
                    ]
                ]
            },
            "properties": {
                "OID": 223,
                "Departure_Airport": "IST",
                "Destination_Code": "EDO",
                "Destination_Name": "Edremit",
                "Airline": "Turkish Airlines",
                "Duration__minutes_": 63,
                "Reverse_Duration__minutes_": 80,
                "Distance__km_": 237.0,
                "Flights_per_Day": 0.0,
                "Latitude": 39.55459976,
                "Longitude": 27.01379967,
                "Altitude": 50,
                "Name": "Bal\u0131kesir K\u00f6rfez Airport",
                "StartLon": 28.751944,
                "StartLat": 41.275278,
                "ORIG_FID": 230,
                "Shape_Length": 2.4459005194553467,
                "Country": "Turkey"
            }
        },
        {
            "type": "Feature",
            "id": 224,
            "geometry": {
                "type": "LineString",
                "coordinates": [
                    [
                        28.751944000000037,
                        41.27527800000007
                    ],
                    [
                        28.748198758000058,
                        41.266730057000075
                    ],
                    [
                        27.841196060000073,
                        39.125694173000056
                    ],
                    [
                        26.987607455000045,
                        36.97722558500004
                    ],
                    [
                        26.180788558000074,
                        34.82217486600007
                    ],
                    [
                        25.41500144500003,
                        32.661279587000024
                    ],
                    [
                        24.68525835400004,
                        30.495185297000035
                    ],
                    [
                        23.987194892000048,
                        28.32446230200003
                    ],
                    [
                        23.316966491000073,
                        26.149619182000038
                    ],
                    [
                        22.671163267000054,
                        23.97111374900004
                    ],
                    [
                        22.046739525000078,
                        21.78936199000003
                    ],
                    [
                        21.440954933000057,
                        19.60474540900003
                    ],
                    [
                        20.85132505200005,
                        17.41761710000003
                    ],
                    [
                        20.27557937000006,
                        15.228306794000048
                    ],
                    [
                        19.711625353000045,
                        13.037125099000036
                    ],
                    [
                        19.157517322000047,
                        10.844367085000044
                    ],
                    [
                        18.61142917500007,
                        8.65031534700006
                    ],
                    [
                        18.071630158000062,
                        6.455242661000057
                    ],
                    [
                        17.53646298500007,
                        4.2594143190000295
                    ],
                    [
                        17.004323748000047,
                        2.0630902230000743
                    ],
                    [
                        16.47364310100005,
                        -0.13347318799992536
                    ],
                    [
                        15.942868247000035,
                        -2.330021131999956
                    ],
                    [
                        15.444600000000037,
                        -4.385749999999973
                    ]
                ]
            },
            "properties": {
                "OID": 224,
                "Departure_Airport": "IST",
                "Destination_Code": "FIH",
                "Destination_Name": "Kinshasa",
                "Airline": "Turkish Airlines",
                "Duration__minutes_": 460,
                "Reverse_Duration__minutes_": 515,
                "Distance__km_": 5279.0,
                "Flights_per_Day": 1.0,
                "Latitude": -4.38575,
                "Longitude": 15.4446,
                "Altitude": 1027,
                "Name": "Ndjili International Airport",
                "StartLon": 28.751944,
                "StartLat": 41.275278,
                "ORIG_FID": 231,
                "Shape_Length": 47.62009201517231,
                "Country": "Congo (Kinshasa)"
            }
        },
        {
            "type": "Feature",
            "id": 225,
            "geometry": {
                "type": "LineString",
                "coordinates": [
                    [
                        28.751944000000037,
                        41.27527800000007
                    ],
                    [
                        28.741705814000056,
                        41.27990487000005
                    ],
                    [
                        26.13641618300005,
                        42.40721251300005
                    ],
                    [
                        23.43879312100006,
                        43.47298559800004
                    ],
                    [
                        20.647733264000067,
                        44.47270369000006
                    ],
                    [
                        17.763237911000033,
                        45.401744456000074
                    ],
                    [
                        14.78661104500003,
                        46.25544272700006
                    ],
                    [
                        11.720646302000034,
                        47.02916368000007
                    ],
                    [
                        8.569786777000047,
                        47.71838967000008
                    ],
                    [
                        5.3402391970000735,
                        48.31881896400006
                    ],
                    [
                        2.0400232840000285,
                        48.82647314900004
                    ],
                    [
                        -1.321061112999928,
                        49.237808467000036
                    ],
                    [
                        -4.73156176599997,
                        49.54982494200004
                    ],
                    [
                        -8.178601627999967,
                        49.760166275000074
                    ],
                    [
                        -11.648201035999932,
                        49.86720319700004
                    ],
                    [
                        -15.125678408999931,
                        49.87009367600007
                    ],
                    [
                        -18.596103205999952,
                        49.76881485100006
                    ],
                    [
                        -22.04476785199995,
                        49.56416390600003
                    ],
                    [
                        -25.457642676999967,
                        49.25772780900007
                    ],
                    [
                        -28.821780265999962,
                        48.85182455900008
                    ],
                    [
                        -32.12564254199998,
                        48.349420946000066
                    ],
                    [
                        -35.35933381099994,
                        47.75403339400003
                    ],
                    [
                        -38.51473399099996,
                        47.069619146000036
                    ],
                    [
                        -41.585536471999944,
                        46.30046488700003
                    ],
                    [
                        -44.56720287799993,
                        45.451078976000076
                    ],
                    [
                        -47.456851995999955,
                        44.52609213300008
                    ],
                    [
                        -50.25310199599994,
                        43.53016989200006
                    ],
                    [
                        -52.95588451899994,
                        42.46793863500005
                    ],
                    [
                        -55.56624689999995,
                        41.34392575500004
                    ],
                    [
                        -58.086155522999945,
                        40.162513499000056
                    ],
                    [
                        -60.51830981799998,
                        38.92790535800003
                    ],
                    [
                        -62.86597311799994,
                        37.64410346500006
                    ],
                    [
                        -65.13282378199995,
                        36.31489529000004
                    ],
                    [
                        -67.32282783399995,
                        34.94384792400007
                    ],
                    [
                        -69.44013278199998,
                        33.53430833400006
                    ],
                    [
                        -71.48898125599999,
                        32.089408175000074
                    ],
                    [
                        -73.47364249299994,
                        30.61207192300003
                    ],
                    [
                        -75.39835943499997,
                        29.105027316000076
                    ],
                    [
                        -77.26730916899999,
                        27.570817297000076
                    ],
                    [
                        -79.08457451299995,
                        26.011812809000048
                    ],
                    [
                        -80.85412477899996,
                        24.43022595800005
                    ],
                    [
                        -82.40910338999998,
                        22.98920059200003
                    ]
                ]
            },
            "properties": {
                "OID": 225,
                "Departure_Airport": "IST",
                "Destination_Code": "HAV",
                "Destination_Name": "Havana",
                "Airline": "Turkish Airlines",
                "Duration__minutes_": 798,
                "Reverse_Duration__minutes_": 798,
                "Distance__km_": 10011.0,
                "Flights_per_Day": 0.0,
                "Latitude": 22.989200592041016,
                "Longitude": -82.40910339,
                "Altitude": 210,
                "Name": "Jos\u00e9 Mart\u00ed International Airport",
                "StartLon": 28.751944,
                "StartLat": 41.275278,
                "ORIG_FID": 232,
                "Shape_Length": 119.35915017174378,
                "Country": "Cuba"
            }
        },
        {
            "type": "Feature",
            "id": 226,
            "geometry": {
                "type": "LineString",
                "coordinates": [
                    [
                        28.751944000000037,
                        41.27527800000007
                    ],
                    [
                        28.756138019000048,
                        41.26686505500004
                    ],
                    [
                        29.77230857400008,
                        39.15866045900003
                    ],
                    [
                        30.368400570000063,
                        37.855400090000046
                    ]
                ]
            },
            "properties": {
                "OID": 226,
                "Departure_Airport": "IST",
                "Destination_Code": "ISE",
                "Destination_Name": "Isparta",
                "Airline": "Turkish Airlines",
                "Duration__minutes_": 75,
                "Reverse_Duration__minutes_": 80,
                "Distance__km_": 405.0,
                "Flights_per_Day": 0.0,
                "Latitude": 37.85540009,
                "Longitude": 30.36840057,
                "Altitude": 2835,
                "Name": "S\u00fcleyman Demirel International Airport",
                "StartLon": 28.751944,
                "StartLat": 41.275278,
                "ORIG_FID": 233,
                "Shape_Length": 3.7829191406625395,
                "Country": "Turkey"
            }
        },
        {
            "type": "Feature",
            "id": 227,
            "geometry": {
                "type": "LineString",
                "coordinates": [
                    [
                        28.751944000000037,
                        41.27527800000007
                    ],
                    [
                        28.76386829100005,
                        41.27562752100005
                    ],
                    [
                        31.74775696000006,
                        41.324200236000024
                    ],
                    [
                        34.73254588800006,
                        41.29536842300007
                    ],
                    [
                        37.71119347100006,
                        41.18927718100008
                    ],
                    [
                        40.67678190200007,
                        41.006457573000034
                    ],
                    [
                        43.62265333700003,
                        40.74781436600006
                    ],
                    [
                        46.54253404200006,
                        40.414605546000075
                    ],
                    [
                        49.43064134800005,
                        40.00841471600006
                    ],
                    [
                        52.28176965600005,
                        39.53111778500005
                    ],
                    [
                        55.09135334500007,
                        38.98484553600008
                    ],
                    [
                        57.85550601800003,
                        38.37194375200005
                    ],
                    [
                        60.57103704300005,
                        37.694932497000025
                    ],
                    [
                        63.23544745800007,
                        36.95646600900005
                    ],
                    [
                        65.84690823400007,
                        36.15929442300006
                    ],
                    [
                        68.40422431300004,
                        35.306228299000054
                    ],
                    [
                        70.90678802300005,
                        34.40010661400004
                    ],
                    [
                        73.35452534800004,
                        33.44376865800007
                    ],
                    [
                        75.74783820800008,
                        32.44003001100003
                    ],
                    [
                        78.08754545500005,
                        31.391662583000027
                    ],
                    [
                        80.37482478100003,
                        30.30137856400006
                    ],
                    [
                        82.61115722800008,
                        29.17181800900005
                    ],
                    [
                        84.79827550100003,
                        28.00553971100004
                    ],
                    [
                        85.35910000000007,
                        27.696600000000046
                    ]
                ]
            },
            "properties": {
                "OID": 227,
                "Departure_Airport": "IST",
                "Destination_Code": "KTM",
                "Destination_Name": "Kathmandu",
                "Airline": "Turkish Airlines",
                "Duration__minutes_": 415,
                "Reverse_Duration__minutes_": 525,
                "Distance__km_": 5334.0,
                "Flights_per_Day": 0.0,
                "Latitude": 27.6966,
                "Longitude": 85.3591,
                "Altitude": 4390,
                "Name": "Tribhuvan International Airport",
                "StartLon": 28.751944,
                "StartLat": 41.275278,
                "ORIG_FID": 234,
                "Shape_Length": 58.92787730505322,
                "Country": "Nepal"
            }
        },
        {
            "type": "Feature",
            "id": 228,
            "geometry": {
                "type": "LineString",
                "coordinates": [
                    [
                        28.751944000000037,
                        41.27527800000007
                    ],
                    [
                        28.75724507600006,
                        41.267242714000076
                    ],
                    [
                        30.043364548000056,
                        39.250733610000054
                    ],
                    [
                        30.128111000000047,
                        39.11307900000003
                    ]
                ]
            },
            "properties": {
                "OID": 228,
                "Departure_Airport": "IST",
                "Destination_Code": "KZR",
                "Destination_Name": "Kutahya",
                "Airline": "Turkish Airlines",
                "Duration__minutes_": 65,
                "Reverse_Duration__minutes_": 65,
                "Distance__km_": 230.0,
                "Flights_per_Day": 0.0,
                "Latitude": 39.113079,
                "Longitude": 30.128111,
                "Altitude": 3327,
                "Name": "Zafer Airport",
                "StartLon": 28.751944,
                "StartLat": 41.275278,
                "ORIG_FID": 235,
                "Shape_Length": 2.563106314821843,
                "Country": "Turkey"
            }
        },
        {
            "type": "Feature",
            "id": 229,
            "geometry": {
                "type": "LineString",
                "coordinates": [
                    [
                        28.751944000000037,
                        41.27527800000007
                    ],
                    [
                        28.74386196100005,
                        41.28190059800005
                    ],
                    [
                        26.670572039000035,
                        42.91884922300005
                    ],
                    [
                        24.48594623300005,
                        44.51576705100007
                    ],
                    [
                        22.18040221700005,
                        46.06813976400008
                    ],
                    [
                        19.744060227000034,
                        47.57094434100003
                    ],
                    [
                        17.166942602000063,
                        49.01860853100004
                    ],
                    [
                        14.439262585000051,
                        50.404978579000044
                    ],
                    [
                        12.236389000000031,
                        51.42388900000003
                    ]
                ]
            },
            "properties": {
                "OID": 229,
                "Departure_Airport": "IST",
                "Destination_Code": "LEJ",
                "Destination_Name": "Leipzig/Halle",
                "Airline": "Turkish Airlines",
                "Duration__minutes_": 190,
                "Reverse_Duration__minutes_": 185,
                "Distance__km_": 1699.0,
                "Flights_per_Day": 0.0,
                "Latitude": 51.423889,
                "Longitude": 12.236389,
                "Altitude": 465,
                "Name": "Leipzig/Halle Airport",
                "StartLon": 28.751944,
                "StartLat": 41.275278,
                "ORIG_FID": 236,
                "Shape_Length": 19.444117486360685,
                "Country": "Germany"
            }
        },
        {
            "type": "Feature",
            "id": 230,
            "geometry": {
                "type": "LineString",
                "coordinates": [
                    [
                        28.751944000000037,
                        41.27527800000007
                    ],
                    [
                        28.76313539000006,
                        41.272155145000056
                    ],
                    [
                        31.52715520600003,
                        40.457838776000074
                    ],
                    [
                        34.22266674400004,
                        39.57892689100004
                    ],
                    [
                        36.84865127200004,
                        38.638945781000075
                    ],
                    [
                        39.40489568100003,
                        37.641414858000076
                    ],
                    [
                        41.89189347300004,
                        36.58980962100003
                    ],
                    [
                        44.31074396300005,
                        35.48753161800005
                    ],
                    [
                        44.34889984100005,
                        35.46950149500003
                    ]
                ]
            },
            "properties": {
                "OID": 230,
                "Departure_Airport": "IST",
                "Destination_Code": "KIK",
                "Destination_Name": "Kirkuk",
                "Airline": "Iraqi Airways",
                "Duration__minutes_": 155,
                "Reverse_Duration__minutes_": 175,
                "Distance__km_": 1501.0,
                "Flights_per_Day": 1.0,
                "Latitude": 35.46950149536133,
                "Longitude": 44.348899841308594,
                "Altitude": 1061,
                "Name": "Kirkuk Air Base",
                "StartLon": 28.751944,
                "StartLat": 41.275278,
                "ORIG_FID": 238,
                "Shape_Length": 16.66252639040673,
                "Country": "Iraq"
            }
        },
        {
            "type": "Feature",
            "id": 231,
            "geometry": {
                "type": "LineString",
                "coordinates": [
                    [
                        28.751944000000037,
                        41.27527800000007
                    ],
                    [
                        28.75704095900005,
                        41.26713824800004
                    ],
                    [
                        29.993178122000074,
                        39.22506126700006
                    ],
                    [
                        31.15945331100005,
                        37.16988533600005
                    ],
                    [
                        32.26403586200007,
                        35.103119707000076
                    ],
                    [
                        33.314078358000074,
                        33.02607807900006
                    ],
                    [
                        34.31587253600003,
                        30.939911927000026
                    ],
                    [
                        35.27498035700006,
                        28.845637770000053
                    ],
                    [
                        36.196344389000046,
                        26.74415956000007
                    ],
                    [
                        37.08438101000007,
                        24.63628718600006
                    ],
                    [
                        37.943059412000025,
                        22.52275181500005
                    ],
                    [
                        38.77596885400004,
                        20.40421870600005
                    ],
                    [
                        39.58637622500004,
                        18.281297966000068
                    ],
                    [
                        40.37727561300005,
                        16.154553629000077
                    ],
                    [
                        41.15143131100007,
                        14.024511391000033
                    ],
                    [
                        41.91141542400004,
                        11.89166524600006
                    ],
                    [
                        42.65964109600003,
                        9.756483230000072
                    ],
                    [
                        43.39839218600008,
                        7.6194124610000245
                    ],
                    [
                        44.12985011100005,
                        5.480883610000035
                    ],
                    [
                        44.85611850300006,
                        3.3413149420000536
                    ],
                    [
                        45.30469894000004,
                        2.0144400600000267
                    ]
                ]
            },
            "properties": {
                "OID": 231,
                "Departure_Airport": "IST",
                "Destination_Code": "MGQ",
                "Destination_Name": "Mogadishu",
                "Airline": "Turkish Airlines",
                "Duration__minutes_": 400,
                "Reverse_Duration__minutes_": 445,
                "Distance__km_": 4693.0,
                "Flights_per_Day": 0.0,
                "Latitude": 2.014440059661865,
                "Longitude": 45.30469894,
                "Altitude": 29,
                "Name": "Aden Adde International Airport",
                "StartLon": 28.751944,
                "StartLat": 41.275278,
                "ORIG_FID": 239,
                "Shape_Length": 42.70406531282101,
                "Country": "Somalia"
            }
        },
        {
            "type": "Feature",
            "id": 232,
            "geometry": {
                "type": "LineString",
                "coordinates": [
                    [
                        28.751944000000037,
                        41.27527800000007
                    ],
                    [
                        28.75483798600004,
                        41.26654307500007
                    ],
                    [
                        29.45522601400006,
                        39.08021773200005
                    ],
                    [
                        30.11361247700006,
                        36.88911437400003
                    ],
                    [
                        30.735362253000062,
                        34.69375512500005
                    ],
                    [
                        31.325080568000033,
                        32.49459407100005
                    ],
                    [
                        31.88674993500007,
                        30.29203059300005
                    ],
                    [
                        32.423839704000045,
                        28.08641992200006
                    ],
                    [
                        32.93939447300005,
                        25.87808154700008
                    ],
                    [
                        33.436106008000024,
                        23.667305964000036
                    ],
                    [
                        33.916372255000056,
                        21.454360119000057
                    ],
                    [
                        34.382346185000074,
                        19.23949182800004
                    ],
                    [
                        34.83597658800005,
                        17.022933383000066
                    ],
                    [
                        35.27904246400004,
                        14.804904514000043
                    ],
                    [
                        35.71318235200005,
                        12.585614834000069
                    ],
                    [
                        36.13991960900006,
                        10.365265874000045
                    ],
                    [
                        36.560684507000076,
                        8.144052791000036
                    ],
                    [
                        36.976833835000036,
                        5.922165819000043
                    ],
                    [
                        37.38966858200007,
                        3.699791527000059
                    ],
                    [
                        37.80045019900007,
                        1.477113925000026
                    ],
                    [
                        38.210415871000066,
                        -0.745684530999938
                    ],
                    [
                        38.62079318600007,
                        -2.9684219939999252
                    ],
                    [
                        39.03281457000003,
                        -5.190916309999977
                    ],
                    [
                        39.22489900000005,
                        -6.2220199999999295
                    ]
                ]
            },
            "properties": {
                "OID": 232,
                "Departure_Airport": "IST",
                "Destination_Code": "ZNZ",
                "Destination_Name": "Zanzibar",
                "Airline": "Turkish Airlines",
                "Duration__minutes_": 450,
                "Reverse_Duration__minutes_": 485,
                "Distance__km_": 5414.0,
                "Flights_per_Day": 0.0,
                "Latitude": -6.22202,
                "Longitude": 39.224899,
                "Altitude": 54,
                "Name": "Abeid Amani Karume International Airport",
                "StartLon": 28.751944,
                "StartLat": 41.275278,
                "ORIG_FID": 240,
                "Shape_Length": 48.67454158405025,
                "Country": "Tanzania"
            }
        },
        {
            "type": "Feature",
            "id": 233,
            "geometry": {
                "type": "LineString",
                "coordinates": [
                    [
                        28.751944000000037,
                        41.27527800000007
                    ],
                    [
                        28.763640848000023,
                        41.277060575000064
                    ],
                    [
                        31.706874623000033,
                        41.68505232200005
                    ],
                    [
                        34.68399745600004,
                        42.016751699000054
                    ],
                    [
                        37.688537723000024,
                        42.27048120100005
                    ],
                    [
                        40.713472129000024,
                        42.444927015000076
                    ],
                    [
                        43.751354142000025,
                        42.53917004700003
                    ],
                    [
                        46.79446276800007,
                        42.55270830200004
                    ],
                    [
                        49.83496493900003,
                        42.48546935100006
                    ],
                    [
                        52.865083567000056,
                        42.33781213800006
                    ],
                    [
                        55.87726276700005,
                        42.11051803700008
                    ],
                    [
                        58.864322009000034,
                        41.804771678000066
                    ],
                    [
                        60.64170074500004,
                        41.584300995000035
                    ]
                ]
            },
            "properties": {
                "OID": 233,
                "Departure_Airport": "IST",
                "Destination_Code": "UGC",
                "Destination_Name": "Urgench",
                "Airline": "Uzbekistan Airways",
                "Duration__minutes_": 230,
                "Reverse_Duration__minutes_": 265,
                "Distance__km_": 2658.0,
                "Flights_per_Day": 1.0,
                "Latitude": 41.58430099487305,
                "Longitude": 60.641700744628906,
                "Altitude": 320,
                "Name": "Urgench Airport",
                "StartLon": 28.751944,
                "StartLat": 41.275278,
                "ORIG_FID": 241,
                "Shape_Length": 31.996712568218445,
                "Country": "Uzbekistan"
            }
        },
        {
            "type": "Feature",
            "id": 234,
            "geometry": {
                "type": "LineString",
                "coordinates": [
                    [
                        28.751944000000037,
                        41.27527800000007
                    ],
                    [
                        28.745113235000076,
                        41.282657990000075
                    ],
                    [
                        26.987360472000034,
                        43.11411319100006
                    ],
                    [
                        25.122423922000053,
                        44.91633788400003
                    ],
                    [
                        23.13825934500005,
                        46.68559537500005
                    ],
                    [
                        21.021607045000053,
                        48.417603703000054
                    ],
                    [
                        18.757967805000078,
                        50.107450475000064
                    ],
                    [
                        16.33164434200006,
                        51.74949933600004
                    ],
                    [
                        13.725885129000062,
                        53.33729065500006
                    ],
                    [
                        10.923180326000022,
                        54.86344158800006
                    ],
                    [
                        9.151780128000041,
                        55.740299220000054
                    ]
                ]
            },
            "properties": {
                "OID": 234,
                "Departure_Airport": "IST",
                "Destination_Code": "BLL",
                "Destination_Name": "Billund",
                "Airline": "Turkish Airlines",
                "Duration__minutes_": 225,
                "Reverse_Duration__minutes_": 220,
                "Distance__km_": 2158.0,
                "Flights_per_Day": 0.0,
                "Latitude": 55.74029922,
                "Longitude": 9.151780128,
                "Altitude": 247,
                "Name": "Billund Airport",
                "StartLon": 28.751944,
                "StartLat": 41.275278,
                "ORIG_FID": 242,
                "Shape_Length": 24.51109164582603,
                "Country": "Denmark"
            }
        },
        {
            "type": "Feature",
            "id": 235,
            "geometry": {
                "type": "LineString",
                "coordinates": [
                    [
                        28.751944000000037,
                        41.27527800000007
                    ],
                    [
                        28.761054536000074,
                        41.28109453500008
                    ],
                    [
                        31.090531104000036,
                        42.71169195600004
                    ],
                    [
                        33.52755632700007,
                        44.092367747000026
                    ],
                    [
                        36.07830523500007,
                        45.41829710800005
                    ],
                    [
                        38.74846304300007,
                        46.684282660000065
                    ],
                    [
                        41.542945263000036,
                        47.88476480300005
                    ],
                    [
                        44.46556213400004,
                        49.013849195000034
                    ],
                    [
                        47.51863175300008,
                        50.06535592300003
                    ],
                    [
                        50.70255444600008,
                        51.03289479800003
                    ],
                    [
                        54.01537156900008,
                        51.909970444000066
                    ],
                    [
                        57.45234411700005,
                        52.690119150000044
                    ],
                    [
                        61.00559847300008,
                        53.36707665300003
                    ],
                    [
                        64.66389527400008,
                        53.934972178000066
                    ],
                    [
                        68.41257894200004,
                        54.38853947700005
                    ],
                    [
                        72.23375633200004,
                        54.72333094800007
                    ],
                    [
                        76.10673136700007,
                        54.93591724800007
                    ],
                    [
                        80.00868967800005,
                        55.024053181000056
                    ],
                    [
                        82.65070343000008,
                        55.01259995000004
                    ]
                ]
            },
            "properties": {
                "OID": 235,
                "Departure_Airport": "IST",
                "Destination_Code": "OVB",
                "Destination_Name": "Novosibirsk",
                "Airline": "S7 Airlines",
                "Duration__minutes_": 350,
                "Reverse_Duration__minutes_": 400,
                "Distance__km_": 4183.0,
                "Flights_per_Day": 0.0,
                "Latitude": 55.01259995,
                "Longitude": 82.65070343,
                "Altitude": 365,
                "Name": "Tolmachevo Airport",
                "StartLon": 28.751944,
                "StartLat": 41.275278,
                "ORIG_FID": 243,
                "Shape_Length": 56.41570507821913,
                "Country": "Russia"
            }
        },
        {
            "type": "Feature",
            "id": 236,
            "geometry": {
                "type": "LineString",
                "coordinates": [
                    [
                        28.751944000000037,
                        41.27527800000007
                    ],
                    [
                        28.74600414100007,
                        41.267468730000076
                    ],
                    [
                        27.303753044000075,
                        39.30559804500007
                    ],
                    [
                        25.940210223000065,
                        37.326165943000035
                    ],
                    [
                        24.646662314000025,
                        35.331157837000035
                    ],
                    [
                        23.41538898300007,
                        33.322311574000025
                    ],
                    [
                        22.23952872900003,
                        31.30115685900006
                    ],
                    [
                        21.112961694000035,
                        29.269048115000032
                    ],
                    [
                        20.03020778000007,
                        27.227191926000046
                    ],
                    [
                        18.98633823600005,
                        25.17667003400004
                    ],
                    [
                        17.976898968000057,
                        23.11845868200004
                    ],
                    [
                        16.997843921000026,
                        21.053444941000066
                    ],
                    [
                        16.04547707300003,
                        18.982440573000076
                    ],
                    [
                        15.116401736000057,
                        16.906193848000044
                    ],
                    [
                        14.207476027000041,
                        14.825399692000076
                    ],
                    [
                        13.315773499000045,
                        12.74070845600005
                    ],
                    [
                        12.438548095000044,
                        10.652733563000027
                    ],
                    [
                        11.573202639000044,
                        8.56205824500006
                    ],
                    [
                        10.71726022300004,
                        6.4692415380000625
                    ],
                    [
                        9.86833789800005,
                        4.374823703000061
                    ],
                    [
                        9.719479561000071,
                        4.006080151000049
                    ]
                ]
            },
            "properties": {
                "OID": 236,
                "Departure_Airport": "IST",
                "Destination_Code": "DLA",
                "Destination_Name": "Douala",
                "Airline": "Turkish Airlines",
                "Duration__minutes_": 445,
                "Reverse_Duration__minutes_": 445,
                "Distance__km_": 4579.0,
                "Flights_per_Day": 0.0,
                "Latitude": 4.006080151,
                "Longitude": 9.719479561,
                "Altitude": 33,
                "Name": "Douala International Airport",
                "StartLon": 28.751944,
                "StartLat": 41.275278,
                "ORIG_FID": 244,
                "Shape_Length": 41.97273437661996,
                "Country": "Cameroon"
            }
        },
        {
            "type": "Feature",
            "id": 237,
            "geometry": {
                "type": "LineString",
                "coordinates": [
                    [
                        28.751944000000037,
                        41.27527800000007
                    ],
                    [
                        28.740165029000025,
                        41.273828249000076
                    ],
                    [
                        25.812753903000043,
                        40.873879557000066
                    ],
                    [
                        22.92354185000005,
                        40.400546372000065
                    ],
                    [
                        20.077500266000072,
                        39.85603389400006
                    ],
                    [
                        17.278863038000054,
                        39.242780813000024
                    ],
                    [
                        14.531106277000049,
                        38.56341469800003
                    ],
                    [
                        13.091000000000065,
                        38.17599900000005
                    ]
                ]
            },
            "properties": {
                "OID": 237,
                "Departure_Airport": "IST",
                "Destination_Code": "PMO",
                "Destination_Name": "Palermo",
                "Airline": "Turkish Airlines",
                "Duration__minutes_": 160,
                "Reverse_Duration__minutes_": 160,
                "Distance__km_": 1387.0,
                "Flights_per_Day": 0.0,
                "Latitude": 38.175999,
                "Longitude": 13.091,
                "Altitude": 65,
                "Name": "Falcone\u2013Borsellino Airport",
                "StartLon": 28.751944,
                "StartLat": 41.275278,
                "ORIG_FID": 245,
                "Shape_Length": 15.97914624596482,
                "Country": "Italy"
            }
        },
        {
            "type": "Feature",
            "id": 238,
            "geometry": {
                "type": "LineString",
                "coordinates": [
                    [
                        28.751944000000037,
                        41.27527800000007
                    ],
                    [
                        28.75740716000007,
                        41.26727424500007
                    ],
                    [
                        30.082996017000028,
                        39.25819407100005
                    ],
                    [
                        31.334724418000064,
                        37.23416569800003
                    ],
                    [
                        32.521041516000025,
                        35.196900379000056
                    ],
                    [
                        33.64938054500004,
                        33.14789085500007
                    ],
                    [
                        34.726307363000046,
                        31.088447604000066
                    ],
                    [
                        35.75764712000006,
                        29.01972869000008
                    ],
                    [
                        36.74859224000005,
                        26.94276447200008
                    ],
                    [
                        37.70379455400007,
                        24.85847811000008
                    ],
                    [
                        38.62744410000005,
                        22.767702692000057
                    ],
                    [
                        39.52333671900004,
                        20.671195582000053
                    ],
                    [
                        40.39493230700003,
                        18.569650529000057
                    ],
                    [
                        41.24540526800007,
                        16.46370793600005
                    ],
                    [
                        42.077688487000046,
                        14.353963625000063
                    ],
                    [
                        42.894511959000056,
                        12.24097639100006
                    ],
                    [
                        43.159500122000054,
                        11.54730033900006
                    ]
                ]
            },
            "properties": {
                "OID": 238,
                "Departure_Airport": "IST",
                "Destination_Code": "JIB",
                "Destination_Name": "Djibouti",
                "Airline": "Turkish Airlines",
                "Duration__minutes_": 315,
                "Reverse_Duration__minutes_": 355,
                "Distance__km_": 3609.0,
                "Flights_per_Day": 0.0,
                "Latitude": 11.547300338745115,
                "Longitude": 43.15950012207031,
                "Altitude": 49,
                "Name": "Djibouti-Ambouli Airport",
                "StartLon": 28.751944,
                "StartLat": 41.275278,
                "ORIG_FID": 246,
                "Shape_Length": 33.11099275926272,
                "Country": "Djibouti"
            }
        },
        {
            "type": "Feature",
            "id": 239,
            "geometry": {
                "type": "LineString",
                "coordinates": [
                    [
                        28.751944000000037,
                        41.27527800000007
                    ],
                    [
                        28.754378503000055,
                        41.266464908000046
                    ],
                    [
                        29.343402560000072,
                        39.06122793000003
                    ],
                    [
                        29.896839355000054,
                        36.852358518000074
                    ],
                    [
                        30.419283853000024,
                        34.64023325100004
                    ],
                    [
                        30.91467059400003,
                        32.425181303000045
                    ],
                    [
                        31.386394824000035,
                        30.207494110000027
                    ],
                    [
                        31.837408897000046,
                        27.98743296200007
                    ],
                    [
                        32.270299676000036,
                        25.765235029000053
                    ],
                    [
                        32.68735124800003,
                        23.54111815600004
                    ],
                    [
                        33.09059619300007,
                        21.315284698000028
                    ],
                    [
                        33.481857870000056,
                        19.087924618000045
                    ],
                    [
                        33.862785648000056,
                        16.859217973000057
                    ],
                    [
                        34.23488453400006,
                        14.629336936000072
                    ],
                    [
                        34.59954038400008,
                        12.398447443000066
                    ],
                    [
                        34.95804160400007,
                        10.166710530000046
                    ],
                    [
                        35.311598100000026,
                        7.934283442000037
                    ],
                    [
                        35.66135807500007,
                        5.701320546000034
                    ],
                    [
                        36.00842318100007,
                        3.4679741090000675
                    ],
                    [
                        36.35386246500008,
                        1.2343949610000209
                    ],
                    [
                        36.698725480000064,
                        -0.9992669149999642
                    ],
                    [
                        37.04405489800007,
                        -3.2328618259999757
                    ],
                    [
                        37.07450104000003,
                        -3.429409980999935
                    ]
                ]
            },
            "properties": {
                "OID": 239,
                "Departure_Airport": "IST",
                "Destination_Code": "JRO",
                "Destination_Name": "Kilimanjaro",
                "Airline": "Turkish Airlines",
                "Duration__minutes_": 435,
                "Reverse_Duration__minutes_": 410,
                "Distance__km_": 5067,
                "Flights_per_Day": 0.0,
                "Latitude": -3.429409981,
                "Longitude": 37.07450104,
                "Altitude": 2932,
                "Name": "Kilimanjaro International Airport",
                "StartLon": 28.751944,
                "StartLat": 41.275278,
                "ORIG_FID": 248,
                "Shape_Length": 45.49725343397255,
                "Country": "Tanzania"
            }
        },
        {
            "type": "Feature",
            "id": 240,
            "geometry": {
                "type": "LineString",
                "coordinates": [
                    [
                        28.751944000000037,
                        41.27527800000007
                    ],
                    [
                        28.74529292300008,
                        41.28275371700005
                    ],
                    [
                        27.033104277000064,
                        43.13881352300007
                    ],
                    [
                        25.214913747000026,
                        44.96706755200006
                    ],
                    [
                        23.278463069000054,
                        46.76390981900005
                    ],
                    [
                        21.21016270800004,
                        48.525193098000045
                    ],
                    [
                        18.995030152000027,
                        50.24613959100003
                    ],
                    [
                        16.61668485000007,
                        51.92124090400006
                    ],
                    [
                        14.057436647000031,
                        53.54414908100006
                    ],
                    [
                        11.298519311000064,
                        55.107562864000045
                    ],
                    [
                        8.32053793600005,
                        56.603117085000065
                    ],
                    [
                        5.104215959000044,
                        58.02128850000008
                    ],
                    [
                        1.6315381600000478,
                        59.351338706000035
                    ],
                    [
                        -2.1126210869999795,
                        60.58132362100008
                    ],
                    [
                        -6.138337244999946,
                        61.698208039000065
                    ],
                    [
                        -10.447994164999955,
                        62.68812957000006
                    ],
                    [
                        -15.03338324799995,
                        63.53685350900008
                    ],
                    [
                        -19.872995767999953,
                        64.23044165700003
                    ],
                    [
                        -24.930191039999954,
                        64.75611829100006
                    ],
                    [
                        -30.15302845399998,
                        65.10325702800003
                    ],
                    [
                        -35.47638361999998,
                        65.26434805900004
                    ],
                    [
                        -40.82645803599996,
                        65.23576421700005
                    ],
                    [
                        -46.12705988399995,
                        65.01815589000006
                    ],
                    [
                        -51.30639956199997,
                        64.61637900500006
                    ],
                    [
                        -56.302947002999986,
                        64.03897394300003
                    ],
                    [
                        -61.06925213899996,
                        63.29731933200003
                    ],
                    [
                        -65.57333308899996,
                        62.40464090000006
                    ],
                    [
                        -69.79792835899997,
                        61.37504896100006
                    ],
                    [
                        -73.73831954999997,
                        60.22272670400008
                    ],
                    [
                        -77.39950320899999,
                        58.96132620700007
                    ],
                    [
                        -80.79333174299995,
                        57.603574621000064
                    ],
                    [
                        -83.93600247599994,
                        56.16105988700008
                    ],
                    [
                        -86.84605753599999,
                        54.644152285000075
                    ],
                    [
                        -89.54290930599996,
                        53.062018626000054
                    ],
                    [
                        -92.04582670999997,
                        51.42269316800008
                    ],
                    [
                        -94.37328815699999,
                        49.73317852100007
                    ],
                    [
                        -96.54260675299997,
                        47.99955831700004
                    ],
                    [
                        -98.56974681699995,
                        46.22711014600003
                    ],
                    [
                        -100.46926825999998,
                        44.42041213400006
                    ],
                    [
                        -102.25435196199999,
                        42.583439862000034
                    ],
                    [
                        -103.93687312999998,
                        40.71965236300008
                    ],
                    [
                        -104.67299649999995,
                        39.86169815000005
                    ]
                ]
            },
            "properties": {
                "OID": 240,
                "Departure_Airport": "IST",
                "Destination_Code": "DEN",
                "Destination_Name": "Denver",
                "Airline": "Turkish Airlines",
                "Duration__minutes_": 790,
                "Reverse_Duration__minutes_": 710,
                "Distance__km_": 9894.0,
                "Flights_per_Day": 0.0,
                "Latitude": 39.86169815,
                "Longitude": -104.6729965,
                "Altitude": 5431,
                "Name": "Denver International Airport",
                "StartLon": 28.751944,
                "StartLat": 41.275278,
                "ORIG_FID": 249,
                "Shape_Length": 147.00778446306762,
                "Country": "United States"
            }
        },
        {
            "type": "Feature",
            "id": 241,
            "geometry": {
                "type": "LineString",
                "coordinates": [
                    [
                        28.751944000000037,
                        41.27527800000007
                    ],
                    [
                        28.740546277000078,
                        41.27260941600008
                    ],
                    [
                        25.920805320000056,
                        40.570542216000035
                    ],
                    [
                        23.162142662000065,
                        39.80102730400006
                    ],
                    [
                        20.466786324000054,
                        38.96730761300006
                    ],
                    [
                        17.836121853000066,
                        38.072687891000044
                    ],
                    [
                        15.270764860000043,
                        37.120492040000045
                    ],
                    [
                        12.770643077000045,
                        36.11402639200003
                    ],
                    [
                        10.335082838000062,
                        35.056549060000066
                    ],
                    [
                        7.962895743000047,
                        33.95124523700008
                    ],
                    [
                        5.6524622340000406,
                        32.80120807000003
                    ],
                    [
                        3.401809736000075,
                        31.609424602000047
                    ],
                    [
                        1.208683815000029,
                        30.378766171000052
                    ],
                    [
                        -0.9293884679999564,
                        29.111982641000054
                    ],
                    [
                        -3.015043316999936,
                        27.811699856000075
                    ],
                    [
                        -5.051032948999932,
                        26.480419719000054
                    ],
                    [
                        -7.0401859439999726,
                        25.120522381000058
                    ],
                    [
                        -8.985374597999964,
                        23.734270070000036
                    ],
                    [
                        -10.889488616999927,
                        22.323812162000024
                    ],
                    [
                        -12.755414404999954,
                        20.89119116100005
                    ],
                    [
                        -14.586019260999933,
                        19.438349306000077
                    ],
                    [
                        -15.969722199999978,
                        18.31000000000006
                    ]
                ]
            },
            "properties": {
                "OID": 241,
                "Departure_Airport": "IST",
                "Destination_Code": "NKC",
                "Destination_Name": "Nouakchott",
                "Airline": "Turkish Airlines",
                "Duration__minutes_": 430,
                "Reverse_Duration__minutes_": 420,
                "Distance__km_": 4964.0,
                "Flights_per_Day": 0.0,
                "Latitude": 18.31,
                "Longitude": -15.9697222,
                "Altitude": 9,
                "Name": "Nouakchott\u2013Oumtounsy International Airport",
                "StartLon": 28.751944,
                "StartLat": 41.275278,
                "ORIG_FID": 250,
                "Shape_Length": 50.747136501416406,
                "Country": "Mauritania"
            }
        },
        {
            "type": "Feature",
            "id": 242,
            "geometry": {
                "type": "LineString",
                "coordinates": [
                    [
                        28.751944000000037,
                        41.27527800000007
                    ],
                    [
                        28.763393646000054,
                        41.277818670000045
                    ],
                    [
                        31.652971637000064,
                        41.87673889300004
                    ],
                    [
                        34.59359669000003,
                        42.40159012000004
                    ],
                    [
                        37.57999215600006,
                        42.84976845800003
                    ],
                    [
                        40.606008286000076,
                        43.21896065000004
                    ],
                    [
                        43.66469543800008,
                        43.50719601000003
                    ],
                    [
                        46.748412950000045,
                        43.71289345500003
                    ],
                    [
                        49.84897119400006,
                        43.834901141000046
                    ],
                    [
                        51.091999000000044,
                        43.860100000000045
                    ]
                ]
            },
            "properties": {
                "OID": 242,
                "Departure_Airport": "IST",
                "Destination_Code": "SCO",
                "Destination_Name": "Aktau",
                "Airline": "Turkish Airlines",
                "Duration__minutes_": 185,
                "Reverse_Duration__minutes_": 225,
                "Distance__km_": 1857.0,
                "Flights_per_Day": 0.0,
                "Latitude": 43.8601,
                "Longitude": 51.091999,
                "Altitude": 73,
                "Name": "Aktau Airport",
                "StartLon": 28.751944,
                "StartLat": 41.275278,
                "ORIG_FID": 251,
                "Shape_Length": 22.527837770071653,
                "Country": "Kazakhstan"
            }
        },
        {
            "type": "Feature",
            "id": 243,
            "geometry": {
                "type": "LineString",
                "coordinates": [
                    [
                        28.751944000000037,
                        41.27527800000007
                    ],
                    [
                        28.758760989000052,
                        41.26788802000004
                    ],
                    [
                        30.416459865000036,
                        39.40792365300007
                    ],
                    [
                        31.98782735700007,
                        37.52496400700005
                    ],
                    [
                        33.48171640700008,
                        35.62151894400006
                    ],
                    [
                        34.90609970100007,
                        33.69980349000008
                    ],
                    [
                        36.26816357000007,
                        31.761780499000054
                    ],
                    [
                        37.57439621100008,
                        29.809197158000075
                    ],
                    [
                        38.83066897300006,
                        27.843616199000053
                    ],
                    [
                        40.04231031200004,
                        25.866442581000058
                    ],
                    [
                        41.214172520000034,
                        23.878946340000027
                    ],
                    [
                        42.35069161300004,
                        21.882282186000054
                    ],
                    [
                        43.455940971000075,
                        19.877506364000055
                    ],
                    [
                        44.53367932900005,
                        17.865591219000066
                    ],
                    [
                        45.58739379200006,
                        15.847437822000074
                    ],
                    [
                        46.62033848800007,
                        13.823886990000062
                    ],
                    [
                        47.63556946400007,
                        11.795728964000034
                    ],
                    [
                        48.63597639000005,
                        9.763711974000046
                    ],
                    [
                        49.62431156200006,
                        7.728549903000044
                    ],
                    [
                        50.60321670800005,
                        5.690929208000057
                    ],
                    [
                        51.57524800500005,
                        3.6515152680000256
                    ],
                    [
                        52.54289973700003,
                        1.6109582900000419
                    ],
                    [
                        53.50862695900008,
                        -0.4301010989999554
                    ],
                    [
                        54.47486753900006,
                        -2.47102646299993
                    ],
                    [
                        55.44406392600007,
                        -4.511180250999928
                    ],
                    [
                        55.52180100000004,
                        -4.674339999999972
                    ]
                ]
            },
            "properties": {
                "OID": 243,
                "Departure_Airport": "IST",
                "Destination_Code": "SEZ",
                "Destination_Name": "Mahe Island",
                "Airline": "Turkish Airlines",
                "Duration__minutes_": 475,
                "Reverse_Duration__minutes_": 495,
                "Distance__km_": 5817.0,
                "Flights_per_Day": 0.0,
                "Latitude": -4.67434,
                "Longitude": 55.521801,
                "Altitude": 10,
                "Name": "Seychelles International Airport",
                "StartLon": 28.751944,
                "StartLat": 41.275278,
                "ORIG_FID": 252,
                "Shape_Length": 53.390108728560435,
                "Country": "Seychelles"
            }
        },
        {
            "type": "Feature",
            "id": 244,
            "geometry": {
                "type": "LineString",
                "coordinates": [
                    [
                        28.751944000000037,
                        41.27527800000007
                    ],
                    [
                        28.757981490000077,
                        41.26751109200006
                    ],
                    [
                        30.224159064000048,
                        39.31592680800003
                    ],
                    [
                        31.61068977900004,
                        37.34621677800004
                    ],
                    [
                        32.92632621300004,
                        35.360423852000054
                    ],
                    [
                        34.178835751000065,
                        33.36033755700004
                    ],
                    [
                        35.37513119500005,
                        31.34753407900007
                    ],
                    [
                        36.521385477000024,
                        29.32340965800006
                    ],
                    [
                        37.623131872000044,
                        27.28920855000007
                    ],
                    [
                        38.68535130500004,
                        25.24604650300006
                    ],
                    [
                        39.712548352000056,
                        23.194930535000026
                    ],
                    [
                        40.54344200000003,
                        21.48300100000006
                    ]
                ]
            },
            "properties": {
                "OID": 244,
                "Departure_Airport": "IST",
                "Destination_Code": "TIF",
                "Destination_Name": "Taif",
                "Airline": "Turkish Airlines",
                "Duration__minutes_": 235,
                "Reverse_Duration__minutes_": 265,
                "Distance__km_": 2475.0,
                "Flights_per_Day": 0.0,
                "Latitude": 21.483001,
                "Longitude": 40.543442,
                "Altitude": 4848,
                "Name": "Ta\u2019if Regional Airport",
                "StartLon": 28.751944,
                "StartLat": 41.275278,
                "ORIG_FID": 253,
                "Shape_Length": 23.082737147659003,
                "Country": "Saudi Arabia"
            }
        },
        {
            "type": "Feature",
            "id": 245,
            "geometry": {
                "type": "LineString",
                "coordinates": [
                    [
                        28.751944000000037,
                        41.27527800000007
                    ],
                    [
                        28.75137710200005,
                        41.284270426000035
                    ],
                    [
                        28.60451802800003,
                        43.53184139200005
                    ],
                    [
                        28.446327804000077,
                        45.778323071000045
                    ],
                    [
                        28.274897663000047,
                        48.02368110800006
                    ],
                    [
                        28.087897406000025,
                        50.26787908000006
                    ],
                    [
                        27.882449390000033,
                        52.51087619500004
                    ],
                    [
                        27.654954755000063,
                        54.75262409900006
                    ],
                    [
                        27.400849368000024,
                        56.99306240000004
                    ],
                    [
                        27.114253922000046,
                        59.23211225000006
                    ],
                    [
                        26.78746052500003,
                        61.469666965000044
                    ],
                    [
                        26.410159278000037,
                        63.70557794200005
                    ],
                    [
                        25.96823740700006,
                        65.93963284300008
                    ],
                    [
                        25.83040047000003,
                        66.56479645000007
                    ]
                ]
            },
            "properties": {
                "OID": 245,
                "Departure_Airport": "IST",
                "Destination_Code": "RVN",
                "Destination_Name": "Rovaniemi",
                "Airline": "Turkish Airlines",
                "Duration__minutes_": 280,
                "Reverse_Duration__minutes_": 285,
                "Distance__km_": 2833.0,
                "Flights_per_Day": 0.0,
                "Latitude": 66.56479645,
                "Longitude": 25.83040047,
                "Altitude": 642,
                "Name": "Rovaniemi Airport",
                "StartLon": 28.751944,
                "StartLat": 41.275278,
                "ORIG_FID": 254,
                "Shape_Length": 25.481656384827346,
                "Country": "Finland"
            }
        },
        {
            "type": "Feature",
            "id": 246,
            "geometry": {
                "type": "LineString",
                "coordinates": [
                    [
                        28.751944000000037,
                        41.27527800000007
                    ],
                    [
                        28.744821067000032,
                        41.26805544400003
                    ],
                    [
                        27.011689345000036,
                        39.44883189900003
                    ],
                    [
                        25.36707532400004,
                        37.60452105500008
                    ],
                    [
                        23.802197670000055,
                        35.73781715500007
                    ],
                    [
                        22.309093233000056,
                        33.85110627300003
                    ],
                    [
                        20.880541110000024,
                        31.946509037000055
                    ],
                    [
                        19.50998796500005,
                        30.025917623000055
                    ],
                    [
                        18.191476848000036,
                        28.091027693000058
                    ],
                    [
                        16.919580729000074,
                        26.143365956000025
                    ],
                    [
                        15.68934127700004,
                        24.18431393900005
                    ],
                    [
                        14.496212971000034,
                        22.215128520000064
                    ],
                    [
                        13.336012352000068,
                        20.236959699000067
                    ],
                    [
                        12.20487208000003,
                        18.250866021000036
                    ],
                    [
                        11.099199356000042,
                        16.25782801300005
                    ],
                    [
                        10.015638251000041,
                        14.258759957000052
                    ],
                    [
                        8.951035477000062,
                        12.25452025100003
                    ],
                    [
                        7.902409118000037,
                        10.245920613000067
                    ],
                    [
                        7.263169765000043,
                        9.006790161000026
                    ]
                ]
            },
            "properties": {
                "OID": 246,
                "Departure_Airport": "IST",
                "Destination_Code": "ABV",
                "Destination_Name": "Abuja",
                "Airline": "Turkish Airlines",
                "Duration__minutes_": 400,
                "Reverse_Duration__minutes_": 385,
                "Distance__km_": 4183.0,
                "Flights_per_Day": 0.0,
                "Latitude": 9.006790161132812,
                "Longitude": 7.263169765472412,
                "Altitude": 1123,
                "Name": "Nnamdi Azikiwe International Airport",
                "StartLon": 28.751944,
                "StartLat": 41.275278,
                "ORIG_FID": 255,
                "Shape_Length": 38.92161618282278,
                "Country": "Nigeria"
            }
        },
        {
            "type": "Feature",
            "id": 247,
            "geometry": {
                "type": "LineString",
                "coordinates": [
                    [
                        28.751944000000037,
                        41.27527800000007
                    ],
                    [
                        28.763602393000042,
                        41.27337702900007
                    ],
                    [
                        31.656130675000043,
                        40.76146811500007
                    ],
                    [
                        34.501586659000054,
                        40.17816850500003
                    ],
                    [
                        37.29592245600003,
                        39.52610633200004
                    ],
                    [
                        40.03589852600004,
                        38.80808290300007
                    ],
                    [
                        42.71906756900006,
                        38.02702659500005
                    ],
                    [
                        44.23810000000003,
                        37.54970000000003
                    ]
                ]
            },
            "properties": {
                "OID": 247,
                "Departure_Airport": "IST",
                "Destination_Code": "YKO",
                "Destination_Name": "Yuksekova",
                "Airline": "Turkish Airlines",
                "Duration__minutes_": 135,
                "Reverse_Duration__minutes_": 165,
                "Distance__km_": 1401.0,
                "Flights_per_Day": 0.0,
                "Latitude": 37.5497,
                "Longitude": 44.2381,
                "Altitude": 6400,
                "Name": "Hakkari Y\u00fcksekova Airport",
                "StartLon": 28.751944,
                "StartLat": 41.275278,
                "ORIG_FID": 256,
                "Shape_Length": 15.943071044502664,
                "Country": "Turkey"
            }
        },
        {
            "type": "Feature",
            "id": 248,
            "geometry": {
                "type": "LineString",
                "coordinates": [
                    [
                        28.751944000000037,
                        41.27527800000007
                    ],
                    [
                        28.756366877000062,
                        41.26691794300007
                    ],
                    [
                        29.828186782000046,
                        39.17142507400007
                    ],
                    [
                        30.83805445400003,
                        37.06588454300004
                    ],
                    [
                        31.79346587300006,
                        34.951458099000035
                    ],
                    [
                        32.700934637000046,
                        32.829154138000035
                    ],
                    [
                        33.566153120000024,
                        30.699855039000056
                    ],
                    [
                        34.39412521400004,
                        28.564339241000027
                    ],
                    [
                        35.18927617500003,
                        26.423299205000035
                    ],
                    [
                        35.95554399100007,
                        24.277356088000033
                    ],
                    [
                        36.696455800000024,
                        22.127071826000076
                    ],
                    [
                        37.41519221500005,
                        19.97295913100004
                    ],
                    [
                        38.11464183000004,
                        17.81548982000004
                    ],
                    [
                        38.79744776800004,
                        15.655101802000047
                    ],
                    [
                        38.91070175200008,
                        15.291899681000075
                    ]
                ]
            },
            "properties": {
                "OID": 248,
                "Departure_Airport": "IST",
                "Destination_Code": "ASM",
                "Destination_Name": "Asmara",
                "Airline": "Turkish Airlines",
                "Duration__minutes_": 278,
                "Reverse_Duration__minutes_": 315,
                "Distance__km_": 3065.0,
                "Flights_per_Day": 0.0,
                "Latitude": 15.291899681091309,
                "Longitude": 38.91070175170898,
                "Altitude": 7661,
                "Name": "Asmara International Airport",
                "StartLon": 28.751944,
                "StartLat": 41.275278,
                "ORIG_FID": 257,
                "Shape_Length": 27.937854145260467,
                "Country": "Eritrea"
            }
        },
        {
            "type": "Feature",
            "id": 249,
            "geometry": {
                "type": "LineString",
                "coordinates": [
                    [
                        28.751944000000037,
                        41.27527800000007
                    ],
                    [
                        28.762207157000034,
                        41.279874059000065
                    ],
                    [
                        31.373528821000036,
                        42.39934272000005
                    ],
                    [
                        34.076686954000024,
                        43.45701318000005
                    ],
                    [
                        36.87266181800004,
                        44.448382028000026
                    ],
                    [
                        39.76132135700004,
                        45.368851136000046
                    ],
                    [
                        42.741227035000065,
                        46.21378744300006
                    ],
                    [
                        45.80945212000006,
                        46.97859662900004
                    ],
                    [
                        48.96142841400007,
                        47.658810078000045
                    ],
                    [
                        52.19083966200003,
                        48.250183277000076
                    ],
                    [
                        55.48958030700004,
                        48.74880234600005
                    ],
                    [
                        58.84779626800008,
                        49.15119389300003
                    ],
                    [
                        62.25401952500005,
                        49.454432084000075
                    ],
                    [
                        65.69540048400006,
                        49.656235984000034
                    ],
                    [
                        69.15803213800007,
                        49.75505005600007
                    ],
                    [
                        72.62734935500004,
                        49.75010139400007
                    ],
                    [
                        76.08857696300004,
                        49.64142888300006
                    ],
                    [
                        79.52719375800007,
                        49.42988172100007
                    ],
                    [
                        82.92937728200008,
                        49.11708743400004
                    ],
                    [
                        86.28239695400003,
                        48.70539218700003
                    ],
                    [
                        89.57493003600007,
                        48.19777838400006
                    ],
                    [
                        92.79728477600008,
                        47.59776609600004
                    ],
                    [
                        95.94152573500008,
                        46.90930542900003
                    ],
                    [
                        99.00150614900008,
                        46.136666741000056
                    ],
                    [
                        101.97281968300007,
                        45.28433470700003
                    ],
                    [
                        104.85268857800008,
                        44.35691088600004
                    ],
                    [
                        107.63980691700004,
                        43.35902796800008
                    ],
                    [
                        110.33415706600005,
                        42.29527741700008
                    ],
                    [
                        112.93681506300004,
                        41.170150998000054
                    ],
                    [
                        115.44975752200003,
                        39.98799572200005
                    ],
                    [
                        116.41092000000003,
                        39.50994500000007
                    ]
                ]
            },
            "properties": {
                "OID": 249,
                "Departure_Airport": "IST",
                "Destination_Code": "PKX",
                "Destination_Name": "Beijing",
                "Airline": "China Southern",
                "Duration__minutes_": 550,
                "Reverse_Duration__minutes_": 670,
                "Distance__km_": 7120.0,
                "Flights_per_Day": 0.0,
                "Latitude": 39.509945,
                "Longitude": 116.41092,
                "Altitude": 98,
                "Name": "Beijing Daxing International Airport",
                "StartLon": 28.751944,
                "StartLat": 41.275278,
                "ORIG_FID": 258,
                "Shape_Length": 90.38951550307982,
                "Country": "China"
            }
        },
        {
            "type": "Feature",
            "id": 250,
            "geometry": {
                "type": "LineString",
                "coordinates": [
                    [
                        28.751944000000037,
                        41.27527800000007
                    ],
                    [
                        28.748267987000077,
                        41.28384420900005
                    ],
                    [
                        27.797663417000024,
                        43.421132433000025
                    ],
                    [
                        26.777869371000065,
                        45.54914525500004
                    ],
                    [
                        25.67826769900006,
                        47.66654930300007
                    ],
                    [
                        24.48621763600005,
                        49.77174811700007
                    ],
                    [
                        23.186565562000055,
                        51.86281199100006
                    ],
                    [
                        21.761018395000065,
                        53.93738582900005
                    ],
                    [
                        20.187340447000054,
                        55.99256701400003
                    ],
                    [
                        18.43832373300006,
                        58.02474216300004
                    ],
                    [
                        16.480472819000056,
                        60.02936719300004
                    ],
                    [
                        14.27234287400006,
                        62.00066906600006
                    ],
                    [
                        11.762486529000057,
                        63.93123969800007
                    ],
                    [
                        8.887030448000075,
                        65.81148323000008
                    ],
                    [
                        5.567076837000059,
                        67.62886960900005
                    ],
                    [
                        1.7065271070000563,
                        69.36694781800003
                    ],
                    [
                        -2.80824040899995,
                        71.00410039500008
                    ],
                    [
                        -8.10387155799998,
                        72.51211956500003
                    ],
                    [
                        -14.305456574999937,
                        73.85493090700004
                    ],
                    [
                        -21.504690253999968,
                        74.98827121500005
                    ],
                    [
                        -29.706325452999977,
                        75.86179111000007
                    ],
                    [
                        -38.76366842899995,
                        76.42532750900006
                    ],
                    [
                        -48.34243248599995,
                        76.63965262100004
                    ],
                    [
                        -57.96530244699994,
                        76.48815880200004
                    ],
                    [
                        -67.14182403499996,
                        75.98268824600007
                    ],
                    [
                        -75.50699487899993,
                        75.15932214100008
                    ],
                    [
                        -82.88261763399998,
                        74.06719922000008
                    ],
                    [
                        -89.25175603799994,
                        72.75722206400008
                    ],
                    [
                        -94.69548046399996,
                        71.27495230200003
                    ],
                    [
                        -99.33597552699996,
                        69.65790233400003
                    ],
                    [
                        -103.30104652599994,
                        67.93556163800008
                    ],
                    [
                        -106.70708884999999,
                        66.13058324500008
                    ],
                    [
                        -109.65329342899997,
                        64.26021545600008
                    ],
                    [
                        -112.22140341799997,
                        62.337588362000076
                    ],
                    [
                        -114.47770487599996,
                        60.37274556600005
                    ],
                    [
                        -116.47561135399997,
                        58.37342909000006
                    ],
                    [
                        -118.25813899299999,
                        56.345662066000045
                    ],
                    [
                        -119.86002818999998,
                        54.29417713400005
                    ],
                    [
                        -121.30947098599995,
                        52.22273098200003
                    ],
                    [
                        -122.62948190299994,
                        50.13433608200006
                    ],
                    [
                        -123.18399809999994,
                        49.19390106000003
                    ]
                ]
            },
            "properties": {
                "OID": 250,
                "Departure_Airport": "IST",
                "Destination_Code": "YVR",
                "Destination_Name": "Vancouver",
                "Airline": "Turkish Airlines",
                "Duration__minutes_": 765,
                "Reverse_Duration__minutes_": 725,
                "Distance__km_": 9640.0,
                "Flights_per_Day": 0.0,
                "Latitude": 49.19390106,
                "Longitude": -123.1839981,
                "Altitude": 14,
                "Name": "Vancouver International Airport",
                "StartLon": 28.751944,
                "StartLat": 41.275278,
                "ORIG_FID": 259,
                "Shape_Length": 174.83696536110006,
                "Country": "Canada"
            }
        },
        {
            "type": "Feature",
            "id": 251,
            "geometry": {
                "type": "LineString",
                "coordinates": [
                    [
                        28.751944000000037,
                        41.27527800000007
                    ],
                    [
                        28.763739375000057,
                        41.276652468000066
                    ],
                    [
                        31.727062540000077,
                        41.58207343500004
                    ],
                    [
                        34.71487943000005,
                        41.810448730000076
                    ],
                    [
                        37.720330398000044,
                        41.96061845100007
                    ],
                    [
                        40.73619628700004,
                        42.031808236000074
                    ],
                    [
                        43.755041737000056,
                        42.02364770400004
                    ],
                    [
                        46.76936900600003,
                        41.93617942000003
                    ],
                    [
                        49.771774857000025,
                        41.76985786000006
                    ],
                    [
                        52.75510280100008,
                        41.52553843800007
                    ],
                    [
                        55.71258340300005,
                        41.204457227000034
                    ],
                    [
                        58.63795643200007,
                        40.808202497000025
                    ],
                    [
                        61.52557018300007,
                        40.338679600000034
                    ],
                    [
                        64.37045513200007,
                        39.798070978000055
                    ],
                    [
                        64.48329926000008,
                        39.77500152600004
                    ]
                ]
            },
            "properties": {
                "OID": 251,
                "Departure_Airport": "IST",
                "Destination_Code": "BHK",
                "Destination_Name": "Bukhara",
                "Airline": "Uzbekistan Airways",
                "Duration__minutes_": 250,
                "Reverse_Duration__minutes_": 295,
                "Distance__km_": 3020.0,
                "Flights_per_Day": 0.0,
                "Latitude": 39.775001525878906,
                "Longitude": 64.48329926,
                "Altitude": 751,
                "Name": "Bukhara Airport",
                "StartLon": 28.751944,
                "StartLat": 41.275278,
                "ORIG_FID": 260,
                "Shape_Length": 35.91260935886425,
                "Country": "Uzbekistan"
            }
        },
        {
            "type": "Feature",
            "id": 252,
            "geometry": {
                "type": "LineString",
                "coordinates": [
                    [
                        28.751944000000037,
                        41.27527800000007
                    ],
                    [
                        28.763124556000037,
                        41.27841506400006
                    ],
                    [
                        31.591420163000066,
                        42.02798320000005
                    ],
                    [
                        34.483693886000026,
                        42.70617107800007
                    ],
                    [
                        37.436062614000036,
                        43.309709431000044
                    ],
                    [
                        40.44358150200003,
                        43.835531960000026
                    ],
                    [
                        43.081901550000055,
                        44.22510147100007
                    ]
                ]
            },
            "properties": {
                "OID": 252,
                "Departure_Airport": "IST",
                "Destination_Code": "MRV",
                "Destination_Name": "Mineralnye Vody",
                "Airline": "Red Wings",
                "Duration__minutes_": 130,
                "Reverse_Duration__minutes_": 150,
                "Distance__km_": 1221.0,
                "Flights_per_Day": 0.0,
                "Latitude": 44.22510147094727,
                "Longitude": 43.08190155029297,
                "Altitude": 1054,
                "Name": "Mineralnyye Vody Airport",
                "StartLon": 28.751944,
                "StartLat": 41.275278,
                "ORIG_FID": 261,
                "Shape_Length": 14.642239223554196,
                "Country": "Russia"
            }
        },
        {
            "type": "Feature",
            "id": 253,
            "geometry": {
                "type": "LineString",
                "coordinates": [
                    [
                        28.751944000000037,
                        41.27527800000007
                    ],
                    [
                        28.763422900000023,
                        41.27773805800007
                    ],
                    [
                        31.659468538000056,
                        41.85633850700003
                    ],
                    [
                        34.60476109600006,
                        42.360596067000074
                    ],
                    [
                        37.59386948700006,
                        42.788002541000026
                    ],
                    [
                        40.62052056500005,
                        43.13634998100008
                    ],
                    [
                        43.67767978100005,
                        43.40378062700006
                    ],
                    [
                        46.75766619700005,
                        43.588831439000046
                    ],
                    [
                        49.852298749000056,
                        43.690470789000074
                    ],
                    [
                        52.95306797300003,
                        43.70812521600004
                    ],
                    [
                        56.05132504900007,
                        43.64169461300003
                    ],
                    [
                        59.138478330000055,
                        43.49155489800006
                    ],
                    [
                        62.20618679100005,
                        43.25854801100007
                    ],
                    [
                        65.24654013400004,
                        42.94395985300008
                    ],
                    [
                        68.25221659100004,
                        42.54948752900003
                    ],
                    [
                        69.47889709500004,
                        42.36420059200003
                    ]
                ]
            },
            "properties": {
                "OID": 253,
                "Departure_Airport": "IST",
                "Destination_Code": "CIT",
                "Destination_Name": "Shymkent",
                "Airline": "SCAT Airlines",
                "Duration__minutes_": 260,
                "Reverse_Duration__minutes_": 330,
                "Distance__km_": 3364.0,
                "Flights_per_Day": 0.0,
                "Latitude": 42.364200592041016,
                "Longitude": 69.47889709472656,
                "Altitude": 1385,
                "Name": "Shymkent Airport",
                "StartLon": 28.751944,
                "StartLat": 41.275278,
                "ORIG_FID": 262,
                "Shape_Length": 40.966994022179875,
                "Country": "Kazakhstan"
            }
        },
        {
            "type": "Feature",
            "id": 254,
            "geometry": {
                "type": "LineString",
                "coordinates": [
                    [
                        28.751944000000037,
                        41.27527800000007
                    ],
                    [
                        28.740263129000027,
                        41.277126929000076
                    ],
                    [
                        25.800290447000066,
                        41.701794877000054
                    ],
                    [
                        22.824904015000072,
                        42.05029218900006
                    ],
                    [
                        19.82049975900003,
                        42.32085763100008
                    ],
                    [
                        16.794055901000036,
                        42.51208925600008
                    ],
                    [
                        13.753007792000062,
                        42.62297744400007
                    ],
                    [
                        10.705100838000021,
                        42.652929501000074
                    ],
                    [
                        7.658228048000069,
                        42.60178440800007
                    ],
                    [
                        4.620260092000024,
                        42.46981687400006
                    ],
                    [
                        1.5988765080000462,
                        42.257730441000035
                    ],
                    [
                        -1.398593453999979,
                        41.96664004200005
                    ],
                    [
                        -4.365312734999975,
                        41.598045048000074
                    ],
                    [
                        -7.29505506199996,
                        41.15379431100007
                    ],
                    [
                        -10.182296200999929,
                        40.63604507900004
                    ],
                    [
                        -13.022275977999982,
                        40.04721784600008
                    ],
                    [
                        -15.811031283999966,
                        39.38994918600008
                    ],
                    [
                        -18.545402059999958,
                        38.667044514000054
                    ],
                    [
                        -21.22301362299993,
                        37.88143243300004
                    ],
                    [
                        -23.84223954299995,
                        37.036122016000036
                    ],
                    [
                        -26.402149667999936,
                        36.13416401500007
                    ],
                    [
                        -28.902447862999963,
                        35.178616619000024
                    ],
                    [
                        -31.343403661999957,
                        34.17251610500006
                    ],
                    [
                        -33.725781505999976,
                        33.11885240500004
                    ],
                    [
                        -36.050770546999956,
                        32.020549440000025
                    ],
                    [
                        -38.31991732999995,
                        30.880449896000073
                    ],
                    [
                        -40.53506299899993,
                        29.70130404300005
                    ],
                    [
                        -42.69828608199998,
                        28.48576209500004
                    ],
                    [
                        -44.81185146599995,
                        27.236369652000064
                    ],
                    [
                        -46.87816572599996,
                        25.955565728000067
                    ],
                    [
                        -48.899738739999975,
                        24.645682918000034
                    ],
                    [
                        -50.879151278999984,
                        23.308949299000062
                    ],
                    [
                        -52.81902813199997,
                        21.94749169100004
                    ],
                    [
                        -54.72201628299996,
                        20.563339979000034
                    ],
                    [
                        -56.590767563999975,
                        19.15843221600005
                    ],
                    [
                        -58.427925269999946,
                        17.734620304000032
                    ],
                    [
                        -60.236114198999985,
                        16.293676050000045
                    ],
                    [
                        -62.01793363799993,
                        14.837297485000022
                    ],
                    [
                        -63.775952840999935,
                        13.367115305000027
                    ],
                    [
                        -65.51270862199993,
                        11.88469937800005
                    ],
                    [
                        -66.99122199999994,
                        10.60119400000002
                    ]
                ]
            },
            "properties": {
                "OID": 254,
                "Departure_Airport": "IST",
                "Destination_Code": "CCS",
                "Destination_Name": "Caracas",
                "Airline": "Turkish Airlines",
                "Duration__minutes_": 783,
                "Reverse_Duration__minutes_": 715,
                "Distance__km_": 9755.0,
                "Flights_per_Day": 0.0,
                "Latitude": 10.601194,
                "Longitude": -66.991222,
                "Altitude": 234,
                "Name": "Sim\u00f3n Bol\u00edvar International Airport",
                "StartLon": 28.751944,
                "StartLat": 41.275278,
                "ORIG_FID": 263,
                "Shape_Length": 104.22481208429632,
                "Country": "Venezuela"
            }
        },
        {
            "type": "Feature",
            "id": 255,
            "geometry": {
                "type": "LineString",
                "coordinates": [
                    [
                        28.751944000000037,
                        41.27527800000007
                    ],
                    [
                        28.751214351000044,
                        41.28425488200003
                    ],
                    [
                        28.56220533000004,
                        43.52788104500007
                    ],
                    [
                        28.488300323000033,
                        44.36220169100005
                    ]
                ]
            },
            "properties": {
                "OID": 255,
                "Departure_Airport": "IST",
                "Destination_Code": "CND",
                "Destination_Name": "Constanta",
                "Airline": "Turkish Airlines",
                "Duration__minutes_": 75,
                "Reverse_Duration__minutes_": 80,
                "Distance__km_": 346.0,
                "Flights_per_Day": 0.0,
                "Latitude": 44.36220169067383,
                "Longitude": 28.488300323486328,
                "Altitude": 353,
                "Name": "Mihail Kog\u0103lniceanu International Airport",
                "StartLon": 28.751944,
                "StartLat": 41.275278,
                "ORIG_FID": 264,
                "Shape_Length": 3.0981710278343266,
                "Country": "Romania"
            }
        },
        {
            "type": "Feature",
            "id": 256,
            "geometry": {
                "type": "LineString",
                "coordinates": [
                    [
                        28.751944000000037,
                        41.27527800000007
                    ],
                    [
                        28.76377352700007,
                        41.27627164100005
                    ],
                    [
                        31.731306216000064,
                        41.486349260000054
                    ],
                    [
                        32.088600160000055,
                        41.50640106000003
                    ]
                ]
            },
            "properties": {
                "OID": 256,
                "Departure_Airport": "IST",
                "Destination_Code": "ONQ",
                "Destination_Name": "Zonguldak",
                "Airline": "Turkish Airlines",
                "Duration__minutes_": 73,
                "Reverse_Duration__minutes_": 70,
                "Distance__km_": 282.0,
                "Flights_per_Day": 0.0,
                "Latitude": 41.50640106,
                "Longitude": 32.08860016,
                "Altitude": 39,
                "Name": "Zonguldak Airport",
                "StartLon": 28.751944,
                "StartLat": 41.275278,
                "ORIG_FID": 265,
                "Shape_Length": 3.344771364217635,
                "Country": "Turkey"
            }
        },
        {
            "type": "Feature",
            "id": 257,
            "geometry": {
                "type": "LineString",
                "coordinates": [
                    [
                        28.751944000000037,
                        41.27527800000007
                    ],
                    [
                        28.740660435000052,
                        41.27821252800004
                    ],
                    [
                        25.88858598300004,
                        41.976551647000065
                    ],
                    [
                        22.976832281000043,
                        42.602452303000064
                    ],
                    [
                        20.009806482000045,
                        43.15286111200004
                    ],
                    [
                        16.992922844000077,
                        43.624960729000065
                    ],
                    [
                        13.932571497000026,
                        44.01623011600003
                    ],
                    [
                        10.836046959000043,
                        44.324502927000026
                    ],
                    [
                        7.7114352810000355,
                        44.54802110400004
                    ],
                    [
                        4.567461955000056,
                        44.68548073200003
                    ],
                    [
                        1.4133060750000368,
                        44.73606743100004
                    ],
                    [
                        -1.7416104639999617,
                        44.69947906900006
                    ],
                    [
                        -4.887847514999976,
                        44.57593430400004
                    ],
                    [
                        -8.016172257999926,
                        44.36616639500005
                    ],
                    [
                        -11.117773027999931,
                        44.07140269000007
                    ],
                    [
                        -14.184449823999955,
                        43.69333113600004
                    ],
                    [
                        -17.208772289999956,
                        43.23405593100006
                    ],
                    [
                        -20.184199097999965,
                        42.69604497700004
                    ],
                    [
                        -23.10515608999998,
                        42.082072064000045
                    ],
                    [
                        -25.967073778999975,
                        41.39515671700008
                    ],
                    [
                        -28.766387578999968,
                        40.63850438500003
                    ],
                    [
                        -31.500506100999928,
                        39.81544926600003
                    ],
                    [
                        -34.16775402099995,
                        38.92940153500007
                    ],
                    [
                        -36.76729642699996,
                        37.98380020800005
                    ],
                    [
                        -39.299051256999974,
                        36.98207236600007
                    ],
                    [
                        -41.763595789999954,
                        35.927598998000065
                    ],
                    [
                        -44.16207211999995,
                        34.823687379000035
                    ],
                    [
                        -46.496095493999974,
                        33.67354959800008
                    ],
                    [
                        -48.76766832299995,
                        32.480286697000054
                    ],
                    [
                        -50.979101698999955,
                        31.246877769000037
                    ],
                    [
                        -53.13294547299995,
                        29.976173301000074
                    ],
                    [
                        -55.23192727099996,
                        28.67089210000006
                    ],
                    [
                        -57.27890035499996,
                        27.33362112800006
                    ],
                    [
                        -59.276799919999974,
                        25.966817664000075
                    ],
                    [
                        -61.22860715699994,
                        24.572813281000037
                    ],
                    [
                        -63.13732034399993,
                        23.15381917900004
                    ],
                    [
                        -65.00593213099995,
                        21.71193250700003
                    ],
                    [
                        -66.83741223199996,
                        20.24914337200005
                    ],
                    [
                        -68.63469474599998,
                        18.767342276000022
                    ],
                    [
                        -70.40066940299994,
                        17.268327800000066
                    ],
                    [
                        -72.13817609799997,
                        15.75381439000006
                    ],
                    [
                        -73.85000215499997,
                        14.225440121000076
                    ],
                    [
                        -75.53888183799995,
                        12.684774378000043
                    ],
                    [
                        -77.20749767999996,
                        11.133325399000057
                    ],
                    [
                        -78.85848329299995,
                        9.572547645000043
                    ],
                    [
                        -79.38349914999998,
                        9.071359634000032
                    ]
                ]
            },
            "properties": {
                "OID": 257,
                "Departure_Airport": "IST",
                "Destination_Code": "PTY",
                "Destination_Name": "Panama City",
                "Airline": "Turkish Airlines",
                "Duration__minutes_": 843,
                "Reverse_Duration__minutes_": 775,
                "Distance__km_": 10877.0,
                "Flights_per_Day": 0.0,
                "Latitude": 9.071359634,
                "Longitude": -79.38349915,
                "Altitude": 135,
                "Name": "Tocumen International Airport",
                "StartLon": 28.751944,
                "StartLat": 41.275278,
                "ORIG_FID": 266,
                "Shape_Length": 118.48978718242522,
                "Country": "Panama"
            }
        },
        {
            "type": "Feature",
            "id": 258,
            "geometry": {
                "type": "LineString",
                "coordinates": [
                    [
                        28.751944000000037,
                        41.27527800000007
                    ],
                    [
                        28.746632714000043,
                        41.267216087000065
                    ],
                    [
                        27.45816066200007,
                        39.244020686000056
                    ],
                    [
                        26.24192098900005,
                        37.206660585000066
                    ],
                    [
                        25.089572116000056,
                        35.15676231200007
                    ],
                    [
                        23.99379059200004,
                        33.095743354000035
                    ],
                    [
                        22.948119078000047,
                        31.02484723500004
                    ],
                    [
                        21.94683753100003,
                        28.945172333000073
                    ],
                    [
                        20.984853970000074,
                        26.857695634000038
                    ],
                    [
                        20.05761170200003,
                        24.763292427000067
                    ],
                    [
                        19.161010281000074,
                        22.66275268800007
                    ],
                    [
                        18.291337931000044,
                        20.556794800000034
                    ],
                    [
                        17.445213488000036,
                        18.446077097000057
                    ],
                    [
                        16.619536236000044,
                        16.331207638000024
                    ],
                    [
                        15.811442273000068,
                        14.212752547000036
                    ],
                    [
                        15.034000000000049,
                        12.133700000000033
                    ]
                ]
            },
            "properties": {
                "OID": 258,
                "Departure_Airport": "IST",
                "Destination_Code": "NDJ",
                "Destination_Name": "Ndjamena",
                "Airline": "Turkish Airlines",
                "Duration__minutes_": 380,
                "Reverse_Duration__minutes_": 375,
                "Distance__km_": 3520.0,
                "Flights_per_Day": 0.0,
                "Latitude": 12.1337,
                "Longitude": 15.034,
                "Altitude": 968,
                "Name": "N'Djamena International Airport",
                "StartLon": 28.751944,
                "StartLat": 41.275278,
                "ORIG_FID": 267,
                "Shape_Length": 32.27803900692125,
                "Country": "Chad"
            }
        },
        {
            "type": "Feature",
            "id": 259,
            "geometry": {
                "type": "LineString",
                "coordinates": [
                    [
                        28.751944000000037,
                        41.27527800000007
                    ],
                    [
                        28.741168698000024,
                        41.27914571600007
                    ],
                    [
                        26.00749146100003,
                        42.21368375800006
                    ],
                    [
                        23.195015177000073,
                        43.08103355700007
                    ],
                    [
                        20.30543294900008,
                        43.87721969300003
                    ],
                    [
                        17.34161438500007,
                        44.59833300200006
                    ],
                    [
                        14.307698860000073,
                        45.24059900800006
                    ],
                    [
                        11.209153376000074,
                        45.80045342100004
                    ],
                    [
                        8.052783979000026,
                        46.27462218100004
                    ],
                    [
                        4.8466914130000305,
                        46.66020270200005
                    ],
                    [
                        1.600164866000057,
                        46.95474221300003
                    ],
                    [
                        -1.6107300519999512,
                        47.15319824200003
                    ]
                ]
            },
            "properties": {
                "OID": 259,
                "Departure_Airport": "IST",
                "Destination_Code": "NTE",
                "Destination_Name": "Nantes",
                "Airline": "Transavia France",
                "Duration__minutes_": 250,
                "Reverse_Duration__minutes_": 235,
                "Distance__km_": 2502.0,
                "Flights_per_Day": 0.0,
                "Latitude": 47.153198242200006,
                "Longitude": -1.610730052,
                "Altitude": 90,
                "Name": "Nantes Atlantique Airport",
                "StartLon": 28.751944,
                "StartLat": 41.275278,
                "ORIG_FID": 269,
                "Shape_Length": 31.040057362657333,
                "Country": "France"
            }
        },
        {
            "type": "Feature",
            "id": 260,
            "geometry": {
                "type": "LineString",
                "coordinates": [
                    [
                        28.751944000000037,
                        41.27527800000007
                    ],
                    [
                        28.746512881000058,
                        41.26726062100005
                    ],
                    [
                        27.42876238100007,
                        39.25486500200003
                    ],
                    [
                        26.184541643000045,
                        37.22768849800008
                    ],
                    [
                        25.005420925000067,
                        35.18742457400003
                    ],
                    [
                        23.88398753000007,
                        33.13555012100005
                    ],
                    [
                        22.813696391000065,
                        31.073361478000038
                    ],
                    [
                        21.788742831000036,
                        29.002004081000052
                    ],
                    [
                        20.803954237000028,
                        26.92249697400007
                    ],
                    [
                        19.854697713000064,
                        24.835753157000056
                    ],
                    [
                        18.936801181000078,
                        22.74259655700007
                    ],
                    [
                        18.046485740000037,
                        20.643776252000066
                    ],
                    [
                        17.180307421000066,
                        18.539978462000022
                    ],
                    [
                        16.335106766000024,
                        16.431836711000074
                    ],
                    [
                        15.507964903000072,
                        14.319940510000038
                    ],
                    [
                        14.696164975000045,
                        12.204842825000071
                    ],
                    [
                        13.897157983000056,
                        10.087066566000033
                    ],
                    [
                        13.108532208000042,
                        7.967110281000032
                    ],
                    [
                        12.327985514000034,
                        5.845453224000039
                    ],
                    [
                        11.553299904000028,
                        3.722559929000056
                    ]
                ]
            },
            "properties": {
                "OID": 260,
                "Departure_Airport": "IST",
                "Destination_Code": "NSI",
                "Destination_Name": "Yaounde",
                "Airline": "Turkish Airlines",
                "Duration__minutes_": 425,
                "Reverse_Duration__minutes_": 445,
                "Distance__km_": 4539.0,
                "Flights_per_Day": 0.0,
                "Latitude": 3.722559928894043,
                "Longitude": 11.553299903869627,
                "Altitude": 2278,
                "Name": "Yaound\u00e9 Nsimalen International Airport",
                "StartLon": 28.751944,
                "StartLat": 41.275278,
                "ORIG_FID": 270,
                "Shape_Length": 41.40817546427157,
                "Country": "Cameroon"
            }
        },
        {
            "type": "Feature",
            "id": 261,
            "geometry": {
                "type": "LineString",
                "coordinates": [
                    [
                        28.751944000000037,
                        41.27527800000007
                    ],
                    [
                        28.74319918900005,
                        41.281404904000055
                    ],
                    [
                        26.50441597500003,
                        42.79137359300006
                    ],
                    [
                        24.15583667800007,
                        44.255029928000056
                    ],
                    [
                        21.689932843000065,
                        45.66761158400004
                    ],
                    [
                        19.09939574200007,
                        47.02392320400003
                    ],
                    [
                        16.37740258100007,
                        48.31832812000005
                    ],
                    [
                        13.517955183000026,
                        49.54475501600007
                    ],
                    [
                        10.516295005000075,
                        50.69672510800007
                    ],
                    [
                        7.369390965000036,
                        51.76740601900008
                    ],
                    [
                        4.076485149000064,
                        52.749698573000046
                    ],
                    [
                        0.6396661370000629,
                        53.63636183800003
                    ],
                    [
                        -2.9355786629999443,
                        54.420179516000076
                    ],
                    [
                        -6.639898520999964,
                        55.09416691300004
                    ],
                    [
                        -10.459783095999967,
                        55.651812230000075
                    ],
                    [
                        -14.377517058999956,
                        56.08733927700007
                    ],
                    [
                        -18.37145354499995,
                        56.39597201500004
                    ],
                    [
                        -22.416639651999958,
                        56.57417628500008
                    ],
                    [
                        -26.485775471999943,
                        56.61985234700006
                    ],
                    [
                        -30.550429647999977,
                        56.53245485800005
                    ],
                    [
                        -34.582384237999975,
                        56.313024719000055
                    ],
                    [
                        -38.55495492199998,
                        55.96412853800007
                    ],
                    [
                        -42.44413772199994,
                        55.48971374300004
                    ],
                    [
                        -46.229468922999956,
                        54.89489785100005
                    ],
                    [
                        -49.894539391999956,
                        54.18571674100008
                    ],
                    [
                        -53.42716237899998,
                        53.36885821200008
                    ],
                    [
                        -56.81924099099996,
                        52.45140419100005
                    ],
                    [
                        -60.06641004599999,
                        51.44059914300004
                    ],
                    [
                        -63.16753583499997,
                        50.34365545600008
                    ],
                    [
                        -66.12415081499995,
                        49.16760015300008
                    ],
                    [
                        -68.93988462399994,
                        47.91916232600005
                    ],
                    [
                        -71.61993407099999,
                        46.60469730700004
                    ],
                    [
                        -73.74079894999994,
                        45.47060013000004
                    ]
                ]
            },
            "properties": {
                "OID": 261,
                "Departure_Airport": "IST",
                "Destination_Code": "YUL",
                "Destination_Name": "Montreal",
                "Airline": "Turkish Airlines",
                "Duration__minutes_": 630,
                "Reverse_Duration__minutes_": 580,
                "Distance__km_": 7728.0,
                "Flights_per_Day": 0.0,
                "Latitude": 45.47060013,
                "Longitude": -73.74079895,
                "Altitude": 118,
                "Name": "Montreal / Pierre Elliott Trudeau International Airport",
                "StartLon": 28.751944,
                "StartLat": 41.275278,
                "ORIG_FID": 271,
                "Shape_Length": 107.30870548344286,
                "Country": "Canada"
            }
        },
        {
            "type": "Feature",
            "id": 262,
            "geometry": {
                "type": "LineString",
                "coordinates": [
                    [
                        28.751944000000037,
                        41.27527800000007
                    ],
                    [
                        28.740025493000076,
                        41.27483568500003
                    ],
                    [
                        25.76660124600005,
                        41.12565305600003
                    ],
                    [
                        22.810035725000034,
                        40.90012971800007
                    ],
                    [
                        19.876801449000027,
                        40.599373290000074
                    ],
                    [
                        16.97292305700006,
                        40.22483070700008
                    ],
                    [
                        14.103881385000022,
                        39.77825712400005
                    ],
                    [
                        11.27454001700005,
                        39.261679969000056
                    ],
                    [
                        8.48909554100004,
                        38.67735980500004
                    ],
                    [
                        5.751051209000025,
                        38.027749664000055
                    ],
                    [
                        3.0632123500000716,
                        37.31545437300008
                    ],
                    [
                        0.427700901000037,
                        36.543191224000054
                    ],
                    [
                        -2.1540142409999703,
                        35.71375306700003
                    ],
                    [
                        -4.681074636999938,
                        34.829974624000045
                    ],
                    [
                        -6.751519999999971,
                        34.05149800000004
                    ]
                ]
            },
            "properties": {
                "OID": 262,
                "Departure_Airport": "IST",
                "Destination_Code": "RBA",
                "Destination_Name": "Rabat",
                "Airline": "Air Arabia Maroc",
                "Duration__minutes_": 298,
                "Reverse_Duration__minutes_": 345,
                "Distance__km_": 3218.0,
                "Flights_per_Day": 0.0,
                "Latitude": 34.051498,
                "Longitude": -6.75152,
                "Altitude": 276,
                "Name": "Rabat-Sal\u00e9 Airport",
                "StartLon": 28.751944,
                "StartLat": 41.275278,
                "ORIG_FID": 273,
                "Shape_Length": 36.39935234248356,
                "Country": "Morocco"
            }
        },
        {
            "type": "Feature",
            "id": 263,
            "geometry": {
                "type": "LineString",
                "coordinates": [
                    [
                        28.751944000000037,
                        41.27527800000007
                    ],
                    [
                        28.762551793000057,
                        41.27940118300006
                    ],
                    [
                        31.456469437000067,
                        42.27874673200006
                    ],
                    [
                        34.23398547600004,
                        43.21266568900006
                    ],
                    [
                        37.09429498000003,
                        44.07697511100008
                    ],
                    [
                        40.03541654300005,
                        44.867503914000054
                    ],
                    [
                        43.05406250200008,
                        45.580159955000056
                    ],
                    [
                        46.14553850200008,
                        46.211006714000064
                    ],
                    [
                        49.30368577400003,
                        46.75634759500008
                    ],
                    [
                        51.82139969000008,
                        47.12189865100004
                    ]
                ]
            },
            "properties": {
                "OID": 263,
                "Departure_Airport": "IST",
                "Destination_Code": "GUW",
                "Destination_Name": "Atyrau",
                "Airline": "Air Astana",
                "Duration__minutes_": 205,
                "Reverse_Duration__minutes_": 245,
                "Distance__km_": 1953.0,
                "Flights_per_Day": 0.0,
                "Latitude": 47.12189865112305,
                "Longitude": 51.82139969,
                "Altitude": -72,
                "Name": "Atyrau Airport",
                "StartLon": 28.751944,
                "StartLat": 41.275278,
                "ORIG_FID": 274,
                "Shape_Length": 23.855268936692536,
                "Country": "Kazakhstan"
            }
        },
        {
            "type": "Feature",
            "id": 264,
            "geometry": {
                "type": "LineString",
                "coordinates": [
                    [
                        28.751944000000037,
                        41.27527800000007
                    ],
                    [
                        28.740852862000054,
                        41.271952430000056
                    ],
                    [
                        26.00365228000004,
                        40.407584204000045
                    ],
                    [
                        23.33807575900005,
                        39.479958055000054
                    ],
                    [
                        20.74458286400005,
                        38.49270894700004
                    ],
                    [
                        18.22285627800005,
                        37.44943456500005
                    ],
                    [
                        15.771910429000059,
                        36.35366146700005
                    ],
                    [
                        13.390198342000076,
                        35.208818507000046
                    ],
                    [
                        11.075712848000023,
                        34.01821696400003
                    ],
                    [
                        8.826079546000074,
                        32.78503661000008
                    ],
                    [
                        6.638639982000029,
                        31.51231692600004
                    ],
                    [
                        4.5105243650000375,
                        30.202952625000023
                    ],
                    [
                        2.4387138010000626,
                        28.859692704000054
                    ],
                    [
                        0.42009248400006527,
                        27.485142304000078
                    ],
                    [
                        -1.5485094149999554,
                        26.08176675900006
                    ],
                    [
                        -3.4702812609999683,
                        24.65189726400007
                    ],
                    [
                        -5.348404893999941,
                        23.197737733000054
                    ],
                    [
                        -7.186033994999946,
                        21.721372451000036
                    ],
                    [
                        -8.986278974999948,
                        20.224774246000038
                    ],
                    [
                        -10.752196503999926,
                        18.709812923000072
                    ],
                    [
                        -12.486782908999942,
                        17.178263800000025
                    ],
                    [
                        -14.192970771999967,
                        15.631816211000057
                    ],
                    [
                        -15.873628141999973,
                        14.072081876000027
                    ],
                    [
                        -16.65220069999998,
                        13.338000298000054
                    ]
                ]
            },
            "properties": {
                "OID": 264,
                "Departure_Airport": "IST",
                "Destination_Code": "BJL",
                "Destination_Name": "Banjul",
                "Airline": "Turkish Airlines",
                "Duration__minutes_": 470,
                "Reverse_Duration__minutes_": 425,
                "Distance__km_": 5395.0,
                "Flights_per_Day": 0.0,
                "Latitude": 13.338000297546388,
                "Longitude": -16.6522007,
                "Altitude": 95,
                "Name": "Banjul International Airport",
                "StartLon": 28.751944,
                "StartLat": 41.275278,
                "ORIG_FID": 276,
                "Shape_Length": 53.83885278532885,
                "Country": "Gambia"
            }
        },
        {
            "type": "Feature",
            "id": 265,
            "geometry": {
                "type": "LineString",
                "coordinates": [
                    [
                        28.751944000000037,
                        41.27527800000007
                    ],
                    [
                        28.75039727500007,
                        41.28419429300004
                    ],
                    [
                        28.349833715000045,
                        43.512146468000026
                    ],
                    [
                        27.918675884000038,
                        45.737718020000045
                    ],
                    [
                        27.620599750000054,
                        47.17850112900004
                    ]
                ]
            },
            "properties": {
                "OID": 265,
                "Departure_Airport": "IST",
                "Destination_Code": "IAS",
                "Destination_Name": "Iasi",
                "Airline": "Wizz Air Malta",
                "Duration__minutes_": 100,
                "Reverse_Duration__minutes_": 165,
                "Distance__km_": 668.0,
                "Flights_per_Day": 0.0,
                "Latitude": 47.17850112915039,
                "Longitude": 27.62059975,
                "Altitude": 397,
                "Name": "Ia\u015fi Airport",
                "StartLon": 28.751944,
                "StartLat": 41.275278,
                "ORIG_FID": 277,
                "Shape_Length": 6.011009937972669,
                "Country": "Romania"
            }
        },
        {
            "type": "Feature",
            "id": 266,
            "geometry": {
                "type": "LineString",
                "coordinates": [
                    [
                        28.751944000000037,
                        41.27527800000007
                    ],
                    [
                        28.74227244000008,
                        41.280549904000054
                    ],
                    [
                        26.274784356000055,
                        42.57213894900008
                    ],
                    [
                        23.70562849600003,
                        43.808108365000066
                    ],
                    [
                        21.031009708000056,
                        44.98367897800006
                    ],
                    [
                        18.24798452600004,
                        46.09381911100007
                    ],
                    [
                        15.354724041000054,
                        47.13328213500006
                    ],
                    [
                        12.350799788000074,
                        48.09666162800005
                    ],
                    [
                        9.237479069000074,
                        48.97846633900008
                    ],
                    [
                        6.018009670000026,
                        49.773216226000045
                    ],
                    [
                        2.6978675160000307,
                        50.475559247000035
                    ],
                    [
                        -0.7150641159999509,
                        51.08040653200004
                    ],
                    [
                        -2.7190899999999374,
                        51.38270200000005
                    ]
                ]
            },
            "properties": {
                "OID": 266,
                "Departure_Airport": "IST",
                "Destination_Code": "BRS",
                "Destination_Name": "Bristol",
                "Airline": "easyJet",
                "Duration__minutes_": 250,
                "Reverse_Duration__minutes_": 225,
                "Distance__km_": 2652.0,
                "Flights_per_Day": 0.0,
                "Latitude": 51.382702,
                "Longitude": -2.71909,
                "Altitude": 622,
                "Name": "Bristol Airport",
                "StartLon": 28.751944,
                "StartLat": 41.275278,
                "ORIG_FID": 278,
                "Shape_Length": 33.23374142125508,
                "Country": "United Kingdom"
            }
        },
        {
            "type": "Feature",
            "id": 267,
            "geometry": {
                "type": "LineString",
                "coordinates": [
                    [
                        28.751944000000037,
                        41.27527800000007
                    ],
                    [
                        28.763524351000058,
                        41.27745031400008
                    ],
                    [
                        31.681877263000047,
                        41.78353493700007
                    ],
                    [
                        34.643006213000035,
                        42.21433522700005
                    ],
                    [
                        37.640976744000056,
                        42.56768978500003
                    ],
                    [
                        40.669129515000066,
                        42.84176859200005
                    ],
                    [
                        43.72018474200007,
                        43.03511536500008
                    ],
                    [
                        46.78637560900006,
                        43.14668285800008
                    ],
                    [
                        49.85960565800008,
                        43.17585911800006
                    ],
                    [
                        52.93162299100004,
                        43.12248317700005
                    ],
                    [
                        55.99420259000004,
                        42.98684922000007
                    ],
                    [
                        59.03932721000007,
                        42.769698979000054
                    ],
                    [
                        62.05935750800006,
                        42.47220281700004
                    ],
                    [
                        65.04718305100005,
                        42.09593063400007
                    ],
                    [
                        67.99634764200005,
                        41.64281428400005
                    ],
                    [
                        70.90114466200004,
                        41.11510355100006
                    ],
                    [
                        71.55670166000004,
                        40.984600070000056
                    ]
                ]
            },
            "properties": {
                "OID": 267,
                "Departure_Airport": "IST",
                "Destination_Code": "NMA",
                "Destination_Name": "Namangan",
                "Airline": "Taban Airlines",
                "Duration__minutes_": 290,
                "Reverse_Duration__minutes_": 330,
                "Distance__km_": 3567.0,
                "Flights_per_Day": 0.0,
                "Latitude": 40.98460007,
                "Longitude": 71.55670166,
                "Altitude": 1555,
                "Name": "Namangan Airport",
                "StartLon": 28.751944,
                "StartLat": 41.275278,
                "ORIG_FID": 279,
                "Shape_Length": 43.06683105188571,
                "Country": "Uzbekistan"
            }
        },
        {
            "type": "Feature",
            "id": 268,
            "geometry": {
                "type": "LineString",
                "coordinates": [
                    [
                        28.751944000000037,
                        41.27527800000007
                    ],
                    [
                        28.763847938000026,
                        41.275914757000066
                    ],
                    [
                        31.745934098000077,
                        41.39636659300004
                    ],
                    [
                        34.73549448500006,
                        41.43931140300003
                    ],
                    [
                        37.72542943600007,
                        41.40453194500003
                    ],
                    [
                        40.708631669000056,
                        41.29220421200006
                    ],
                    [
                        43.67813030000008,
                        41.10289330900008
                    ],
                    [
                        46.627228399000046,
                        40.83754032400003
                    ],
                    [
                        49.549627815000065,
                        40.49744093400005
                    ],
                    [
                        52.43953611300003,
                        40.08421688000004
                    ],
                    [
                        55.29175190600006,
                        39.59978176800007
                    ],
                    [
                        58.10172652300008,
                        39.046302843000035
                    ],
                    [
                        60.865601619000074,
                        38.42616043400005
                    ],
                    [
                        63.58022378000004,
                        37.74190668800003
                    ],
                    [
                        66.24313839900003,
                        36.99622506500003
                    ],
                    [
                        67.20970153800005,
                        36.706901550000055
                    ]
                ]
            },
            "properties": {
                "OID": 268,
                "Departure_Airport": "IST",
                "Destination_Code": "MZR",
                "Destination_Name": "Mazar-I-Sharif",
                "Airline": "Kam Air",
                "Duration__minutes_": 275,
                "Reverse_Duration__minutes_": 330,
                "Distance__km_": 3353.0,
                "Flights_per_Day": 0.0,
                "Latitude": 36.70690155029297,
                "Longitude": 67.20970153808594,
                "Altitude": 1284,
                "Name": "Mazar I Sharif Airport",
                "StartLon": 28.751944,
                "StartLat": 41.275278,
                "ORIG_FID": 280,
                "Shape_Length": 38.9242427679452,
                "Country": "Afghanistan"
            }
        },
        {
            "type": "Feature",
            "id": 269,
            "geometry": {
                "type": "LineString",
                "coordinates": [
                    [
                        28.751944000000037,
                        41.27527800000007
                    ],
                    [
                        28.74312470900003,
                        41.26921142100008
                    ],
                    [
                        26.58831173200008,
                        39.731853055000045
                    ],
                    [
                        24.528301271000032,
                        38.155834182000035
                    ],
                    [
                        22.55604048500004,
                        36.54478553800004
                    ],
                    [
                        20.66474425100006,
                        34.90200938100003
                    ],
                    [
                        18.847940378000033,
                        33.23050866400007
                    ],
                    [
                        17.099493593000034,
                        31.533015615000068
                    ],
                    [
                        15.413613779000059,
                        29.81201904900007
                    ],
                    [
                        13.784852798000031,
                        28.069789996000054
                    ],
                    [
                        12.208093328000075,
                        26.30840544600005
                    ],
                    [
                        10.67853228000007,
                        24.529770153000072
                    ],
                    [
                        9.191660754000054,
                        22.735636507000038
                    ],
                    [
                        7.743241961000024,
                        20.927622589000066
                    ],
                    [
                        6.3292881340000235,
                        19.107228513000052
                    ],
                    [
                        4.946037142000023,
                        17.275851215000046
                    ],
                    [
                        3.5899292980000723,
                        15.43479784300007
                    ],
                    [
                        2.2575846560000628,
                        13.585297893000075
                    ],
                    [
                        2.1836100000000442,
                        13.48150000000004
                    ]
                ]
            },
            "properties": {
                "OID": 269,
                "Departure_Airport": "IST",
                "Destination_Code": "NIM",
                "Destination_Name": "Niamey",
                "Airline": "Turkish Airlines",
                "Duration__minutes_": 375,
                "Reverse_Duration__minutes_": 365,
                "Distance__km_": 4039.0,
                "Flights_per_Day": 0.0,
                "Latitude": 13.4815,
                "Longitude": 2.18361,
                "Altitude": 732,
                "Name": "Diori Hamani International Airport",
                "StartLon": 28.751944,
                "StartLat": 41.275278,
                "ORIG_FID": 281,
                "Shape_Length": 38.654187555388575,
                "Country": "Niger"
            }
        },
        {
            "type": "Feature",
            "id": 270,
            "geometry": {
                "type": "LineString",
                "coordinates": [
                    [
                        28.751944000000037,
                        41.27527800000007
                    ],
                    [
                        28.762123521000035,
                        41.27058025000008
                    ],
                    [
                        31.26168543500006,
                        40.06849638700004
                    ],
                    [
                        33.673059169000055,
                        38.81411356700005
                    ],
                    [
                        35.99973950400005,
                        37.511421410000025
                    ],
                    [
                        38.245599508000055,
                        36.16418626500007
                    ],
                    [
                        40.41476606500004,
                        34.775947690000066
                    ],
                    [
                        42.511517181000045,
                        33.35002059100003
                    ],
                    [
                        44.40431700000005,
                        31.98985300000004
                    ]
                ]
            },
            "properties": {
                "OID": 270,
                "Departure_Airport": "IST",
                "Destination_Code": "NJF",
                "Destination_Name": "Al-Najaf",
                "Airline": "Iraqi Airways",
                "Duration__minutes_": 185,
                "Reverse_Duration__minutes_": 210,
                "Distance__km_": 1741.0,
                "Flights_per_Day": 0.0,
                "Latitude": 31.989853,
                "Longitude": 44.404317,
                "Altitude": 103,
                "Name": "Al Najaf International Airport",
                "StartLon": 28.751944,
                "StartLat": 41.275278,
                "ORIG_FID": 282,
                "Shape_Length": 18.230932396444892,
                "Country": "Iraq"
            }
        },
        {
            "type": "Feature",
            "id": 271,
            "geometry": {
                "type": "LineString",
                "coordinates": [
                    [
                        28.751944000000037,
                        41.27527800000007
                    ],
                    [
                        28.76367121900006,
                        41.273620798000024
                    ],
                    [
                        31.67594333200003,
                        40.82217622200005
                    ],
                    [
                        34.54587923400004,
                        40.29822417400004
                    ],
                    [
                        37.36891613300003,
                        39.70416996800003
                    ],
                    [
                        40.141266038000026,
                        39.04262537200003
                    ],
                    [
                        42.859919201000025,
                        38.316362956000035
                    ],
                    [
                        45.068698880000056,
                        37.66809845000006
                    ]
                ]
            },
            "properties": {
                "OID": 271,
                "Departure_Airport": "IST",
                "Destination_Code": "OMH",
                "Destination_Name": "Nazluy-ye Jonubi",
                "Airline": "ATA Airlines",
                "Duration__minutes_": 145,
                "Reverse_Duration__minutes_": 150,
                "Distance__km_": 1463.0,
                "Flights_per_Day": 0.0,
                "Latitude": 37.66809845,
                "Longitude": 45.06869888,
                "Altitude": 4343,
                "Name": "Urmia Airport",
                "StartLon": 28.751944,
                "StartLat": 41.275278,
                "ORIG_FID": 283,
                "Shape_Length": 16.72773320640804,
                "Country": "Iran"
            }
        },
        {
            "type": "Feature",
            "id": 272,
            "geometry": {
                "type": "LineString",
                "coordinates": [
                    [
                        28.751944000000037,
                        41.27527800000007
                    ],
                    [
                        28.755693880000024,
                        41.28382455700006
                    ],
                    [
                        29.725320947000057,
                        43.41604535300007
                    ],
                    [
                        30.76532915100006,
                        45.53865369300007
                    ],
                    [
                        31.88647251900005,
                        47.650266599000076
                    ],
                    [
                        33.10153907600005,
                        49.74922924700007
                    ],
                    [
                        34.42583858200004,
                        51.83354299400003
                    ],
                    [
                        35.877823542000044,
                        53.90077104900007
                    ],
                    [
                        36.36666870000005,
                        54.549999240000034
                    ]
                ]
            },
            "properties": {
                "OID": 272,
                "Departure_Airport": "IST",
                "Destination_Code": "KLF",
                "Destination_Name": "Kaluga",
                "Airline": "Red Wings",
                "Duration__minutes_": 275,
                "Reverse_Duration__minutes_": 315,
                "Distance__km_": 1582.0,
                "Flights_per_Day": 0.0,
                "Latitude": 54.54999924,
                "Longitude": 36.3666687,
                "Altitude": 656,
                "Name": "Grabtsevo Airport",
                "StartLon": 28.751944,
                "StartLat": 41.275278,
                "ORIG_FID": 284,
                "Shape_Length": 15.3406744330451,
                "Country": "Russia"
            }
        },
        {
            "type": "Feature",
            "id": 273,
            "geometry": {
                "type": "LineString",
                "coordinates": [
                    [
                        28.751944000000037,
                        41.27527800000007
                    ],
                    [
                        28.761824924000052,
                        41.28032556200003
                    ],
                    [
                        31.280451579000044,
                        42.51472824800004
                    ],
                    [
                        33.89776806400005,
                        43.69133967700003
                    ],
                    [
                        36.61660934900004,
                        44.805446440000026
                    ],
                    [
                        39.43884913000005,
                        45.85213478400004
                    ],
                    [
                        42.365155223000045,
                        46.82633706800004
                    ],
                    [
                        45.39473482400007,
                        47.72289502500007
                    ],
                    [
                        48.52508506400005,
                        48.53664103600005
                    ],
                    [
                        51.75176940100005,
                        49.26249749700003
                    ],
                    [
                        55.06824471700003,
                        49.89559270400008
                    ],
                    [
                        57.20669900000007,
                        50.24580000000003
                    ]
                ]
            },
            "properties": {
                "OID": 273,
                "Departure_Airport": "IST",
                "Destination_Code": "AKX",
                "Destination_Name": "Aktobe",
                "Airline": "SCAT Airlines",
                "Duration__minutes_": 220,
                "Reverse_Duration__minutes_": 255,
                "Distance__km_": 2418.0,
                "Flights_per_Day": 0.0,
                "Latitude": 50.2458,
                "Longitude": 57.206699,
                "Altitude": 738,
                "Name": "Aktobe Airport",
                "StartLon": 28.751944,
                "StartLat": 41.275278,
                "ORIG_FID": 285,
                "Shape_Length": 29.96391220412219,
                "Country": "Kazakhstan"
            }
        },
        {
            "type": "Feature",
            "id": 274,
            "geometry": {
                "type": "LineString",
                "coordinates": [
                    [
                        28.751944000000037,
                        41.27527800000007
                    ],
                    [
                        28.741061117000072,
                        41.27897278800003
                    ],
                    [
                        25.98198631500003,
                        42.16966919400005
                    ],
                    [
                        23.14747371900006,
                        42.99204754600004
                    ],
                    [
                        21.853701000000058,
                        43.33729900000003
                    ]
                ]
            },
            "properties": {
                "OID": 274,
                "Departure_Airport": "IST",
                "Destination_Code": "INI",
                "Destination_Name": "Nis",
                "Airline": "Air Serbia",
                "Duration__minutes_": 90,
                "Reverse_Duration__minutes_": 90,
                "Distance__km_": 615.0,
                "Flights_per_Day": 0.0,
                "Latitude": 43.337299,
                "Longitude": 21.853701,
                "Altitude": 648,
                "Name": "Nis Airport",
                "StartLon": 28.751944,
                "StartLat": 41.275278,
                "ORIG_FID": 286,
                "Shape_Length": 7.201450041085542,
                "Country": "Serbia"
            }
        },
        {
            "type": "Feature",
            "id": 275,
            "geometry": {
                "type": "LineString",
                "coordinates": [
                    [
                        28.751944000000037,
                        41.27527800000007
                    ],
                    [
                        28.75294222900004,
                        41.26630665700003
                    ],
                    [
                        28.99432764900007,
                        39.02277366800007
                    ],
                    [
                        29.22091060100007,
                        36.777906450000046
                    ],
                    [
                        29.434643407000067,
                        34.53178299900003
                    ],
                    [
                        29.637189600000056,
                        32.28447749000003
                    ],
                    [
                        29.82997866100004,
                        30.036061887000074
                    ],
                    [
                        30.01424913200003,
                        27.786607149000076
                    ],
                    [
                        30.191082911000024,
                        25.536184130000038
                    ],
                    [
                        30.36143282000006,
                        23.284864226000025
                    ],
                    [
                        30.526144982000062,
                        21.032719831000065
                    ],
                    [
                        30.685977164000064,
                        18.779824639000026
                    ],
                    [
                        30.84161397400004,
                        16.52625381400003
                    ],
                    [
                        30.993679591000046,
                        14.272084061000044
                    ],
                    [
                        31.142748554000036,
                        12.017393605000052
                    ],
                    [
                        31.28935501600006,
                        9.762262108000073
                    ],
                    [
                        31.43400082000005,
                        7.506770528000061
                    ],
                    [
                        31.57716264100003,
                        5.251000930000032
                    ],
                    [
                        31.60110092000008,
                        4.872010231000047
                    ]
                ]
            },
            "properties": {
                "OID": 275,
                "Departure_Airport": "IST",
                "Destination_Code": "JUB",
                "Destination_Name": "Juba",
                "Airline": "Turkish Airlines",
                "Duration__minutes_": 388,
                "Reverse_Duration__minutes_": 420,
                "Distance__km_": 4077.0,
                "Flights_per_Day": 0.0,
                "Latitude": 4.872010231,
                "Longitude": 31.60110092,
                "Altitude": 1513,
                "Name": "Juba International Airport",
                "StartLon": 28.751944,
                "StartLat": 41.275278,
                "ORIG_FID": 287,
                "Shape_Length": 36.517887884150575,
                "Country": "South Sudan"
            }
        },
        {
            "type": "Feature",
            "id": 276,
            "geometry": {
                "type": "LineString",
                "coordinates": [
                    [
                        28.751944000000037,
                        41.27527800000007
                    ],
                    [
                        28.740138461000072,
                        41.273955846000035
                    ],
                    [
                        25.804710966000073,
                        40.90571308400007
                    ],
                    [
                        22.904883133000055,
                        40.46360752100003
                    ],
                    [
                        20.04586028800003,
                        39.94971577000007
                    ],
                    [
                        17.23213755200004,
                        39.36636370300005
                    ],
                    [
                        14.46746925900004,
                        38.71608280300006
                    ],
                    [
                        11.754862657000047,
                        38.00156640400007
                    ],
                    [
                        9.096592956000052,
                        37.22562732000006
                    ],
                    [
                        7.809174000000041,
                        36.822201000000064
                    ]
                ]
            },
            "properties": {
                "OID": 276,
                "Departure_Airport": "IST",
                "Destination_Code": "AAE",
                "Destination_Name": "Annaba",
                "Airline": "Air Algerie",
                "Duration__minutes_": 180,
                "Reverse_Duration__minutes_": 165,
                "Distance__km_": 1878.0,
                "Flights_per_Day": 0.0,
                "Latitude": 36.822201,
                "Longitude": 7.809174,
                "Altitude": 16,
                "Name": "Rabah Bitat Airport",
                "StartLon": 28.751944,
                "StartLat": 41.275278,
                "ORIG_FID": 289,
                "Shape_Length": 21.44624401531373,
                "Country": "Algeria"
            }
        },
        {
            "type": "Feature",
            "id": 277,
            "geometry": {
                "type": "LineString",
                "coordinates": [
                    [
                        28.751944000000037,
                        41.27527800000007
                    ],
                    [
                        28.75710201100003,
                        41.26716108200003
                    ],
                    [
                        30.008147094000037,
                        39.23063040300008
                    ],
                    [
                        31.188655307000033,
                        37.18070190200007
                    ],
                    [
                        32.30684524000003,
                        35.118917776000046
                    ],
                    [
                        33.369918237000036,
                        33.046620862000054
                    ],
                    [
                        34.38421322700003,
                        30.964988464000044
                    ],
                    [
                        35.01810073900003,
                        29.611600876000068
                    ]
                ]
            },
            "properties": {
                "OID": 277,
                "Departure_Airport": "IST",
                "Destination_Code": "AQJ",
                "Destination_Name": "Aqaba",
                "Airline": "Turkish Airlines",
                "Duration__minutes_": 175,
                "Reverse_Duration__minutes_": 185,
                "Distance__km_": 1419.0,
                "Flights_per_Day": 0.0,
                "Latitude": 29.61160087585449,
                "Longitude": 35.01810073852539,
                "Altitude": 175,
                "Name": "Aqaba King Hussein International Airport",
                "StartLon": 28.751944,
                "StartLat": 41.275278,
                "ORIG_FID": 290,
                "Shape_Length": 13.25019588665409,
                "Country": "Jordan"
            }
        },
        {
            "type": "Feature",
            "id": 278,
            "geometry": {
                "type": "LineString",
                "coordinates": [
                    [
                        28.751944000000037,
                        41.27527800000007
                    ],
                    [
                        28.740043886000024,
                        41.27459044200003
                    ],
                    [
                        25.773977631000037,
                        41.064265773000045
                    ],
                    [
                        22.830124156000068,
                        40.77813410600004
                    ],
                    [
                        19.914668466000023,
                        40.417586379000056
                    ],
                    [
                        17.033262355000033,
                        39.98433151000006
                    ],
                    [
                        14.190945144000068,
                        39.48036079600007
                    ],
                    [
                        11.392088458000046,
                        38.907908736000024
                    ],
                    [
                        8.640365048000035,
                        38.26941197600007
                    ],
                    [
                        5.938740175000021,
                        37.56746797000005
                    ],
                    [
                        3.289483050000058,
                        36.80479477100005
                    ],
                    [
                        0.6941950440000255,
                        35.98419310500003
                    ],
                    [
                        -1.8461489739999593,
                        35.10851159400005
                    ],
                    [
                        -4.331149828999969,
                        34.180615733000025
                    ],
                    [
                        -4.9779601099999695,
                        33.92729950000006
                    ]
                ]
            },
            "properties": {
                "OID": 278,
                "Departure_Airport": "IST",
                "Destination_Code": "FEZ",
                "Destination_Name": "Fes",
                "Airline": "Air Arabia Maroc",
                "Duration__minutes_": 280,
                "Reverse_Duration__minutes_": 330,
                "Distance__km_": 3075.0,
                "Flights_per_Day": 0.0,
                "Latitude": 33.9272995,
                "Longitude": -4.97796011,
                "Altitude": 1900,
                "Name": "Sa\u00efss Airport",
                "StartLon": 28.751944,
                "StartLat": 41.275278,
                "ORIG_FID": 291,
                "Shape_Length": 34.66823985501636,
                "Country": "Morocco"
            }
        },
        {
            "type": "Feature",
            "id": 279,
            "geometry": {
                "type": "LineString",
                "coordinates": [
                    [
                        28.751944000000037,
                        41.27527800000007
                    ],
                    [
                        28.757568439000067,
                        41.283216303000074
                    ],
                    [
                        30.208239950000063,
                        43.25843875400005
                    ],
                    [
                        31.755340098000033,
                        45.21336261000005
                    ],
                    [
                        33.41156595900003,
                        47.14518478700006
                    ],
                    [
                        35.19145210200003,
                        49.05062411500006
                    ],
                    [
                        37.111638725000034,
                        50.92582198400004
                    ],
                    [
                        39.19115080200004,
                        52.76622204800003
                    ],
                    [
                        41.451665899000034,
                        54.566425681000055
                    ],
                    [
                        43.784000400000025,
                        56.23009872000006
                    ]
                ]
            },
            "properties": {
                "OID": 279,
                "Departure_Airport": "IST",
                "Destination_Code": "GOJ",
                "Destination_Name": "Nizhniy Novgorod",
                "Airline": "Red Wings",
                "Duration__minutes_": 270,
                "Reverse_Duration__minutes_": 300,
                "Distance__km_": 1997.0,
                "Flights_per_Day": 0.0,
                "Latitude": 56.23009872,
                "Longitude": 43.7840004,
                "Altitude": 256,
                "Name": "Nizhny Novgorod Strigino International Airport",
                "StartLon": 28.751944,
                "StartLat": 41.275278,
                "ORIG_FID": 293,
                "Shape_Length": 21.322905522844557,
                "Country": "Russia"
            }
        },
        {
            "type": "Feature",
            "id": 280,
            "geometry": {
                "type": "LineString",
                "coordinates": [
                    [
                        28.751944000000037,
                        41.27527800000007
                    ],
                    [
                        28.747929619000047,
                        41.26679859500007
                    ],
                    [
                        27.775513144000058,
                        39.14235858500007
                    ],
                    [
                        26.859977812000068,
                        37.009500898000056
                    ],
                    [
                        25.994318587000066,
                        34.869194933000074
                    ],
                    [
                        25.17247234900003,
                        32.722281387000066
                    ],
                    [
                        24.389158348000024,
                        30.569495774000075
                    ],
                    [
                        23.639748057000077,
                        28.41148730900005
                    ],
                    [
                        22.920158383000057,
                        26.248834169000077
                    ],
                    [
                        22.22676349900007,
                        24.08205591500007
                    ],
                    [
                        21.556321565000076,
                        21.911623649000035
                    ],
                    [
                        20.905913403000056,
                        19.737968391000038
                    ],
                    [
                        20.27289077000006,
                        17.56148802000007
                    ],
                    [
                        19.65483237500007,
                        15.382553072000064
                    ],
                    [
                        19.049506140000062,
                        13.201511615000072
                    ],
                    [
                        18.454836457000056,
                        11.018693394000024
                    ],
                    [
                        17.868875478000064,
                        8.834413383000026
                    ],
                    [
                        17.289777569000023,
                        6.648974869000028
                    ],
                    [
                        16.715776263000066,
                        4.4626721820000625
                    ],
                    [
                        16.145163081000078,
                        2.2757931370000506
                    ],
                    [
                        15.576267721000022,
                        0.0886212900000487
                    ],
                    [
                        15.007439118000036,
                        -2.0985619439999255
                    ],
                    [
                        14.437026955000022,
                        -4.285475231999953
                    ],
                    [
                        13.863363184000036,
                        -6.471835269999929
                    ],
                    [
                        13.284743143000071,
                        -8.657354668999972
                    ],
                    [
                        13.231200000000058,
                        -8.85836999999998
                    ]
                ]
            },
            "properties": {
                "OID": 280,
                "Departure_Airport": "IST",
                "Destination_Code": "LAD",
                "Destination_Name": "Luanda",
                "Airline": "Turkish Airlines",
                "Duration__minutes_": 540,
                "Reverse_Duration__minutes_": 525,
                "Distance__km_": 5825.0,
                "Flights_per_Day": 0.0,
                "Latitude": -8.85837,
                "Longitude": 13.2312,
                "Altitude": 243,
                "Name": "Quatro de Fevereiro Airport",
                "StartLon": 28.751944,
                "StartLat": 41.275278,
                "ORIG_FID": 294,
                "Shape_Length": 52.55421667998941,
                "Country": "Angola"
            }
        },
        {
            "type": "Feature",
            "id": 281,
            "geometry": {
                "type": "LineString",
                "coordinates": [
                    [
                        28.751944000000037,
                        41.27527800000007
                    ],
                    [
                        28.74044448500007,
                        41.27767753000006
                    ],
                    [
                        25.839885151000033,
                        41.841029078000076
                    ],
                    [
                        22.891437621000023,
                        42.329849325000055
                    ],
                    [
                        19.900643083000034,
                        42.74170272100008
                    ],
                    [
                        16.873860750000063,
                        43.07446078100003
                    ],
                    [
                        13.818181886000048,
                        43.32635047800005
                    ],
                    [
                        10.741310550000037,
                        43.495996852000076
                    ],
                    [
                        7.651414576000036,
                        43.58245749800005
                    ],
                    [
                        4.556952929000033,
                        43.58524695700004
                    ],
                    [
                        3.963010073000021,
                        43.57619857800006
                    ]
                ]
            },
            "properties": {
                "OID": 281,
                "Departure_Airport": "IST",
                "Destination_Code": "MPL",
                "Destination_Name": "Montpellier",
                "Airline": "Transavia France",
                "Duration__minutes_": 210,
                "Reverse_Duration__minutes_": 205,
                "Distance__km_": 2053.0,
                "Flights_per_Day": 0.0,
                "Latitude": 43.57619857788086,
                "Longitude": 3.963010073,
                "Altitude": 17,
                "Name": "Montpellier-M\u00e9diterran\u00e9e Airport",
                "StartLon": 28.751944,
                "StartLat": 41.275278,
                "ORIG_FID": 295,
                "Shape_Length": 24.947162320455007,
                "Country": "France"
            }
        },
        {
            "type": "Feature",
            "id": 282,
            "geometry": {
                "type": "LineString",
                "coordinates": [
                    [
                        28.751944000000037,
                        41.27527800000007
                    ],
                    [
                        28.740593773000057,
                        41.27804904000004
                    ],
                    [
                        25.87351314500006,
                        41.93513587000007
                    ],
                    [
                        22.950326473000075,
                        42.519137948000036
                    ],
                    [
                        19.97581257300004,
                        43.02718732200003
                    ],
                    [
                        16.95570404800003,
                        43.45667539800007
                    ],
                    [
                        16.29800033600003,
                        43.53889846800007
                    ]
                ]
            },
            "properties": {
                "OID": 282,
                "Departure_Airport": "IST",
                "Destination_Code": "SPU",
                "Destination_Name": "Split",
                "Airline": "Croatia Airlines",
                "Duration__minutes_": 115,
                "Reverse_Duration__minutes_": 110,
                "Distance__km_": 1057.0,
                "Flights_per_Day": 0.0,
                "Latitude": 43.53889846801758,
                "Longitude": 16.29800033569336,
                "Altitude": 79,
                "Name": "Split Airport",
                "StartLon": 28.751944,
                "StartLat": 41.275278,
                "ORIG_FID": 296,
                "Shape_Length": 12.665350047698334,
                "Country": "Croatia"
            }
        },
        {
            "type": "Feature",
            "id": 283,
            "geometry": {
                "type": "LineString",
                "coordinates": [
                    [
                        28.751944000000037,
                        41.27527800000007
                    ],
                    [
                        28.740012441000033,
                        41.27525341300003
                    ],
                    [
                        25.758581719000063,
                        41.230331585000044
                    ],
                    [
                        22.784718721000047,
                        41.108383349000064
                    ],
                    [
                        19.82526656700003,
                        40.910016375000055
                    ],
                    [
                        16.88678333100006,
                        40.636206730000026
                    ],
                    [
                        13.975421921000077,
                        40.28827696800005
                    ],
                    [
                        11.096827891000032,
                        39.86786742500004
                    ],
                    [
                        8.256058576000044,
                        39.37690215600003
                    ],
                    [
                        5.4575253720000205,
                        38.81755111700005
                    ],
                    [
                        2.704959378000069,
                        38.19219024700004
                    ],
                    [
                        0.0013992310000503494,
                        37.503361023000025
                    ],
                    [
                        -2.650801144999946,
                        36.75373087100007
                    ],
                    [
                        -5.249947927999926,
                        35.94605560800005
                    ],
                    [
                        -5.916890143999979,
                        35.72689819300007
                    ]
                ]
            },
            "properties": {
                "OID": 283,
                "Departure_Airport": "IST",
                "Destination_Code": "TNG",
                "Destination_Name": "Tangier",
                "Airline": "Royal Air Maroc",
                "Duration__minutes_": 290,
                "Reverse_Duration__minutes_": 260,
                "Distance__km_": 3073.0,
                "Flights_per_Day": 0.0,
                "Latitude": 35.726898193400004,
                "Longitude": -5.916890144,
                "Altitude": 62,
                "Name": "Ibn Batouta Airport",
                "StartLon": 28.751944,
                "StartLat": 41.275278,
                "ORIG_FID": 297,
                "Shape_Length": 35.25884253704688,
                "Country": "Morocco"
            }
        },
        {
            "type": "Feature",
            "id": 284,
            "geometry": {
                "type": "LineString",
                "coordinates": [
                    [
                        28.751944000000037,
                        41.27527800000007
                    ],
                    [
                        28.762846383000067,
                        41.27894153400007
                    ],
                    [
                        31.526522234000026,
                        42.16171348800003
                    ],
                    [
                        34.36502248800008,
                        42.97596174200004
                    ],
                    [
                        37.27598325400004,
                        43.71789077600005
                    ],
                    [
                        40.25587914500005,
                        44.383812886000044
                    ],
                    [
                        43.29995912100003,
                        44.97021655900005
                    ],
                    [
                        46.402221084000075,
                        45.473839826000074
                    ],
                    [
                        49.555434141000035,
                        45.891745839000066
                    ],
                    [
                        52.75121509600007,
                        46.221397169000056
                    ],
                    [
                        55.980162076000056,
                        46.460724896000045
                    ],
                    [
                        59.23204348100006,
                        46.60818834600008
                    ],
                    [
                        62.49603519000004,
                        46.662821595000025
                    ],
                    [
                        65.76099395800003,
                        46.624263506000034
                    ],
                    [
                        69.01575086800005,
                        46.49276914100005
                    ],
                    [
                        72.24940641900008,
                        46.269201689000056
                    ],
                    [
                        75.45160862000006,
                        45.95500552800007
                    ],
                    [
                        78.61279744000007,
                        45.55216235100005
                    ],
                    [
                        81.72440273500007,
                        45.063133450000066
                    ],
                    [
                        84.77898769300003,
                        44.49079195200005
                    ],
                    [
                        87.47419738800005,
                        43.907100677000074
                    ]
                ]
            },
            "properties": {
                "OID": 284,
                "Departure_Airport": "IST",
                "Destination_Code": "URC",
                "Destination_Name": "Urumqi",
                "Airline": "China Southern",
                "Duration__minutes_": 378,
                "Reverse_Duration__minutes_": 425,
                "Distance__km_": 4740.0,
                "Flights_per_Day": 0.0,
                "Latitude": 43.90710067749024,
                "Longitude": 87.47419738769531,
                "Altitude": 2125,
                "Name": "\u00dcr\u00fcmqi Diwopu International Airport",
                "StartLon": 28.751944,
                "StartLat": 41.275278,
                "ORIG_FID": 298,
                "Shape_Length": 59.5026834208358,
                "Country": "China"
            }
        },
        {
            "type": "Feature",
            "id": 285,
            "geometry": {
                "type": "LineString",
                "coordinates": [
                    [
                        28.751944000000037,
                        41.27527800000007
                    ],
                    [
                        28.741940701000033,
                        41.28018969400006
                    ],
                    [
                        26.19351339600007,
                        42.47997241200005
                    ],
                    [
                        23.54832697200004,
                        43.62068352600005
                    ],
                    [
                        20.80411903600003,
                        44.69766061900003
                    ],
                    [
                        17.95964440700004,
                        45.70607286400008
                    ],
                    [
                        15.014906297000039,
                        46.640972205000025
                    ],
                    [
                        11.971390239000073,
                        47.49736063200004
                    ],
                    [
                        8.832284740000034,
                        48.27027420300004
                    ],
                    [
                        7.628230095000049,
                        48.53829956100003
                    ]
                ]
            },
            "properties": {
                "OID": 285,
                "Departure_Airport": "IST",
                "Destination_Code": "SXB",
                "Destination_Name": "Strasbourg",
                "Airline": "Transavia France",
                "Duration__minutes_": 195,
                "Reverse_Duration__minutes_": 195,
                "Distance__km_": 1850.0,
                "Flights_per_Day": 0.0,
                "Latitude": 48.53829956054688,
                "Longitude": 7.628230094909668,
                "Altitude": 505,
                "Name": "Strasbourg Airport",
                "StartLon": 28.751944,
                "StartLat": 41.275278,
                "ORIG_FID": 299,
                "Shape_Length": 22.39309137749743,
                "Country": "France"
            }
        },
        {
            "type": "Feature",
            "id": 286,
            "geometry": {
                "type": "LineString",
                "coordinates": [
                    [
                        28.751944000000037,
                        41.27527800000007
                    ],
                    [
                        28.740308527000025,
                        41.27727319100006
                    ],
                    [
                        25.810091330000034,
                        41.73876480800004
                    ],
                    [
                        22.84112415900006,
                        42.124486123000054
                    ],
                    [
                        19.83960481200006,
                        42.43249413400008
                    ],
                    [
                        18.268199921000075,
                        42.561401370000056
                    ]
                ]
            },
            "properties": {
                "OID": 286,
                "Departure_Airport": "IST",
                "Destination_Code": "DBV",
                "Destination_Name": "Dubrovnik",
                "Airline": "Turkish Airlines",
                "Duration__minutes_": 120,
                "Reverse_Duration__minutes_": 120,
                "Distance__km_": 882.0,
                "Flights_per_Day": 0.0,
                "Latitude": 42.56140137,
                "Longitude": 18.268199920654297,
                "Altitude": 527,
                "Name": "Dubrovnik Airport",
                "StartLon": 28.751944,
                "StartLat": 41.275278,
                "ORIG_FID": 300,
                "Shape_Length": 10.566309145221425,
                "Country": "Croatia"
            }
        },
        {
            "type": "Feature",
            "id": 287,
            "geometry": {
                "type": "LineString",
                "coordinates": [
                    [
                        28.751944000000037,
                        41.27527800000007
                    ],
                    [
                        28.759984333000034,
                        41.28193125000007
                    ],
                    [
                        30.822833587000048,
                        42.92672752100003
                    ],
                    [
                        32.99705583100007,
                        44.53187452900005
                    ],
                    [
                        35.29235341200007,
                        46.09287666100005
                    ],
                    [
                        37.71876002100004,
                        47.604725796000025
                    ],
                    [
                        40.28644686800004,
                        49.06185880400005
                    ],
                    [
                        43.00543911800003,
                        50.458122778000075
                    ],
                    [
                        45.88522182600008,
                        51.78675407500003
                    ],
                    [
                        48.93421654900004,
                        53.04037912100006
                    ],
                    [
                        50.164299010000036,
                        53.50490189000004
                    ]
                ]
            },
            "properties": {
                "OID": 287,
                "Departure_Airport": "IST",
                "Destination_Code": "KUF",
                "Destination_Name": "Samara",
                "Airline": "Red Wings",
                "Duration__minutes_": 250,
                "Reverse_Duration__minutes_": 285,
                "Distance__km_": 2106.0,
                "Flights_per_Day": 0.0,
                "Latitude": 53.50490189,
                "Longitude": 50.16429901,
                "Altitude": 477,
                "Name": "Kurumoch International Airport",
                "StartLon": 28.751944,
                "StartLat": 41.275278,
                "ORIG_FID": 301,
                "Shape_Length": 24.77948764395507,
                "Country": "Russia"
            }
        },
        {
            "type": "Feature",
            "id": 288,
            "geometry": {
                "type": "LineString",
                "coordinates": [
                    [
                        28.751944000000037,
                        41.27527800000007
                    ],
                    [
                        28.763846960000024,
                        41.27468546800003
                    ],
                    [
                        31.731695865000063,
                        41.08807973900008
                    ],
                    [
                        34.67941160100003,
                        40.825515316000065
                    ],
                    [
                        37.60070007600007,
                        40.48827274000007
                    ],
                    [
                        40.48976745500005,
                        40.07795859000004
                    ],
                    [
                        43.34140588500003,
                        39.59647161600003
                    ],
                    [
                        45.458400726000036,
                        39.18880081200007
                    ]
                ]
            },
            "properties": {
                "OID": 288,
                "Departure_Airport": "IST",
                "Destination_Code": "NAJ",
                "Destination_Name": "Nakhichevan",
                "Airline": "Turkish Airlines",
                "Duration__minutes_": 155,
                "Reverse_Duration__minutes_": 165,
                "Distance__km_": 1442.0,
                "Flights_per_Day": 0.0,
                "Latitude": 39.18880081176758,
                "Longitude": 45.45840072631836,
                "Altitude": 2863,
                "Name": "Nakhchivan Airport",
                "StartLon": 28.751944,
                "StartLat": 41.275278,
                "ORIG_FID": 302,
                "Shape_Length": 16.852106756834285,
                "Country": "Azerbaijan"
            }
        },
        {
            "type": "Feature",
            "id": 289,
            "geometry": {
                "type": "LineString",
                "coordinates": [
                    [
                        28.751944000000037,
                        41.27527800000007
                    ],
                    [
                        28.743054612000037,
                        41.26927234200008
                    ],
                    [
                        26.57063644400006,
                        39.74681426700005
                    ],
                    [
                        24.49296823000003,
                        38.18505670700006
                    ],
                    [
                        22.50313287000006,
                        36.58766064400004
                    ],
                    [
                        20.594450161000054,
                        34.95796086200005
                    ],
                    [
                        18.760527274000026,
                        33.298993894000034
                    ],
                    [
                        16.995287415000064,
                        31.613525691000063
                    ],
                    [
                        15.292982089000077,
                        29.904078266000056
                    ],
                    [
                        13.648191350000047,
                        28.17295486300003
                    ],
                    [
                        12.055815489000054,
                        26.42226339900003
                    ],
                    [
                        10.511060826000062,
                        24.65393806700007
                    ],
                    [
                        9.009421602000032,
                        22.869759112000054
                    ],
                    [
                        7.546659484000031,
                        21.071370844000057
                    ],
                    [
                        6.118781761000037,
                        19.26029798600007
                    ],
                    [
                        4.722018999000056,
                        17.437960501000077
                    ],
                    [
                        3.3528026850000288,
                        15.605687042000056
                    ],
                    [
                        2.007743205000054,
                        13.764727156000049
                    ],
                    [
                        0.683608371000048,
                        11.916262410000058
                    ],
                    [
                        -0.6226974109999333,
                        10.061416567000038
                    ],
                    [
                        -1.914153275999979,
                        8.201264942000023
                    ],
                    [
                        -3.193641381999953,
                        6.336843080000051
                    ],
                    [
                        -3.9262900349999654,
                        5.261390209000069
                    ]
                ]
            },
            "properties": {
                "OID": 289,
                "Departure_Airport": "IST",
                "Destination_Code": "ABJ",
                "Destination_Name": "Abidjan",
                "Airline": "Turkish Airlines",
                "Duration__minutes_": 445,
                "Reverse_Duration__minutes_": 450,
                "Distance__km_": 5178.0,
                "Flights_per_Day": 0.0,
                "Latitude": 5.261390209197998,
                "Longitude": -3.926290035,
                "Altitude": 21,
                "Name": "Port Bouet Airport",
                "StartLon": 28.751944,
                "StartLat": 41.275278,
                "ORIG_FID": 303,
                "Shape_Length": 48.942984633174646,
                "Country": "Cote d'Ivoire"
            }
        },
        {
            "type": "Feature",
            "id": 290,
            "geometry": {
                "type": "LineString",
                "coordinates": [
                    [
                        28.751944000000037,
                        41.27527800000007
                    ],
                    [
                        28.76027623500005,
                        41.28172200600005
                    ],
                    [
                        30.896191327000054,
                        42.872894752000036
                    ],
                    [
                        33.14320135300005,
                        44.42170772000003
                    ],
                    [
                        35.51017212000005,
                        45.92353584800003
                    ],
                    [
                        38.00606982200003,
                        47.373269073000074
                    ],
                    [
                        40.639730661000044,
                        48.76528355800008
                    ],
                    [
                        43.419545293000056,
                        50.09342403900007
                    ],
                    [
                        46.353044209000075,
                        51.351003381000055
                    ],
                    [
                        49.44637494800003,
                        52.53082684200007
                    ],
                    [
                        52.703671823000036,
                        53.62524971300007
                    ],
                    [
                        55.87440109000005,
                        54.557498930000065
                    ]
                ]
            },
            "properties": {
                "OID": 290,
                "Departure_Airport": "IST",
                "Destination_Code": "UFA",
                "Destination_Name": "Ufa",
                "Airline": "Red Wings",
                "Duration__minutes_": 270,
                "Reverse_Duration__minutes_": 300,
                "Distance__km_": 2492.0,
                "Flights_per_Day": 0.0,
                "Latitude": 54.55749893,
                "Longitude": 55.87440109,
                "Altitude": 449,
                "Name": "Ufa International Airport",
                "StartLon": 28.751944,
                "StartLat": 41.275278,
                "ORIG_FID": 304,
                "Shape_Length": 30.397877617757384,
                "Country": "Russia"
            }
        },
        {
            "type": "Feature",
            "id": 291,
            "geometry": {
                "type": "LineString",
                "coordinates": [
                    [
                        28.751944000000037,
                        41.27527800000007
                    ],
                    [
                        28.756207420000067,
                        41.266868585000054
                    ],
                    [
                        29.78920485900005,
                        39.15939375500005
                    ],
                    [
                        30.76219694200006,
                        37.04252698800008
                    ],
                    [
                        31.682497436000062,
                        34.917353364000064
                    ],
                    [
                        32.55645134200006,
                        32.78481431100005
                    ],
                    [
                        33.38959595800003,
                        30.64573346700007
                    ],
                    [
                        34.18679301000003,
                        28.500837518000026
                    ],
                    [
                        34.95233760600007,
                        26.35077310500003
                    ],
                    [
                        35.690048585000056,
                        24.196120619000055
                    ],
                    [
                        36.40334388400004,
                        22.037405524000064
                    ],
                    [
                        37.095303828000056,
                        19.875107720000074
                    ],
                    [
                        37.23410034200003,
                        19.433599470000047
                    ]
                ]
            },
            "properties": {
                "OID": 291,
                "Departure_Airport": "IST",
                "Destination_Code": "PZU",
                "Destination_Name": "Port Sudan",
                "Airline": "Badr Airlines",
                "Duration__minutes_": 240,
                "Reverse_Duration__minutes_": 240,
                "Distance__km_": 2553.0,
                "Flights_per_Day": 0.0,
                "Latitude": 19.43359947,
                "Longitude": 37.23410034179688,
                "Altitude": 135,
                "Name": "Port Sudan New International Airport",
                "StartLon": 28.751944,
                "StartLat": 41.275278,
                "ORIG_FID": 305,
                "Shape_Length": 23.457295925489884,
                "Country": "Sudan"
            }
        },
        {
            "type": "Feature",
            "id": 292,
            "geometry": {
                "type": "LineString",
                "coordinates": [
                    [
                        28.751944000000037,
                        41.27527800000007
                    ],
                    [
                        28.745000106000077,
                        41.267966855000054
                    ],
                    [
                        27.055965042000025,
                        39.427255038000055
                    ],
                    [
                        25.45408889600003,
                        37.56269056000008
                    ],
                    [
                        25.348100662000036,
                        37.435100555000076
                    ]
                ]
            },
            "properties": {
                "OID": 292,
                "Departure_Airport": "IST",
                "Destination_Code": "JMK",
                "Destination_Name": "Mykonos",
                "Airline": "Aegean Airlines",
                "Duration__minutes_": 70,
                "Reverse_Duration__minutes_": 70,
                "Distance__km_": 518.0,
                "Flights_per_Day": null,
                "Latitude": 37.43510055541992,
                "Longitude": 25.348100662231445,
                "Altitude": 405,
                "Name": "Mikonos Airport",
                "StartLon": 28.751944,
                "StartLat": 41.275278,
                "ORIG_FID": 306,
                "Shape_Length": 5.1325567855106735,
                "Country": "Greece"
            }
        },
        {
            "type": "Feature",
            "id": 293,
            "geometry": {
                "type": "LineString",
                "coordinates": [
                    [
                        28.751944000000037,
                        41.27527800000007
                    ],
                    [
                        28.746620478000068,
                        41.26721930400004
                    ],
                    [
                        27.455165521000026,
                        39.24479445600008
                    ],
                    [
                        26.23608643400007,
                        37.20814270900007
                    ],
                    [
                        25.180299760000025,
                        35.33969879000006
                    ]
                ]
            },
            "properties": {
                "OID": 293,
                "Departure_Airport": "IST",
                "Destination_Code": "HER",
                "Destination_Name": "Heraklion",
                "Airline": "Aegean Airlines",
                "Duration__minutes_": 90,
                "Reverse_Duration__minutes_": 85,
                "Distance__km_": 730.0,
                "Flights_per_Day": null,
                "Latitude": 35.33969879,
                "Longitude": 25.18029976,
                "Altitude": 115,
                "Name": "Heraklion International Nikos Kazantzakis Airport",
                "StartLon": 28.751944,
                "StartLat": 41.275278,
                "ORIG_FID": 307,
                "Shape_Length": 6.929198965116836,
                "Country": "Greece"
            }
        },
        {
            "type": "Feature",
            "id": 294,
            "geometry": {
                "type": "LineString",
                "coordinates": [
                    [
                        28.751944000000037,
                        41.27527800000007
                    ],
                    [
                        28.746213545000046,
                        41.26739260000005
                    ],
                    [
                        27.35518270800003,
                        39.28712498500005
                    ],
                    [
                        26.040683969000042,
                        37.290471945000036
                    ],
                    [
                        25.47929954500006,
                        36.399200439000026
                    ]
                ]
            },
            "properties": {
                "OID": 294,
                "Departure_Airport": "IST",
                "Destination_Code": "JTR",
                "Destination_Name": "Thira",
                "Airline": "Aegean Airlines",
                "Duration__minutes_": 70,
                "Reverse_Duration__minutes_": 70,
                "Distance__km_": 613.0,
                "Flights_per_Day": null,
                "Latitude": 36.399200439453125,
                "Longitude": 25.47929954528809,
                "Altitude": 127,
                "Name": "Santorini Airport",
                "StartLon": 28.751944,
                "StartLat": 41.275278,
                "ORIG_FID": 308,
                "Shape_Length": 5.873786786517725,
                "Country": "Greece"
            }
        },
        {
            "type": "Feature",
            "id": 295,
            "geometry": {
                "type": "LineString",
                "coordinates": [
                    [
                        28.751944000000037,
                        41.27527800000007
                    ],
                    [
                        28.75063241600003,
                        41.26633343300006
                    ],
                    [
                        28.433443559000068,
                        39.02930889100003
                    ],
                    [
                        28.135656695000023,
                        36.790614084000026
                    ],
                    [
                        28.08620071400003,
                        36.40539932300004
                    ]
                ]
            },
            "properties": {
                "OID": 295,
                "Departure_Airport": "IST",
                "Destination_Code": "RHO",
                "Destination_Name": "Rhodes",
                "Airline": "Aegean Airlines",
                "Duration__minutes_": 90,
                "Reverse_Duration__minutes_": 90,
                "Distance__km_": 545.0,
                "Flights_per_Day": null,
                "Latitude": 36.405399322509766,
                "Longitude": 28.086200714111328,
                "Altitude": 17,
                "Name": "Diagoras Airport",
                "StartLon": 28.751944,
                "StartLat": 41.275278,
                "ORIG_FID": 309,
                "Shape_Length": 4.9152441225257935,
                "Country": "Greece"
            }
        },
        {
            "type": "Feature",
            "id": 296,
            "geometry": {
                "type": "LineString",
                "coordinates": [
                    [
                        28.751944000000037,
                        41.27527800000007
                    ],
                    [
                        28.745138260000033,
                        41.28267508700003
                    ],
                    [
                        26.993702288000065,
                        43.118498689000035
                    ],
                    [
                        25.135179780000044,
                        44.92528983600005
                    ],
                    [
                        23.157479464000062,
                        46.69932755900004
                    ],
                    [
                        21.047275080000077,
                        48.43634533300008
                    ],
                    [
                        18.78997564100007,
                        50.131445101000054
                    ],
                    [
                        16.369760115000076,
                        51.77900254800005
                    ],
                    [
                        13.769713504000038,
                        53.37256611200007
                    ],
                    [
                        10.972114543000032,
                        54.90475474700003
                    ],
                    [
                        7.958939537000049,
                        56.36716325200007
                    ],
                    [
                        4.71265915400005,
                        57.75028918600003
                    ],
                    [
                        1.2174087100000293,
                        59.04350221300007
                    ],
                    [
                        -2.5394030899999507,
                        60.23508432500006
                    ],
                    [
                        -6.56503225199998,
                        61.312376363000055
                    ],
                    [
                        -10.858970534999969,
                        62.262069104000034
                    ],
                    [
                        -15.410393858999953,
                        63.07067112400006
                    ],
                    [
                        -20.195929004999982,
                        63.72516488000008
                    ],
                    [
                        -22.605600359999983,
                        63.98500061000004
                    ]
                ]
            },
            "properties": {
                "OID": 296,
                "Departure_Airport": "IST",
                "Destination_Code": "KEF",
                "Destination_Name": "Reykjavik",
                "Airline": "Icelandair",
                "Duration__minutes_": 355,
                "Reverse_Duration__minutes_": 330,
                "Distance__km_": 4137.0,
                "Flights_per_Day": null,
                "Latitude": 63.98500061,
                "Longitude": -22.60560036,
                "Altitude": 171,
                "Name": "Keflavik International Airport",
                "StartLon": 28.751944,
                "StartLat": 41.275278,
                "ORIG_FID": 310,
                "Shape_Length": 57.511248073323465,
                "Country": "Iceland"
            }
        }
    ]
}