{
  "type" : "FeatureCollection",
  "features" : [{"type":"Feature","id":1,"geometry":{"type":"Point","coordinates":[32.995098110000072,40.128101350000065]},"properties":{"OBJECTID":1,"Departure_Airport":"IST","Destination_Code":"ESB","Destination_Name":"Ankara","Airline":"Turkish Airlines","Duration__minutes_":70,"Reverse_Duration__minutes_":85,"Distance__km_":381,"Flights_per_Day":"16-18","Latitude":40.128101350000001,"Longitude":32.995098110000001,"Altitude":3125,"Name":"Esenboğa International Airport","StartLon":28.751944000000002,"StartLat":41.275278}},{"type":"Feature","id":2,"geometry":{"type":"Point","coordinates":[27.156999590000055,38.292400360000045]},"properties":{"OBJECTID":2,"Departure_Airport":"IST","Destination_Code":"ADB","Destination_Name":"Izmir","Airline":"Pegasus","Duration__minutes_":70,"Reverse_Duration__minutes_":95,"Distance__km_":359,"Flights_per_Day":"14-15","Latitude":38.292400360000002,"Longitude":27.156999590000002,"Altitude":412,"Name":"Adnan Menderes International Airport","StartLon":28.751944000000002,"StartLat":41.275278}},{"type":"Feature","id":3,"geometry":{"type":"Point","coordinates":[30.800501000000054,36.898701000000074]},"properties":{"OBJECTID":3,"Departure_Airport":"IST","Destination_Code":"AYT","Destination_Name":"Antalya","Airline":"Turkish Airlines","Duration__minutes_":80,"Reverse_Duration__minutes_":110,"Distance__km_":518,"Flights_per_Day":"14","Latitude":36.898701000000003,"Longitude":30.800501000000001,"Altitude":177,"Name":"Antalya International Airport","StartLon":28.751944000000002,"StartLat":41.275278}},{"type":"Feature","id":4,"geometry":{"type":"Point","coordinates":[51.152198792000036,35.416099548000034]},"properties":{"OBJECTID":4,"Departure_Airport":"IST","Destination_Code":"IKA","Destination_Name":"Tehran","Airline":"Iran Air","Duration__minutes_":190,"Reverse_Duration__minutes_":240,"Distance__km_":2063,"Flights_per_Day":"11-13","Latitude":35.416099548339844,"Longitude":51.152198791503913,"Altitude":3305,"Name":"Imam Khomeini International Airport","StartLon":28.751944000000002,"StartLat":41.275278}},{"type":"Feature","id":5,"geometry":null,"properties":{"OBJECTID":5,"Shape":null,"Departure_Airport":"IST","Destination_Code":"COV","Destination_Name":"Mersin","Airline":"Turkish Airlines","Duration__minutes_":95,"Reverse_Duration__minutes_":115,"Distance__km_":734,"Flights_per_Day":"11","Latitude":null,"Longitude":null,"Altitude":null,"Name":null,"StartLon":28.751944000000002,"StartLat":41.275278}},{"type":"Feature","id":6,"geometry":{"type":"Point","coordinates":[39.156502000000046,21.67960000000005]},"properties":{"OBJECTID":6,"Departure_Airport":"IST","Destination_Code":"JED","Destination_Name":"Jeddah","Airline":"Saudia","Duration__minutes_":230,"Reverse_Duration__minutes_":255,"Distance__km_":2399,"Flights_per_Day":"10-11","Latitude":21.679600000000001,"Longitude":39.156502000000003,"Altitude":48,"Name":"King Abdulaziz International Airport","StartLon":28.751944000000002,"StartLat":41.275278}},{"type":"Feature","id":7,"geometry":{"type":"Point","coordinates":[55.364398960000074,25.252799990000028]},"properties":{"OBJECTID":7,"Departure_Airport":"IST","Destination_Code":"DXB","Destination_Name":"Dubai","Airline":"Emirates","Duration__minutes_":265,"Reverse_Duration__minutes_":325,"Distance__km_":3044,"Flights_per_Day":"9","Latitude":25.25279999,"Longitude":55.364398960000003,"Altitude":62,"Name":"Dubai International Airport","StartLon":28.751944000000002,"StartLat":41.275278}},{"type":"Feature","id":8,"geometry":{"type":"Point","coordinates":[37.261501310000028,55.591499330000033]},"properties":{"OBJECTID":8,"Departure_Airport":"IST","Destination_Code":"VKO","Destination_Name":"Moscow","Airline":"Pobeda","Duration__minutes_":240,"Reverse_Duration__minutes_":305,"Distance__km_":1720,"Flights_per_Day":"9","Latitude":55.591499329999998,"Longitude":37.26150131,"Altitude":685,"Name":"Vnukovo International Airport","StartLon":28.751944000000002,"StartLat":41.275278}},{"type":"Feature","id":9,"geometry":{"type":"Point","coordinates":[-0.46194099999996752,51.470600000000047]},"properties":{"OBJECTID":9,"Departure_Airport":"IST","Destination_Code":"LHR","Destination_Name":"London","Airline":"British Airways","Duration__minutes_":245,"Reverse_Duration__minutes_":245,"Distance__km_":2502,"Flights_per_Day":"8-10","Latitude":51.470599999999997,"Longitude":-0.46194099999999999,"Altitude":83,"Name":"London Heathrow Airport","StartLon":28.751944000000002,"StartLat":41.275278}},{"type":"Feature","id":10,"geometry":{"type":"Point","coordinates":[23.944499970000038,37.936401370000056]},"properties":{"OBJECTID":10,"Departure_Airport":"IST","Destination_Code":"ATH","Destination_Name":"Athens","Airline":"Aegean Airlines","Duration__minutes_":90,"Reverse_Duration__minutes_":105,"Distance__km_":555,"Flights_per_Day":"08-9","Latitude":37.936401369999999,"Longitude":23.944499969999999,"Altitude":308,"Name":"Eleftherios Venizelos International Airport","StartLon":28.751944000000002,"StartLat":41.275278}},{"type":"Feature","id":11,"geometry":{"type":"Point","coordinates":[2.5500000000000682,49.012798000000032]},"properties":{"OBJECTID":11,"Departure_Airport":"IST","Destination_Code":"CDG","Destination_Name":"Paris","Airline":"Air France","Duration__minutes_":230,"Reverse_Duration__minutes_":225,"Distance__km_":2225,"Flights_per_Day":"6-8","Latitude":49.012797999999997,"Longitude":2.5499999999999998,"Altitude":392,"Name":"Charles de Gaulle International Airport","StartLon":28.751944000000002,"StartLat":41.275278}},{"type":"Feature","id":12,"geometry":{"type":"Point","coordinates":[35.49539948000006,38.770401000000049]},"properties":{"OBJECTID":12,"Departure_Airport":"IST","Destination_Code":"ASR","Destination_Name":"Kayseri","Airline":"Turkish Airlines","Duration__minutes_":85,"Reverse_Duration__minutes_":105,"Distance__km_":645,"Flights_per_Day":"7","Latitude":38.770401,"Longitude":35.495399480000003,"Altitude":3463,"Name":"Kayseri Erkilet Airport","StartLon":28.751944000000002,"StartLat":41.275278}},{"type":"Feature","id":13,"geometry":{"type":"Point","coordinates":[37.478698730000076,36.94720078000006]},"properties":{"OBJECTID":13,"Departure_Airport":"IST","Destination_Code":"GZT","Destination_Name":"Gaziantep","Airline":"Turkish Airlines","Duration__minutes_":105,"Reverse_Duration__minutes_":120,"Distance__km_":898,"Flights_per_Day":"7","Latitude":36.947200780000003,"Longitude":37.478698729999998,"Altitude":2315,"Name":"Gaziantep International Airport","StartLon":28.751944000000002,"StartLat":41.275278}},{"type":"Feature","id":14,"geometry":{"type":"Point","coordinates":[69.281196590000036,41.257900240000026]},"properties":{"OBJECTID":14,"Departure_Airport":"IST","Destination_Code":"TAS","Destination_Name":"Tashkent","Airline":"Uzbekistan Airways","Duration__minutes_":275,"Reverse_Duration__minutes_":335,"Distance__km_":3374,"Flights_per_Day":"5-9","Latitude":41.257900239999998,"Longitude":69.281196589999993,"Altitude":1417,"Name":"Tashkent International Airport","StartLon":28.751944000000002,"StartLat":41.275278}},{"type":"Feature","id":15,"geometry":{"type":"Point","coordinates":[31.40559959400008,30.12190055800005]},"properties":{"OBJECTID":15,"Departure_Airport":"IST","Destination_Code":"CAI","Destination_Name":"Cairo","Airline":"EgyptAir","Duration__minutes_":140,"Reverse_Duration__minutes_":205,"Distance__km_":1266,"Flights_per_Day":"6-7","Latitude":30.12190055847168,"Longitude":31.405599594116211,"Altitude":382,"Name":"Cairo International Airport","StartLon":28.751944000000002,"StartLat":41.275278}},{"type":"Feature","id":16,"geometry":{"type":"Point","coordinates":[50.046699524000076,40.467498779000039]},"properties":{"OBJECTID":16,"Departure_Airport":"IST","Destination_Code":"GYD","Destination_Name":"Baku","Airline":"AZAL Azerbaijan Airlines","Duration__minutes_":175,"Reverse_Duration__minutes_":205,"Distance__km_":1799,"Flights_per_Day":"6-7","Latitude":40.467498779296882,"Longitude":50.046699523925781,"Altitude":10,"Name":"Heydar Aliyev International Airport","StartLon":28.751944000000002,"StartLat":41.275278}},{"type":"Feature","id":17,"geometry":{"type":"Point","coordinates":[37.414600000000064,55.972599000000059]},"properties":{"OBJECTID":17,"Departure_Airport":"IST","Destination_Code":"SVO","Destination_Name":"Moscow","Airline":"Aeroflot","Duration__minutes_":295,"Reverse_Duration__minutes_":330,"Distance__km_":1762,"Flights_per_Day":"6","Latitude":55.972599000000002,"Longitude":37.4146,"Altitude":622,"Name":"Sheremetyevo International Airport","StartLon":28.751944000000002,"StartLat":41.275278}},{"type":"Feature","id":18,"geometry":{"type":"Point","coordinates":[3.2154099940000265,36.691001892000031]},"properties":{"OBJECTID":18,"Departure_Airport":"IST","Destination_Code":"ALG","Destination_Name":"Algiers","Airline":"Air Algerie","Duration__minutes_":230,"Reverse_Duration__minutes_":225,"Distance__km_":2267,"Flights_per_Day":"6","Latitude":36.691001892089837,"Longitude":3.2154099941253662,"Altitude":82,"Name":"Houari Boumediene Airport","StartLon":28.751944000000002,"StartLat":41.275278}},{"type":"Feature","id":19,"geometry":{"type":"Point","coordinates":[35.488399506000064,33.820899963000045]},"properties":{"OBJECTID":19,"Departure_Airport":"IST","Destination_Code":"BEY","Destination_Name":"Beirut","Airline":"Middle East Airlines","Duration__minutes_":115,"Reverse_Duration__minutes_":135,"Distance__km_":1023,"Flights_per_Day":"5-7","Latitude":33.820899963378906,"Longitude":35.488399505615234,"Altitude":87,"Name":"Beirut Rafic Hariri International Airport","StartLon":28.751944000000002,"StartLat":41.275278}},{"type":"Feature","id":20,"geometry":{"type":"Point","coordinates":[39.789699554000038,40.995098114000029]},"properties":{"OBJECTID":20,"Departure_Airport":"IST","Destination_Code":"TZX","Destination_Name":"Trabzon","Airline":"Turkish Airlines","Duration__minutes_":110,"Reverse_Duration__minutes_":135,"Distance__km_":930,"Flights_per_Day":"5-6","Latitude":40.995098114013672,"Longitude":39.789699554443359,"Altitude":104,"Name":"Trabzon International Airport","StartLon":28.751944000000002,"StartLat":41.275278}},{"type":"Feature","id":21,"geometry":{"type":"Point","coordinates":[33.496101379000038,35.154701233000026]},"properties":{"OBJECTID":21,"Departure_Airport":"IST","Destination_Code":"ECN","Destination_Name":"Ercan","Airline":"Turkish Airlines","Duration__minutes_":100,"Reverse_Duration__minutes_":115,"Distance__km_":798,"Flights_per_Day":"5-6","Latitude":35.154701232910163,"Longitude":33.496101379394531,"Altitude":404,"Name":"Ercan International Airport","StartLon":28.751944000000002,"StartLat":41.275278}},{"type":"Feature","id":22,"geometry":{"type":"Point","coordinates":[8.5705560000000673,50.033333000000027]},"properties":{"OBJECTID":22,"Departure_Airport":"IST","Destination_Code":"FRA","Destination_Name":"Frankfurt","Airline":"Lufthansa","Duration__minutes_":205,"Reverse_Duration__minutes_":195,"Distance__km_":1847,"Flights_per_Day":"5-6","Latitude":50.033332999999999,"Longitude":8.5705559999999998,"Altitude":364,"Name":"Frankfurt am Main Airport","StartLon":28.751944000000002,"StartLat":41.275278}},{"type":"Feature","id":23,"geometry":{"type":"Point","coordinates":[35.993198390000032,31.722600940000063]},"properties":{"OBJECTID":23,"Departure_Airport":"IST","Destination_Code":"AMM","Destination_Name":"Amman","Airline":"Royal Jordanian","Duration__minutes_":135,"Reverse_Duration__minutes_":220,"Distance__km_":1247,"Flights_per_Day":"5-6","Latitude":31.72260094,"Longitude":35.993198390000003,"Altitude":2395,"Name":"Queen Alia International Airport","StartLon":28.751944000000002,"StartLat":41.275278}},{"type":"Feature","id":24,"geometry":{"type":"Point","coordinates":[4.7638900000000604,52.308601000000067]},"properties":{"OBJECTID":24,"Departure_Airport":"IST","Destination_Code":"AMS","Destination_Name":"Amsterdam","Airline":"KLM","Duration__minutes_":225,"Reverse_Duration__minutes_":215,"Distance__km_":2195,"Flights_per_Day":"5-6","Latitude":52.308601000000003,"Longitude":4.76389,"Altitude":-11,"Name":"Amsterdam Airport Schiphol","StartLon":28.751944000000002,"StartLat":41.275278}},{"type":"Feature","id":25,"geometry":{"type":"Point","coordinates":[26.085000000000036,44.571111100000053]},"properties":{"OBJECTID":25,"Departure_Airport":"IST","Destination_Code":"OTP","Destination_Name":"Bucharest","Airline":"TAROM","Duration__minutes_":80,"Reverse_Duration__minutes_":170,"Distance__km_":428,"Flights_per_Day":"4-6","Latitude":44.571111100000003,"Longitude":26.085000000000001,"Altitude":314,"Name":"Henri Coandă International Airport","StartLon":28.751944000000002,"StartLat":41.275278}},{"type":"Feature","id":26,"geometry":{"type":"Point","coordinates":[39.70510100000007,24.553400000000067]},"properties":{"OBJECTID":26,"Departure_Airport":"IST","Destination_Code":"MED","Destination_Name":"Madinah","Airline":"Saudia","Duration__minutes_":205,"Reverse_Duration__minutes_":240,"Distance__km_":2127,"Flights_per_Day":"5","Latitude":24.5534,"Longitude":39.705100999999999,"Altitude":2151,"Name":"Prince Mohammad Bin Abdulaziz Airport","StartLon":28.751944000000002,"StartLat":41.275278}},{"type":"Feature","id":27,"geometry":{"type":"Point","coordinates":[10.227199554000038,36.851001740000072]},"properties":{"OBJECTID":27,"Departure_Airport":"IST","Destination_Code":"TUN","Destination_Name":"Tunis","Airline":"Turkish Airlines","Duration__minutes_":180,"Reverse_Duration__minutes_":180,"Distance__km_":1677,"Flights_per_Day":"4-6","Latitude":36.851001739501953,"Longitude":10.227199554443359,"Altitude":22,"Name":"Tunis Carthage International Airport","StartLon":28.751944000000002,"StartLat":41.275278}},{"type":"Feature","id":28,"geometry":{"type":"Point","coordinates":[20.309099200000048,44.818401340000037]},"properties":{"OBJECTID":28,"Departure_Airport":"IST","Destination_Code":"BEG","Destination_Name":"Belgrade","Airline":"Turkish Airlines","Duration__minutes_":110,"Reverse_Duration__minutes_":140,"Distance__km_":793,"Flights_per_Day":"4-5","Latitude":44.818401340000001,"Longitude":20.309099199999999,"Altitude":335,"Name":"Belgrade Nikola Tesla Airport","StartLon":28.751944000000002,"StartLat":41.275278}},{"type":"Feature","id":29,"geometry":{"type":"Point","coordinates":[-0.19027799999997796,51.148102000000051]},"properties":{"OBJECTID":29,"Departure_Airport":"IST","Destination_Code":"LGW","Destination_Name":"London","Airline":"Turkish Airlines","Duration__minutes_":260,"Reverse_Duration__minutes_":300,"Distance__km_":2475,"Flights_per_Day":"4-5","Latitude":51.148102000000002,"Longitude":-0.190278,"Altitude":202,"Name":"London Gatwick Airport","StartLon":28.751944000000002,"StartLat":41.275278}},{"type":"Feature","id":30,"geometry":{"type":"Point","coordinates":[39.956600000000037,43.449902000000066]},"properties":{"OBJECTID":30,"Departure_Airport":"IST","Destination_Code":"AER","Destination_Name":"Adler/Sochi","Airline":"Aeroflot","Duration__minutes_":110,"Reverse_Duration__minutes_":145,"Distance__km_":956,"Flights_per_Day":"4-6","Latitude":43.449902000000002,"Longitude":39.956600000000002,"Altitude":89,"Name":"Sochi International Airport","StartLon":28.751944000000002,"StartLat":41.275278}},{"type":"Feature","id":31,"geometry":{"type":"Point","coordinates":[20.96710014000007,52.165699010000026]},"properties":{"OBJECTID":31,"Departure_Airport":"IST","Destination_Code":"WAW","Destination_Name":"Warsaw","Airline":"LOT","Duration__minutes_":155,"Reverse_Duration__minutes_":170,"Distance__km_":1355,"Flights_per_Day":"4-5","Latitude":52.165699009999997,"Longitude":20.967100139999999,"Altitude":362,"Name":"Warsaw Chopin Airport","StartLon":28.751944000000002,"StartLat":41.275278}},{"type":"Feature","id":32,"geometry":null,"properties":{"OBJECTID":32,"Shape":null,"Departure_Airport":"IST","Destination_Code":"BER","Destination_Name":"Berlin","Airline":"Turkish Airlines","Duration__minutes_":180,"Reverse_Duration__minutes_":185,"Distance__km_":1696,"Flights_per_Day":"4-5","Latitude":null,"Longitude":null,"Altitude":null,"Name":null,"StartLon":28.751944000000002,"StartLat":41.275278}},{"type":"Feature","id":33,"geometry":{"type":"Point","coordinates":[19.261093000000074,47.429760000000044]},"properties":{"OBJECTID":33,"Departure_Airport":"IST","Destination_Code":"BUD","Destination_Name":"Budapest","Airline":"Turkish Airlines","Duration__minutes_":130,"Reverse_Duration__minutes_":195,"Distance__km_":1025,"Flights_per_Day":"3-5","Latitude":47.429760000000002,"Longitude":19.261092999999999,"Altitude":495,"Name":"Budapest Liszt Ferenc International Airport","StartLon":28.751944000000002,"StartLat":41.275278}},{"type":"Feature","id":34,"geometry":{"type":"Point","coordinates":[51.608056000000033,25.273056000000054]},"properties":{"OBJECTID":34,"Departure_Airport":"IST","Destination_Code":"DOH","Destination_Name":"Doha","Airline":"Qatar Airways","Duration__minutes_":240,"Reverse_Duration__minutes_":290,"Distance__km_":2769,"Flights_per_Day":"4-5","Latitude":25.273056,"Longitude":51.608055999999998,"Altitude":13,"Name":"Hamad International Airport","StartLon":28.751944000000002,"StartLat":41.275278}},{"type":"Feature","id":35,"geometry":{"type":"Point","coordinates":[44.954700470000034,41.669200900000078]},"properties":{"OBJECTID":35,"Departure_Airport":"IST","Destination_Code":"TBS","Destination_Name":"Tbilisi","Airline":"Turkish Airlines","Duration__minutes_":140,"Reverse_Duration__minutes_":165,"Distance__km_":1356,"Flights_per_Day":"4-6","Latitude":41.6692009,"Longitude":44.954700469999999,"Altitude":1624,"Name":"Tbilisi International Airport","StartLon":28.751944000000002,"StartLat":41.275278}},{"type":"Feature","id":36,"geometry":{"type":"Point","coordinates":[40.201000210000075,37.893901830000061]},"properties":{"OBJECTID":36,"Departure_Airport":"IST","Destination_Code":"DIY","Destination_Name":"Diyarbakir","Airline":"Turkish Airlines","Duration__minutes_":120,"Reverse_Duration__minutes_":140,"Distance__km_":1056,"Flights_per_Day":"4-5","Latitude":37.893901829999997,"Longitude":40.201000209999997,"Altitude":2251,"Name":"Diyarbakir Airport","StartLon":28.751944000000002,"StartLat":41.275278}},{"type":"Feature","id":37,"geometry":{"type":"Point","coordinates":[46.69879913300008,24.957599640000069]},"properties":{"OBJECTID":37,"Departure_Airport":"IST","Destination_Code":"RUH","Destination_Name":"Riyadh","Airline":"Saudia","Duration__minutes_":255,"Reverse_Duration__minutes_":295,"Distance__km_":2468,"Flights_per_Day":"3-5","Latitude":24.957599639892575,"Longitude":46.698799133300781,"Altitude":2049,"Name":"King Khaled International Airport","StartLon":28.751944000000002,"StartLat":41.275278}},{"type":"Feature","id":38,"geometry":{"type":"Point","coordinates":[4.484439850000058,50.901401520000036]},"properties":{"OBJECTID":38,"Departure_Airport":"IST","Destination_Code":"BRU","Destination_Name":"Brussels","Airline":"Turkish Airlines","Duration__minutes_":225,"Reverse_Duration__minutes_":210,"Distance__km_":2153,"Flights_per_Day":"4-5","Latitude":50.90140152,"Longitude":4.4844398500000002,"Altitude":184,"Name":"Brussels Airport","StartLon":28.751944000000002,"StartLat":41.275278}},{"type":"Feature","id":39,"geometry":{"type":"Point","coordinates":[11.786100000000033,48.35380200000003]},"properties":{"OBJECTID":39,"Departure_Airport":"IST","Destination_Code":"MUC","Destination_Name":"Munich","Airline":"Turkish Airlines","Duration__minutes_":170,"Reverse_Duration__minutes_":175,"Distance__km_":1556,"Flights_per_Day":"4-5","Latitude":48.353802000000002,"Longitude":11.786099999999999,"Altitude":1487,"Name":"Munich Airport","StartLon":28.751944000000002,"StartLat":41.275278}},{"type":"Feature","id":40,"geometry":{"type":"Point","coordinates":[36.567101000000036,41.254501000000062]},"properties":{"OBJECTID":40,"Departure_Airport":"IST","Destination_Code":"SZF","Destination_Name":"Samsun","Airline":"Turkish Airlines","Duration__minutes_":85,"Reverse_Duration__minutes_":110,"Distance__km_":655,"Flights_per_Day":"4-5","Latitude":41.254500999999998,"Longitude":36.567101000000001,"Altitude":18,"Name":"Samsun Çarşamba Airport","StartLon":28.751944000000002,"StartLat":41.275278}},{"type":"Feature","id":41,"geometry":{"type":"Point","coordinates":[50.633598328000062,26.270799637000039]},"properties":{"OBJECTID":41,"Departure_Airport":"IST","Destination_Code":"BAH","Destination_Name":"Bahrain","Airline":"Gulf Air","Duration__minutes_":240,"Reverse_Duration__minutes_":270,"Distance__km_":2621,"Flights_per_Day":"4","Latitude":26.27079963684082,"Longitude":50.633598327636719,"Altitude":6,"Name":"Bahrain International Airport","StartLon":28.751944000000002,"StartLat":41.275278}},{"type":"Feature","id":42,"geometry":{"type":"Point","coordinates":[2.0784600000000637,41.297100000000057]},"properties":{"OBJECTID":42,"Departure_Airport":"IST","Destination_Code":"BCN","Destination_Name":"Barcelona","Airline":"Turkish Airlines","Duration__minutes_":230,"Reverse_Duration__minutes_":225,"Distance__km_":2230,"Flights_per_Day":"3-5","Latitude":41.2971,"Longitude":2.0784600000000002,"Altitude":12,"Name":"Barcelona International Airport","StartLon":28.751944000000002,"StartLat":41.275278}},{"type":"Feature","id":43,"geometry":{"type":"Point","coordinates":[44.234600070000056,33.262500763000048]},"properties":{"OBJECTID":43,"Departure_Airport":"IST","Destination_Code":"BGW","Destination_Name":"Baghdad","Airline":"Iraqi Airways","Duration__minutes_":180,"Reverse_Duration__minutes_":200,"Distance__km_":1638,"Flights_per_Day":"3-5","Latitude":33.262500762900004,"Longitude":44.234600069999999,"Altitude":114,"Name":"Baghdad International Airport","StartLon":28.751944000000002,"StartLat":41.275278}},{"type":"Feature","id":44,"geometry":{"type":"Point","coordinates":[100.74700164800004,13.681099892000077]},"properties":{"OBJECTID":44,"Departure_Airport":"IST","Destination_Code":"BKK","Destination_Name":"Bangkok","Airline":"Turkish Airlines","Duration__minutes_":555,"Reverse_Duration__minutes_":675,"Distance__km_":7553,"Flights_per_Day":"4","Latitude":13.681099891662598,"Longitude":100.74700164794922,"Altitude":5,"Name":"Suvarnabhumi Airport","StartLon":28.751944000000002,"StartLat":41.275278}},{"type":"Feature","id":45,"geometry":null,"properties":{"OBJECTID":45,"Shape":null,"Departure_Airport":"IST","Destination_Code":"RMO","Destination_Name":"Chisinau","Airline":"Fly One","Duration__minutes_":95,"Reverse_Duration__minutes_":105,"Distance__km_":644,"Flights_per_Day":"4","Latitude":null,"Longitude":null,"Altitude":null,"Name":null,"StartLon":28.751944000000002,"StartLat":41.275278}},{"type":"Feature","id":46,"geometry":{"type":"Point","coordinates":[6.7667800000000398,51.28950100000003]},"properties":{"OBJECTID":46,"Departure_Airport":"IST","Destination_Code":"DUS","Destination_Name":"Dusseldorf","Airline":"Turkish Airlines","Duration__minutes_":210,"Reverse_Duration__minutes_":205,"Distance__km_":2023,"Flights_per_Day":"4","Latitude":51.289501000000001,"Longitude":6.7667799999999998,"Altitude":147,"Name":"Düsseldorf Airport","StartLon":28.751944000000002,"StartLat":41.275278}},{"type":"Feature","id":47,"geometry":{"type":"Point","coordinates":[12.238888900000063,41.80027780000006]},"properties":{"OBJECTID":47,"Departure_Airport":"IST","Destination_Code":"FCO","Destination_Name":"Rome","Airline":"Turkish Airlines","Duration__minutes_":165,"Reverse_Duration__minutes_":170,"Distance__km_":1379,"Flights_per_Day":"4","Latitude":41.800277800000003,"Longitude":12.238888899999999,"Altitude":13,"Name":"Leonardo da Vinci–Fiumicino Airport","StartLon":28.751944000000002,"StartLat":41.275278}},{"type":"Feature","id":48,"geometry":{"type":"Point","coordinates":[13.276000023000051,32.894100189000028]},"properties":{"OBJECTID":48,"Departure_Airport":"IST","Destination_Code":"MJI","Destination_Name":"Mitiga, Tripoli","Airline":"Afriqiyah Airways","Duration__minutes_":195,"Reverse_Duration__minutes_":210,"Distance__km_":1662,"Flights_per_Day":"3-5","Latitude":32.894100189208984,"Longitude":13.276000022888184,"Altitude":36,"Name":"Mitiga Airport","StartLon":28.751944000000002,"StartLat":41.275278}},{"type":"Feature","id":49,"geometry":{"type":"Point","coordinates":[8.728110000000072,45.630600000000072]},"properties":{"OBJECTID":49,"Departure_Airport":"IST","Destination_Code":"MXP","Destination_Name":"Milan","Airline":"Turkish Airlines","Duration__minutes_":185,"Reverse_Duration__minutes_":185,"Distance__km_":1691,"Flights_per_Day":"4","Latitude":45.630600000000001,"Longitude":8.7281099999999991,"Altitude":768,"Name":"Malpensa International Airport","StartLon":28.751944000000002,"StartLat":41.275278}},{"type":"Feature","id":50,"geometry":{"type":"Point","coordinates":[43.332298279000042,38.468200684000067]},"properties":{"OBJECTID":50,"Departure_Airport":"IST","Destination_Code":"VAN","Destination_Name":"Van","Airline":"Turkish Airlines","Duration__minutes_":130,"Reverse_Duration__minutes_":155,"Distance__km_":1287,"Flights_per_Day":"4","Latitude":38.46820068359375,"Longitude":43.332298278808594,"Altitude":5480,"Name":"Van Ferit Melen Airport","StartLon":28.751944000000002,"StartLat":41.275278}},{"type":"Feature","id":51,"geometry":{"type":"Point","coordinates":[16.569700240000031,48.11029816000007]},"properties":{"OBJECTID":51,"Departure_Airport":"IST","Destination_Code":"VIE","Destination_Name":"Vienna","Airline":"Turkish Airlines","Duration__minutes_":145,"Reverse_Duration__minutes_":150,"Distance__km_":1231,"Flights_per_Day":"4","Latitude":48.110298159999999,"Longitude":16.56970024,"Altitude":600,"Name":"Vienna International Airport","StartLon":28.751944000000002,"StartLat":41.275278}},{"type":"Feature","id":52,"geometry":{"type":"Point","coordinates":[8.5491700000000606,47.464699000000053]},"properties":{"OBJECTID":52,"Departure_Airport":"IST","Destination_Code":"ZRH","Destination_Name":"Zurich","Airline":"Turkish Airlines","Duration__minutes_":190,"Reverse_Duration__minutes_":185,"Distance__km_":1749,"Flights_per_Day":"4","Latitude":47.464699000000003,"Longitude":8.5491700000000002,"Altitude":1416,"Name":"Zürich Airport","StartLon":28.751944000000002,"StartLat":41.275278}},{"type":"Feature","id":53,"geometry":{"type":"Point","coordinates":[47.968898773000035,29.226600647000055]},"properties":{"OBJECTID":53,"Departure_Airport":"IST","Destination_Code":"KWI","Destination_Name":"Kuwait","Airline":"Jazeera Airways","Duration__minutes_":215,"Reverse_Duration__minutes_":290,"Distance__km_":2203,"Flights_per_Day":"3-5","Latitude":29.226600646972656,"Longitude":47.968898773193359,"Altitude":206,"Name":"Kuwait International Airport","StartLon":28.751944000000002,"StartLat":41.275278}},{"type":"Feature","id":54,"geometry":{"type":"Point","coordinates":[9.221960068000044,48.689899440000033]},"properties":{"OBJECTID":54,"Departure_Airport":"IST","Destination_Code":"STR","Destination_Name":"Stuttgart","Airline":"Turkish Airlines","Duration__minutes_":190,"Reverse_Duration__minutes_":190,"Distance__km_":1746,"Flights_per_Day":"3-4","Latitude":48.689899439999998,"Longitude":9.2219600679999996,"Altitude":1276,"Name":"Stuttgart Airport","StartLon":28.751944000000002,"StartLat":41.275278}},{"type":"Feature","id":55,"geometry":{"type":"Point","coordinates":[30.262500763000048,59.800300598000035]},"properties":{"OBJECTID":55,"Departure_Airport":"IST","Destination_Code":"LED","Destination_Name":"Saint Petersburg","Airline":"Aeroflot","Duration__minutes_":230,"Reverse_Duration__minutes_":355,"Distance__km_":2074,"Flights_per_Day":"3-4","Latitude":59.800300598144531,"Longitude":30.262500762939453,"Altitude":78,"Name":"Pulkovo Airport","StartLon":28.751944000000002,"StartLat":41.275278}},{"type":"Feature","id":56,"geometry":{"type":"Point","coordinates":[54.651100159000066,24.433000565000043]},"properties":{"OBJECTID":56,"Departure_Airport":"IST","Destination_Code":"AUH","Destination_Name":"Abu Dhabi","Airline":"Etihad Airways","Duration__minutes_":265,"Reverse_Duration__minutes_":320,"Distance__km_":3054,"Flights_per_Day":"3-4","Latitude":24.433000564575195,"Longitude":54.651100158691406,"Altitude":88,"Name":"Abu Dhabi International Airport","StartLon":28.751944000000002,"StartLat":41.275278}},{"type":"Feature","id":57,"geometry":null,"properties":{"OBJECTID":57,"Shape":null,"Departure_Airport":"IST","Destination_Code":"RZV","Destination_Name":"Rize","Airline":"Turkish Airlines","Duration__minutes_":115,"Reverse_Duration__minutes_":135,"Distance__km_":1015,"Flights_per_Day":"3-4","Latitude":null,"Longitude":null,"Altitude":null,"Name":null,"StartLon":28.751944000000002,"StartLat":41.275278}},{"type":"Feature","id":58,"geometry":{"type":"Point","coordinates":[27.664300920000073,37.25059890700004]},"properties":{"OBJECTID":58,"Departure_Airport":"IST","Destination_Code":"BJV","Destination_Name":"Bodrum","Airline":"Turkish Airlines","Duration__minutes_":75,"Reverse_Duration__minutes_":105,"Distance__km_":457,"Flights_per_Day":"3-4","Latitude":37.250598907499992,"Longitude":27.664300919999999,"Altitude":21,"Name":"Milas Bodrum International Airport","StartLon":28.751944000000002,"StartLat":41.275278}},{"type":"Feature","id":59,"geometry":{"type":"Point","coordinates":[12.65600014000006,55.617900850000069]},"properties":{"OBJECTID":59,"Departure_Airport":"IST","Destination_Code":"CPH","Destination_Name":"Copenhagen","Airline":"Turkish Airlines","Duration__minutes_":210,"Reverse_Duration__minutes_":210,"Distance__km_":1989,"Flights_per_Day":"3-4","Latitude":55.617900849999998,"Longitude":12.65600014,"Altitude":17,"Name":"Copenhagen Kastrup Airport","StartLon":28.751944000000002,"StartLat":41.275278}},{"type":"Feature","id":60,"geometry":{"type":"Point","coordinates":[28.792499540000051,36.713100430000054]},"properties":{"OBJECTID":60,"Departure_Airport":"IST","Destination_Code":"DLM","Destination_Name":"Dalaman","Airline":"Turkish Airlines","Duration__minutes_":80,"Reverse_Duration__minutes_":100,"Distance__km_":507,"Flights_per_Day":"3-4","Latitude":36.713100429999997,"Longitude":28.792499540000001,"Altitude":20,"Name":"Dalaman International Airport","StartLon":28.751944000000002,"StartLat":41.275278}},{"type":"Feature","id":61,"geometry":{"type":"Point","coordinates":[9.988229752000052,53.630401610000035]},"properties":{"OBJECTID":61,"Departure_Airport":"IST","Destination_Code":"HAM","Destination_Name":"Hamburg","Airline":"Turkish Airlines","Duration__minutes_":205,"Reverse_Duration__minutes_":205,"Distance__km_":1968,"Flights_per_Day":"3-4","Latitude":53.63040161,"Longitude":9.9882297520000005,"Altitude":53,"Name":"Hamburg Airport","StartLon":28.751944000000002,"StartLat":41.275278}},{"type":"Feature","id":62,"geometry":{"type":"Point","coordinates":[32.561901000000034,37.979000000000042]},"properties":{"OBJECTID":62,"Departure_Airport":"IST","Destination_Code":"KYA","Destination_Name":"Konya","Airline":"Turkish Airlines","Duration__minutes_":80,"Reverse_Duration__minutes_":100,"Distance__km_":492,"Flights_per_Day":"3-4","Latitude":37.978999999999999,"Longitude":32.561900999999999,"Altitude":3392,"Name":"Konya Airport","StartLon":28.751944000000002,"StartLat":41.275278}},{"type":"Feature","id":63,"geometry":{"type":"Point","coordinates":[-3.5626399999999308,40.471926000000053]},"properties":{"OBJECTID":63,"Departure_Airport":"IST","Destination_Code":"MAD","Destination_Name":"Madrid","Airline":"Turkish Airlines","Duration__minutes_":275,"Reverse_Duration__minutes_":265,"Distance__km_":2716,"Flights_per_Day":"3-4","Latitude":40.471926000000003,"Longitude":-3.56264,"Altitude":1998,"Name":"Adolfo Suárez Madrid–Barajas Airport","StartLon":28.751944000000002,"StartLat":41.275278}},{"type":"Feature","id":64,"geometry":{"type":"Point","coordinates":[-2.2749500269999317,53.353698730000076]},"properties":{"OBJECTID":64,"Departure_Airport":"IST","Destination_Code":"MAN","Destination_Name":"Manchester","Airline":"Turkish Airlines","Duration__minutes_":270,"Reverse_Duration__minutes_":260,"Distance__km_":2681,"Flights_per_Day":"3-4","Latitude":53.35369873046875,"Longitude":-2.274950027,"Altitude":257,"Name":"Manchester Airport","StartLon":28.751944000000002,"StartLat":41.275278}},{"type":"Feature","id":65,"geometry":{"type":"Point","coordinates":[38.080994000000032,40.96604700000006]},"properties":{"OBJECTID":65,"Departure_Airport":"IST","Destination_Code":"OGU","Destination_Name":"Gulyali","Airline":"Turkish Airlines","Duration__minutes_":100,"Reverse_Duration__minutes_":120,"Distance__km_":785,"Flights_per_Day":"3-5","Latitude":40.966047000000003,"Longitude":38.080993999999997,"Altitude":11,"Name":"Ordu Giresun Airport","StartLon":28.751944000000002,"StartLat":41.275278}},{"type":"Feature","id":66,"geometry":{"type":"Point","coordinates":[77.040496826000037,43.352100372000052]},"properties":{"OBJECTID":66,"Departure_Airport":"IST","Destination_Code":"ALA","Destination_Name":"Almaty","Airline":"Air Astana","Duration__minutes_":330,"Reverse_Duration__minutes_":405,"Distance__km_":3944,"Flights_per_Day":"3-4","Latitude":43.352100372314453,"Longitude":77.040496826171875,"Altitude":2234,"Name":"Almaty Airport","StartLon":28.751944000000002,"StartLat":41.275278}},{"type":"Feature","id":67,"geometry":{"type":"Point","coordinates":[38.895592000000079,37.445663000000025]},"properties":{"OBJECTID":67,"Departure_Airport":"IST","Destination_Code":"GNY","Destination_Name":"Golgen","Airline":"Turkish Airlines","Duration__minutes_":110,"Reverse_Duration__minutes_":130,"Distance__km_":973,"Flights_per_Day":"3-4","Latitude":37.445663000000003,"Longitude":38.895592000000001,"Altitude":2708,"Name":"Şanlıurfa GAP Airport","StartLon":28.751944000000002,"StartLat":41.275278}},{"type":"Feature","id":68,"geometry":{"type":"Point","coordinates":[58.361000000000047,37.986801000000071]},"properties":{"OBJECTID":68,"Departure_Airport":"IST","Destination_Code":"ASB","Destination_Name":"Ashgabat","Airline":"Turkmenistan Airlines","Duration__minutes_":225,"Reverse_Duration__minutes_":260,"Distance__km_":2563,"Flights_per_Day":"2-4","Latitude":37.986801,"Longitude":58.360999999999997,"Altitude":692,"Name":"Ashgabat International Airport","StartLon":28.751944000000002,"StartLat":41.275278}},{"type":"Feature","id":69,"geometry":{"type":"Point","coordinates":[11.288700000000063,44.535400000000038]},"properties":{"OBJECTID":69,"Departure_Airport":"IST","Destination_Code":"BLQ","Destination_Name":"Bologna","Airline":"Turkish Airlines","Duration__minutes_":165,"Reverse_Duration__minutes_":165,"Distance__km_":1471,"Flights_per_Day":"3","Latitude":44.535400000000003,"Longitude":11.2887,"Altitude":123,"Name":"Bologna Guglielmo Marconi Airport","StartLon":28.751944000000002,"StartLat":41.275278}},{"type":"Feature","id":70,"geometry":{"type":"Point","coordinates":[41.170200348000037,39.956501010000068]},"properties":{"OBJECTID":70,"Departure_Airport":"IST","Destination_Code":"ERZ","Destination_Name":"Erzurum","Airline":"Turkish Airlines","Duration__minutes_":115,"Reverse_Duration__minutes_":140,"Distance__km_":1064,"Flights_per_Day":"2-4","Latitude":39.956501009999997,"Longitude":41.170200347899993,"Altitude":5763,"Name":"Erzurum International Airport","StartLon":28.751944000000002,"StartLat":41.275278}},{"type":"Feature","id":71,"geometry":{"type":"Point","coordinates":[6.1089501380000684,46.238098145000038]},"properties":{"OBJECTID":71,"Departure_Airport":"IST","Destination_Code":"GVA","Destination_Name":"Geneva","Airline":"Turkish Airlines","Duration__minutes_":205,"Reverse_Duration__minutes_":200,"Distance__km_":1902,"Flights_per_Day":"3","Latitude":46.23809814453125,"Longitude":6.108950138092041,"Altitude":1411,"Name":"Geneva Cointrin International Airport","StartLon":28.751944000000002,"StartLat":41.275278}},{"type":"Feature","id":72,"geometry":{"type":"Point","coordinates":[34.534500000000037,38.771900000000073]},"properties":{"OBJECTID":72,"Departure_Airport":"IST","Destination_Code":"NAV","Destination_Name":"Nevsehir","Airline":"Turkish Airlines","Duration__minutes_":80,"Reverse_Duration__minutes_":100,"Distance__km_":566,"Flights_per_Day":"3","Latitude":38.771900000000002,"Longitude":34.534500000000001,"Altitude":3100,"Name":"Nevşehir Kapadokya Airport","StartLon":28.751944000000002,"StartLat":41.275278}},{"type":"Feature","id":73,"geometry":{"type":"Point","coordinates":[14.260000000000048,50.100800000000049]},"properties":{"OBJECTID":73,"Departure_Airport":"IST","Destination_Code":"PRG","Destination_Name":"Prague","Airline":"Turkish Airlines","Duration__minutes_":170,"Reverse_Duration__minutes_":170,"Distance__km_":1496,"Flights_per_Day":"3","Latitude":50.1008,"Longitude":14.26,"Altitude":1247,"Name":"Václav Havel Airport Prague","StartLon":28.751944000000002,"StartLat":41.275278}},{"type":"Feature","id":74,"geometry":{"type":"Point","coordinates":[23.411436081000033,42.696693420000031]},"properties":{"OBJECTID":74,"Departure_Airport":"IST","Destination_Code":"SOF","Destination_Name":"Sofia","Airline":"Turkish Airlines","Duration__minutes_":80,"Reverse_Duration__minutes_":95,"Distance__km_":471,"Flights_per_Day":"3","Latitude":42.696693420410163,"Longitude":23.411436080932617,"Altitude":1742,"Name":"Sofia Airport","StartLon":28.751944000000002,"StartLat":41.275278}},{"type":"Feature","id":75,"geometry":{"type":"Point","coordinates":[19.251900000000035,42.359402000000046]},"properties":{"OBJECTID":75,"Departure_Airport":"IST","Destination_Code":"TGD","Destination_Name":"Podgorica","Airline":"Turkish Airlines","Duration__minutes_":115,"Reverse_Duration__minutes_":115,"Distance__km_":800,"Flights_per_Day":"3","Latitude":42.359402000000003,"Longitude":19.251899999999999,"Altitude":141,"Name":"Podgorica Airport","StartLon":28.751944000000002,"StartLat":41.275278}},{"type":"Feature","id":76,"geometry":{"type":"Point","coordinates":[12.351900000000057,45.505299000000036]},"properties":{"OBJECTID":76,"Departure_Airport":"IST","Destination_Code":"VCE","Destination_Name":"Venice","Airline":"Turkish Airlines","Duration__minutes_":160,"Reverse_Duration__minutes_":160,"Distance__km_":1409,"Flights_per_Day":"3","Latitude":45.505299000000001,"Longitude":12.351900000000001,"Altitude":7,"Name":"Venice Marco Polo Airport","StartLon":28.751944000000002,"StartLat":41.275278}},{"type":"Feature","id":77,"geometry":{"type":"Point","coordinates":[43.963199615000065,36.237598419000051]},"properties":{"OBJECTID":77,"Departure_Airport":"IST","Destination_Code":"EBL","Destination_Name":"Erbil","Airline":"Turkish Airlines","Duration__minutes_":160,"Reverse_Duration__minutes_":175,"Distance__km_":1438,"Flights_per_Day":"2-4","Latitude":36.237598419189453,"Longitude":43.963199615478523,"Altitude":1341,"Name":"Erbil International Airport","StartLon":28.751944000000002,"StartLat":41.275278}},{"type":"Feature","id":78,"geometry":{"type":"Point","coordinates":[-73.77890014999997,40.639801030000058]},"properties":{"OBJECTID":78,"Departure_Airport":"IST","Destination_Code":"JFK","Destination_Name":"New York","Airline":"Turkish Airlines","Duration__minutes_":670,"Reverse_Duration__minutes_":605,"Distance__km_":8069,"Flights_per_Day":"2-3","Latitude":40.639801030000001,"Longitude":-73.778900149999998,"Altitude":13,"Name":"John F Kennedy International Airport","StartLon":28.751944000000002,"StartLat":41.275278}},{"type":"Feature","id":79,"geometry":{"type":"Point","coordinates":[58.284400940000069,23.593299866000052]},"properties":{"OBJECTID":79,"Departure_Airport":"IST","Destination_Code":"MCT","Destination_Name":"Muscat","Airline":"Turkish Airlines","Duration__minutes_":295,"Reverse_Duration__minutes_":340,"Distance__km_":3389,"Flights_per_Day":"2-3","Latitude":23.593299865722656,"Longitude":58.284400939941406,"Altitude":48,"Name":"Muscat International Airport","StartLon":28.751944000000002,"StartLat":41.275278}},{"type":"Feature","id":80,"geometry":{"type":"Point","coordinates":[29.701299670000026,37.785598750000077]},"properties":{"OBJECTID":80,"Departure_Airport":"IST","Destination_Code":"DNZ","Destination_Name":"Denizli","Airline":"Turkish Airlines","Duration__minutes_":70,"Reverse_Duration__minutes_":85,"Distance__km_":396,"Flights_per_Day":"2-3","Latitude":37.785598749999998,"Longitude":29.701299670000001,"Altitude":2795,"Name":"Çardak Airport","StartLon":28.751944000000002,"StartLat":41.275278}},{"type":"Feature","id":81,"geometry":{"type":"Point","coordinates":[-6.2700699999999756,53.421299000000033]},"properties":{"OBJECTID":81,"Departure_Airport":"IST","Destination_Code":"DUB","Destination_Name":"Dublin","Airline":"Turkish Airlines","Duration__minutes_":295,"Reverse_Duration__minutes_":275,"Distance__km_":2940,"Flights_per_Day":"2-3","Latitude":53.421298999999998,"Longitude":-6.2700699999999996,"Altitude":242,"Name":"Dublin Airport","StartLon":28.751944000000002,"StartLat":41.275278}},{"type":"Feature","id":82,"geometry":{"type":"Point","coordinates":[103.99400300000008,1.3501900000000546]},"properties":{"OBJECTID":82,"Departure_Airport":"IST","Destination_Code":"SIN","Destination_Name":"Singapore","Airline":"Singapore Airlines","Duration__minutes_":625,"Reverse_Duration__minutes_":715,"Distance__km_":8726,"Flights_per_Day":"2-3","Latitude":1.35019,"Longitude":103.99400300000001,"Altitude":22,"Name":"Singapore Changi Airport","StartLon":28.751944000000002,"StartLat":41.275278}},{"type":"Feature","id":83,"geometry":{"type":"Point","coordinates":[17.918600080000033,59.651901250000037]},"properties":{"OBJECTID":83,"Departure_Airport":"IST","Destination_Code":"ARN","Destination_Name":"Stockholm","Airline":"Turkish Airlines","Duration__minutes_":230,"Reverse_Duration__minutes_":230,"Distance__km_":2188,"Flights_per_Day":"2-3","Latitude":59.651901250000002,"Longitude":17.918600080000001,"Altitude":137,"Name":"Stockholm-Arlanda Airport","StartLon":28.751944000000002,"StartLat":41.275278}},{"type":"Feature","id":84,"geometry":{"type":"Point","coordinates":[39.29140091000005,38.606899260000034]},"properties":{"OBJECTID":84,"Departure_Airport":"IST","Destination_Code":"EZS","Destination_Name":"Elazig","Airline":"Turkish Airlines","Duration__minutes_":110,"Reverse_Duration__minutes_":130,"Distance__km_":951,"Flights_per_Day":"2-3","Latitude":38.606899259999999,"Longitude":39.29140091,"Altitude":2927,"Name":"Elazığ Airport","StartLon":28.751944000000002,"StartLat":41.275278}},{"type":"Feature","id":85,"geometry":{"type":"Point","coordinates":[126.45099639900002,37.469100952000076]},"properties":{"OBJECTID":85,"Departure_Airport":"IST","Destination_Code":"ICN","Destination_Name":"Seoul","Airline":"Korean Air","Duration__minutes_":610,"Reverse_Duration__minutes_":740,"Distance__km_":7966,"Flights_per_Day":"2-4","Latitude":37.469100952148438,"Longitude":126.45099639892578,"Altitude":23,"Name":"Incheon International Airport","StartLon":28.751944000000002,"StartLat":41.275278}},{"type":"Feature","id":86,"geometry":{"type":"Point","coordinates":[38.090999600000032,38.435298920000037]},"properties":{"OBJECTID":86,"Departure_Airport":"IST","Destination_Code":"MLX","Destination_Name":"Malatya","Airline":"Turkish Airlines","Duration__minutes_":110,"Reverse_Duration__minutes_":120,"Distance__km_":861,"Flights_per_Day":"2-3","Latitude":38.435298920000001,"Longitude":38.090999600000004,"Altitude":2828,"Name":"Malatya Erhaç Airport","StartLon":28.751944000000002,"StartLat":41.275278}},{"type":"Feature","id":87,"geometry":{"type":"Point","coordinates":[11.050200000000075,60.121000000000038]},"properties":{"OBJECTID":87,"Departure_Airport":"IST","Destination_Code":"OSL","Destination_Name":"Oslo","Airline":"Turkish Airlines","Duration__minutes_":245,"Reverse_Duration__minutes_":250,"Distance__km_":2439,"Flights_per_Day":"2-3","Latitude":60.121000000000002,"Longitude":11.0502,"Altitude":681,"Name":"Oslo Lufthavn","StartLon":28.751944000000002,"StartLat":41.275278}},{"type":"Feature","id":88,"geometry":null,"properties":{"OBJECTID":88,"Shape":null,"Departure_Airport":"IST","Destination_Code":"NQZ","Destination_Name":"Astana","Airline":"Air Astana","Duration__minutes_":310,"Reverse_Duration__minutes_":375,"Distance__km_":3429,"Flights_per_Day":"2-3","Latitude":null,"Longitude":null,"Altitude":null,"Name":null,"StartLon":28.751944000000002,"StartLat":41.275278}},{"type":"Feature","id":89,"geometry":{"type":"Point","coordinates":[74.477600100000075,43.061298370000031]},"properties":{"OBJECTID":89,"Departure_Airport":"IST","Destination_Code":"FRU","Destination_Name":"Bishkek","Airline":"Turkish Airlines","Duration__minutes_":315,"Reverse_Duration__minutes_":380,"Distance__km_":3747,"Flights_per_Day":"2-3","Latitude":43.061298370000003,"Longitude":74.477600100000004,"Altitude":2058,"Name":"Manas International Airport","StartLon":28.751944000000002,"StartLat":41.275278}},{"type":"Feature","id":90,"geometry":{"type":"Point","coordinates":[40.631698610000058,37.22330093000005]},"properties":{"OBJECTID":90,"Departure_Airport":"IST","Destination_Code":"MQM","Destination_Name":"Mardin","Airline":"Turkish Airlines","Duration__minutes_":120,"Reverse_Duration__minutes_":135,"Distance__km_":1121,"Flights_per_Day":"2-3","Latitude":37.223300930000001,"Longitude":40.631698610000001,"Altitude":1729,"Name":"Mardin Airport","StartLon":28.751944000000002,"StartLat":41.275278}},{"type":"Feature","id":91,"geometry":{"type":"Point","coordinates":[23.971099854000045,56.923599243000069]},"properties":{"OBJECTID":91,"Departure_Airport":"IST","Destination_Code":"RIX","Destination_Name":"Riga","Airline":"Turkish Airlines","Duration__minutes_":200,"Reverse_Duration__minutes_":210,"Distance__km_":1784,"Flights_per_Day":"1-3","Latitude":56.923599243164062,"Longitude":23.971099853515625,"Altitude":36,"Name":"Riga International Airport","StartLon":28.751944000000002,"StartLat":41.275278}},{"type":"Feature","id":92,"geometry":{"type":"Point","coordinates":[21.621401000000048,41.96160100000003]},"properties":{"OBJECTID":92,"Departure_Airport":"IST","Destination_Code":"SKP","Destination_Name":"Skopje","Airline":"Turkish Airlines","Duration__minutes_":95,"Reverse_Duration__minutes_":105,"Distance__km_":599,"Flights_per_Day":"2-3","Latitude":41.961601000000002,"Longitude":21.621400999999999,"Altitude":781,"Name":"Skopje Alexander the Great Airport","StartLon":28.751944000000002,"StartLat":41.275278}},{"type":"Feature","id":93,"geometry":{"type":"Point","coordinates":[41.116600040000037,37.929000850000079]},"properties":{"OBJECTID":93,"Departure_Airport":"IST","Destination_Code":"BAL","Destination_Name":"Batman","Airline":"Turkish Airlines","Duration__minutes_":115,"Reverse_Duration__minutes_":145,"Distance__km_":1125,"Flights_per_Day":"2","Latitude":37.929000850000001,"Longitude":41.116600040000002,"Altitude":1822,"Name":"Batman Airport","StartLon":28.751944000000002,"StartLat":41.275278}},{"type":"Feature","id":94,"geometry":{"type":"Point","coordinates":[-1.7480299469999636,52.453899380000053]},"properties":{"OBJECTID":94,"Departure_Airport":"IST","Destination_Code":"BHX","Destination_Name":"Birmingham","Airline":"Turkish Airlines","Duration__minutes_":265,"Reverse_Duration__minutes_":250,"Distance__km_":2618,"Flights_per_Day":"2","Latitude":52.453899380000003,"Longitude":-1.748029947,"Altitude":327,"Name":"Birmingham International Airport","StartLon":28.751944000000002,"StartLat":41.275278}},{"type":"Feature","id":95,"geometry":{"type":"Point","coordinates":[72.867897030000051,19.088699340000062]},"properties":{"OBJECTID":95,"Departure_Airport":"IST","Destination_Code":"BOM","Destination_Name":"Mumbai","Airline":"Turkish Airlines","Duration__minutes_":375,"Reverse_Duration__minutes_":480,"Distance__km_":4859,"Flights_per_Day":"2","Latitude":19.088699340000002,"Longitude":72.867897029999995,"Altitude":39,"Name":"Chhatrapati Shivaji International Airport","StartLon":28.751944000000002,"StartLat":41.275278}},{"type":"Feature","id":96,"geometry":{"type":"Point","coordinates":[7.1427397730000735,50.865898130000062]},"properties":{"OBJECTID":96,"Departure_Airport":"IST","Destination_Code":"CGN","Destination_Name":"Cologne","Airline":"Turkish Airlines","Duration__minutes_":215,"Reverse_Duration__minutes_":205,"Distance__km_":1977,"Flights_per_Day":"2","Latitude":50.865898129999998,"Longitude":7.1427397729999997,"Altitude":302,"Name":"Cologne Bonn Airport","StartLon":28.751944000000002,"StartLat":41.275278}},{"type":"Feature","id":97,"geometry":{"type":"Point","coordinates":[-7.5899701119999463,33.367500305000078]},"properties":{"OBJECTID":97,"Departure_Airport":"IST","Destination_Code":"CMN","Destination_Name":"Casablanca","Airline":"Royal Air Maroc","Duration__minutes_":290,"Reverse_Duration__minutes_":290,"Distance__km_":3321,"Flights_per_Day":"2","Latitude":33.367500305175781,"Longitude":-7.5899701119999996,"Altitude":656,"Name":"Mohammed V International Airport","StartLon":28.751944000000002,"StartLat":41.275278}},{"type":"Feature","id":98,"geometry":{"type":"Point","coordinates":[77.10310400000003,28.566500000000076]},"properties":{"OBJECTID":98,"Departure_Airport":"IST","Destination_Code":"DEL","Destination_Name":"Delhi","Airline":"Turkish Airlines","Duration__minutes_":355,"Reverse_Duration__minutes_":460,"Distance__km_":4589,"Flights_per_Day":"2","Latitude":28.566500000000001,"Longitude":77.103104000000002,"Altitude":777,"Name":"Indira Gandhi International Airport","StartLon":28.751944000000002,"StartLat":41.275278}},{"type":"Feature","id":99,"geometry":{"type":"Point","coordinates":[32.300598000000036,36.299217000000056]},"properties":{"OBJECTID":99,"Departure_Airport":"IST","Destination_Code":"GZP","Destination_Name":"Gazipasa","Airline":"Turkish Airlines","Duration__minutes_":85,"Reverse_Duration__minutes_":100,"Distance__km_":637,"Flights_per_Day":"2","Latitude":36.299216999999999,"Longitude":32.300598000000001,"Altitude":86,"Name":"Gazipaşa Airport","StartLon":28.751944000000002,"StartLat":41.275278}},{"type":"Feature","id":100,"geometry":{"type":"Point","coordinates":[9.6850795750000316,52.461101530000064]},"properties":{"OBJECTID":100,"Departure_Airport":"IST","Destination_Code":"HAJ","Destination_Name":"Hanover","Airline":"Turkish Airlines","Duration__minutes_":205,"Reverse_Duration__minutes_":200,"Distance__km_":1910,"Flights_per_Day":"2","Latitude":52.461101530000001,"Longitude":9.6850795749999996,"Altitude":183,"Name":"Hannover Airport","StartLon":28.751944000000002,"StartLat":41.275278}},{"type":"Feature","id":101,"geometry":{"type":"Point","coordinates":[24.963300700000048,60.317199710000068]},"properties":{"OBJECTID":101,"Departure_Airport":"IST","Destination_Code":"HEL","Destination_Name":"Helsinki","Airline":"Turkish Airlines","Duration__minutes_":230,"Reverse_Duration__minutes_":240,"Distance__km_":2146,"Flights_per_Day":"2","Latitude":60.317199709999997,"Longitude":24.963300700000001,"Altitude":179,"Name":"Helsinki Vantaa Airport","StartLon":28.751944000000002,"StartLat":41.275278}},{"type":"Feature","id":102,"geometry":{"type":"Point","coordinates":[-77.45580291999994,38.944499970000038]},"properties":{"OBJECTID":102,"Departure_Airport":"IST","Destination_Code":"IAD","Destination_Name":"Dulles","Airline":"Turkish Airlines","Duration__minutes_":685,"Reverse_Duration__minutes_":610,"Distance__km_":8433,"Flights_per_Day":"2","Latitude":38.944499970000003,"Longitude":-77.455802919999996,"Altitude":312,"Name":"Washington Dulles International Airport","StartLon":28.751944000000002,"StartLat":41.275278}},{"type":"Feature","id":103,"geometry":{"type":"Point","coordinates":[36.953521730000034,37.538825990000078]},"properties":{"OBJECTID":103,"Departure_Airport":"IST","Destination_Code":"KCM","Destination_Name":"Kahramanmaras","Airline":"Turkish Airlines","Duration__minutes_":105,"Reverse_Duration__minutes_":120,"Distance__km_":821,"Flights_per_Day":"2","Latitude":37.538825989999999,"Longitude":36.953521729999999,"Altitude":1723,"Name":"Kahramanmaraş Airport","StartLon":28.751944000000002,"StartLat":41.275278}},{"type":"Feature","id":104,"geometry":{"type":"Point","coordinates":[101.70999910000006,2.7455799580000644]},"properties":{"OBJECTID":104,"Departure_Airport":"IST","Destination_Code":"KUL","Destination_Name":"Kuala Lumpur","Airline":"Turkish Airlines","Duration__minutes_":615,"Reverse_Duration__minutes_":690,"Distance__km_":8433,"Flights_per_Day":"2","Latitude":2.745579958,"Longitude":101.7099991,"Altitude":69,"Name":"Kuala Lumpur International Airport","StartLon":28.751944000000002,"StartLat":41.275278}},{"type":"Feature","id":105,"geometry":{"type":"Point","coordinates":[-118.40799709999999,33.942501070000048]},"properties":{"OBJECTID":105,"Departure_Airport":"IST","Destination_Code":"LAX","Destination_Name":"Los Angeles","Airline":"Turkish Airlines","Duration__minutes_":845,"Reverse_Duration__minutes_":800,"Distance__km_":11062,"Flights_per_Day":"2","Latitude":33.942501069999999,"Longitude":-118.4079971,"Altitude":125,"Name":"Los Angeles International Airport","StartLon":28.751944000000002,"StartLat":41.275278}},{"type":"Feature","id":106,"geometry":{"type":"Point","coordinates":[-9.1359199999999419,38.781300000000044]},"properties":{"OBJECTID":106,"Departure_Airport":"IST","Destination_Code":"LIS","Destination_Name":"Lisbon","Airline":"Turkish Airlines","Duration__minutes_":310,"Reverse_Duration__minutes_":295,"Distance__km_":3228,"Flights_per_Day":"2","Latitude":38.781300000000002,"Longitude":-9.1359200000000005,"Altitude":374,"Name":"Humberto Delgado Airport (Lisbon Portela Airport)","StartLon":28.751944000000002,"StartLat":41.275278}},{"type":"Feature","id":107,"geometry":{"type":"Point","coordinates":[14.45760000000007,46.223701000000062]},"properties":{"OBJECTID":107,"Departure_Airport":"IST","Destination_Code":"LJU","Destination_Name":"Ljubljana","Airline":"Turkish Airlines","Duration__minutes_":140,"Reverse_Duration__minutes_":150,"Distance__km_":1278,"Flights_per_Day":"2","Latitude":46.223700999999998,"Longitude":14.457599999999999,"Altitude":1273,"Name":"Ljubljana Jože Pučnik Airport","StartLon":28.751944000000002,"StartLat":41.275278}},{"type":"Feature","id":108,"geometry":{"type":"Point","coordinates":[14.477500000000077,35.857498000000078]},"properties":{"OBJECTID":108,"Departure_Airport":"IST","Destination_Code":"MLA","Destination_Name":"Malta","Airline":"Turkish Airlines","Duration__minutes_":155,"Reverse_Duration__minutes_":155,"Distance__km_":1382,"Flights_per_Day":"2","Latitude":35.857498,"Longitude":14.477499999999999,"Altitude":300,"Name":"Malta International Airport","StartLon":28.751944000000002,"StartLat":41.275278}},{"type":"Feature","id":109,"geometry":{"type":"Point","coordinates":[11.078056000000061,49.498699000000045]},"properties":{"OBJECTID":109,"Departure_Airport":"IST","Destination_Code":"NUE","Destination_Name":"Nuremberg","Airline":"Turkish Airlines","Duration__minutes_":185,"Reverse_Duration__minutes_":180,"Distance__km_":1659,"Flights_per_Day":"2","Latitude":49.498699000000002,"Longitude":11.078056,"Altitude":1046,"Name":"Nuremberg Airport","StartLon":28.751944000000002,"StartLat":41.275278}},{"type":"Feature","id":110,"geometry":{"type":"Point","coordinates":[-87.904799999999966,41.978600000000029]},"properties":{"OBJECTID":110,"Departure_Airport":"IST","Destination_Code":"ORD","Destination_Name":"Chicago","Airline":"Turkish Airlines","Duration__minutes_":695,"Reverse_Duration__minutes_":650,"Distance__km_":8833,"Flights_per_Day":"2","Latitude":41.9786,"Longitude":-87.904799999999994,"Altitude":672,"Name":"Chicago O'Hare International Airport","StartLon":28.751944000000002,"StartLat":41.275278}},{"type":"Feature","id":111,"geometry":{"type":"Point","coordinates":[121.80500030500002,31.143400192000058]},"properties":{"OBJECTID":111,"Departure_Airport":"IST","Destination_Code":"PVG","Destination_Name":"Shanghai","Airline":"Turkish Airlines","Duration__minutes_":620,"Reverse_Duration__minutes_":735,"Distance__km_":8063,"Flights_per_Day":"2","Latitude":31.143400192260746,"Longitude":121.80500030517578,"Altitude":13,"Name":"Shanghai Pudong International Airport","StartLon":28.751944000000002,"StartLat":41.275278}},{"type":"Feature","id":112,"geometry":{"type":"Point","coordinates":[18.33149910000003,43.824600220000036]},"properties":{"OBJECTID":112,"Departure_Airport":"IST","Destination_Code":"SJJ","Destination_Name":"Sarajevo","Airline":"Turkish Airlines","Duration__minutes_":120,"Reverse_Duration__minutes_":125,"Distance__km_":903,"Flights_per_Day":"2","Latitude":43.824600219726562,"Longitude":18.331499099731445,"Altitude":1708,"Name":"Sarajevo International Airport","StartLon":28.751944000000002,"StartLat":41.275278}},{"type":"Feature","id":113,"geometry":{"type":"Point","coordinates":[19.720600130000037,41.41469955000008]},"properties":{"OBJECTID":113,"Departure_Airport":"IST","Destination_Code":"TIA","Destination_Name":"Tirana","Airline":"Air Albania","Duration__minutes_":100,"Reverse_Duration__minutes_":160,"Distance__km_":756,"Flights_per_Day":"1-3","Latitude":41.414699550000002,"Longitude":19.720600130000001,"Altitude":126,"Name":"Tirana International Airport Mother Teresa","StartLon":28.751944000000002,"StartLat":41.275278}},{"type":"Feature","id":114,"geometry":{"type":"Point","coordinates":[36.903500000000065,39.813801000000069]},"properties":{"OBJECTID":114,"Departure_Airport":"IST","Destination_Code":"VAS","Destination_Name":"Sivas","Airline":"Turkish Airlines","Duration__minutes_":90,"Reverse_Duration__minutes_":105,"Distance__km_":711,"Flights_per_Day":"2","Latitude":39.813800999999998,"Longitude":36.903500000000001,"Altitude":5239,"Name":"Sivas Nuri Demirağ Airport","StartLon":28.751944000000002,"StartLat":41.275278}},{"type":"Feature","id":115,"geometry":{"type":"Point","coordinates":[-0.48162499999995134,39.489300000000071]},"properties":{"OBJECTID":115,"Departure_Airport":"IST","Destination_Code":"VLC","Destination_Name":"Valencia","Airline":"Turkish Airlines","Duration__minutes_":250,"Reverse_Duration__minutes_":240,"Distance__km_":2484,"Flights_per_Day":"2","Latitude":39.4893,"Longitude":-0.48162500000000003,"Altitude":240,"Name":"Valencia Airport","StartLon":28.751944000000002,"StartLat":41.275278}},{"type":"Feature","id":116,"geometry":{"type":"Point","coordinates":[25.285801000000049,54.634102000000041]},"properties":{"OBJECTID":116,"Departure_Airport":"IST","Destination_Code":"VNO","Destination_Name":"Vilnius","Airline":"Turkish Airlines","Duration__minutes_":185,"Reverse_Duration__minutes_":190,"Distance__km_":1516,"Flights_per_Day":"2","Latitude":54.634101999999999,"Longitude":25.285800999999999,"Altitude":648,"Name":"Vilnius International Airport","StartLon":28.751944000000002,"StartLat":41.275278}},{"type":"Feature","id":117,"geometry":{"type":"Point","coordinates":[-4.4991102219999561,36.67490005500008]},"properties":{"OBJECTID":117,"Departure_Airport":"IST","Destination_Code":"AGP","Destination_Name":"Malaga","Airline":"Turkish Airlines","Duration__minutes_":290,"Reverse_Duration__minutes_":270,"Distance__km_":2916,"Flights_per_Day":"2","Latitude":36.674900054931641,"Longitude":-4.4991102219999997,"Altitude":53,"Name":"Málaga Airport","StartLon":28.751944000000002,"StartLat":41.275278}},{"type":"Feature","id":118,"geometry":{"type":"Point","coordinates":[16.068799970000043,45.742900850000069]},"properties":{"OBJECTID":118,"Departure_Airport":"IST","Destination_Code":"ZAG","Destination_Name":"Zagreb","Airline":"Turkish Airlines","Duration__minutes_":140,"Reverse_Duration__minutes_":140,"Distance__km_":1141,"Flights_per_Day":"2","Latitude":45.742900849999998,"Longitude":16.068799970000001,"Altitude":353,"Name":"Zagreb Airport","StartLon":28.751944000000002,"StartLat":41.275278}},{"type":"Feature","id":119,"geometry":{"type":"Point","coordinates":[5.0811110000000212,45.72555600000004]},"properties":{"OBJECTID":119,"Departure_Airport":"IST","Destination_Code":"LYS","Destination_Name":"Lyon","Airline":"Turkish Airlines","Duration__minutes_":220,"Reverse_Duration__minutes_":205,"Distance__km_":1974,"Flights_per_Day":"1-2","Latitude":45.725555999999997,"Longitude":5.0811109999999999,"Altitude":821,"Name":"Lyon Saint-Exupéry Airport","StartLon":28.751944000000002,"StartLat":41.275278}},{"type":"Feature","id":120,"geometry":{"type":"Point","coordinates":[5.2214241030000608,43.439271920000067]},"properties":{"OBJECTID":120,"Departure_Airport":"IST","Destination_Code":"MRS","Destination_Name":"Marseille","Airline":"Turkish Airlines","Duration__minutes_":215,"Reverse_Duration__minutes_":200,"Distance__km_":1952,"Flights_per_Day":"1-2","Latitude":43.439271920000003,"Longitude":5.2214241030000004,"Altitude":74,"Name":"Marseille Provence Airport","StartLon":28.751944000000002,"StartLat":41.275278}},{"type":"Feature","id":121,"geometry":{"type":"Point","coordinates":[46.235000610000043,38.133899690000078]},"properties":{"OBJECTID":121,"Departure_Airport":"IST","Destination_Code":"TBZ","Destination_Name":"Tabriz","Airline":"ATA Airlines","Duration__minutes_":160,"Reverse_Duration__minutes_":180,"Distance__km_":1541,"Flights_per_Day":"1-2","Latitude":38.13389969,"Longitude":46.235000610351562,"Altitude":4459,"Name":"Tabriz International Airport","StartLon":28.751944000000002,"StartLat":41.275278}},{"type":"Feature","id":122,"geometry":{"type":"Point","coordinates":[38.799301150000076,8.9778900150000709]},"properties":{"OBJECTID":122,"Departure_Airport":"IST","Destination_Code":"ADD","Destination_Name":"Addis Ababa","Airline":"Turkish Airlines","Duration__minutes_":325,"Reverse_Duration__minutes_":370,"Distance__km_":3743,"Flights_per_Day":"1-2","Latitude":8.9778900149999998,"Longitude":38.799301149999998,"Altitude":7630,"Name":"Addis Ababa Bole International Airport","StartLon":28.751944000000002,"StartLat":41.275278}},{"type":"Feature","id":123,"geometry":{"type":"Point","coordinates":[19.784800000000075,50.077702000000045]},"properties":{"OBJECTID":123,"Departure_Airport":"IST","Destination_Code":"KRK","Destination_Name":"Krakow","Airline":"LOT","Duration__minutes_":145,"Reverse_Duration__minutes_":155,"Distance__km_":1207,"Flights_per_Day":"1-2","Latitude":50.077702000000002,"Longitude":19.784800000000001,"Altitude":791,"Name":"Kraków John Paul II International Airport","StartLon":28.751944000000002,"StartLat":41.275278}},{"type":"Feature","id":124,"geometry":{"type":"Point","coordinates":[-8.6813898089999384,41.248100280000074]},"properties":{"OBJECTID":124,"Departure_Airport":"IST","Destination_Code":"OPO","Destination_Name":"Porto","Airline":"Turkish Airlines","Duration__minutes_":310,"Reverse_Duration__minutes_":285,"Distance__km_":3120,"Flights_per_Day":"1-2","Latitude":41.248100280000003,"Longitude":-8.6813898090000006,"Altitude":228,"Name":"Francisco de Sá Carneiro Airport","StartLon":28.751944000000002,"StartLat":41.275278}},{"type":"Feature","id":125,"geometry":{"type":"Point","coordinates":[-99.072097999999983,19.436300000000074]},"properties":{"OBJECTID":125,"Departure_Airport":"IST","Destination_Code":"MEX","Destination_Name":"Mexico City","Airline":"Turkish Airlines","Duration__minutes_":890,"Reverse_Duration__minutes_":890,"Distance__km_":11450,"Flights_per_Day":"1-2","Latitude":19.436299999999999,"Longitude":-99.072097999999997,"Altitude":7316,"Name":"Licenciado Benito Juarez International Airport","StartLon":28.751944000000002,"StartLat":41.275278}},{"type":"Feature","id":126,"geometry":{"type":"Point","coordinates":[2.3794444000000681,48.723333300000036]},"properties":{"OBJECTID":126,"Departure_Airport":"IST","Destination_Code":"ORY","Destination_Name":"Paris","Airline":"Transavia France","Duration__minutes_":240,"Reverse_Duration__minutes_":225,"Distance__km_":2232,"Flights_per_Day":"1-2","Latitude":48.7233333,"Longitude":2.3794444000000001,"Altitude":291,"Name":"Paris-Orly Airport","StartLon":28.751944000000002,"StartLat":41.275278}},{"type":"Feature","id":127,"geometry":{"type":"Point","coordinates":[-46.47305678999993,-23.435556409999947]},"properties":{"OBJECTID":127,"Departure_Airport":"IST","Destination_Code":"GRU","Destination_Name":"Sao Paulo","Airline":"Turkish Airlines","Duration__minutes_":815,"Reverse_Duration__minutes_":765,"Distance__km_":10615,"Flights_per_Day":"1-2","Latitude":-23.43555641,"Longitude":-46.473056790000001,"Altitude":2459,"Name":"Guarulhos - Governador André Franco Montoro International Airport","StartLon":28.751944000000002,"StartLat":41.275278}},{"type":"Feature","id":128,"geometry":{"type":"Point","coordinates":[72.851613000000043,33.560713000000078]},"properties":{"OBJECTID":128,"Departure_Airport":"IST","Destination_Code":"ISB","Destination_Name":"Islamabad","Airline":"Turkish Airlines","Duration__minutes_":305,"Reverse_Duration__minutes_":380,"Distance__km_":3965,"Flights_per_Day":"1-3","Latitude":33.560713,"Longitude":72.851613,"Altitude":1646,"Name":"New Islamabad International Airport","StartLon":28.751944000000002,"StartLat":41.275278}},{"type":"Feature","id":129,"geometry":{"type":"Point","coordinates":[74.403602600000056,31.521600720000038]},"properties":{"OBJECTID":129,"Departure_Airport":"IST","Destination_Code":"LHE","Destination_Name":"Lahore","Airline":"Turkish Airlines","Duration__minutes_":315,"Reverse_Duration__minutes_":400,"Distance__km_":4199,"Flights_per_Day":"1-2","Latitude":31.521600719999999,"Longitude":74.403602600097656,"Altitude":712,"Name":"Alama Iqbal International Airport","StartLon":28.751944000000002,"StartLat":41.275278}},{"type":"Feature","id":130,"geometry":{"type":"Point","coordinates":[121.0199970000001,14.508600000000058]},"properties":{"OBJECTID":130,"Departure_Airport":"IST","Destination_Code":"MNL","Destination_Name":"Manila","Airline":"Turkish Airlines","Duration__minutes_":655,"Reverse_Duration__minutes_":800,"Distance__km_":9186,"Flights_per_Day":"1-2","Latitude":14.508599999999999,"Longitude":121.019997,"Altitude":75,"Name":"Ninoy Aquino International Airport","StartLon":28.751944000000002,"StartLat":41.275278}},{"type":"Feature","id":131,"geometry":{"type":"Point","coordinates":[-122.37499999999994,37.61899948100006]},"properties":{"OBJECTID":131,"Departure_Airport":"IST","Destination_Code":"SFO","Destination_Name":"San Francisco","Airline":"Turkish Airlines","Duration__minutes_":838,"Reverse_Duration__minutes_":795,"Distance__km_":10824,"Flights_per_Day":"1-2","Latitude":37.618999481201172,"Longitude":-122.375,"Altitude":13,"Name":"San Francisco International Airport","StartLon":28.751944000000002,"StartLat":41.275278}},{"type":"Feature","id":132,"geometry":{"type":"Point","coordinates":[66.983802795000031,39.700500488000046]},"properties":{"OBJECTID":132,"Departure_Airport":"IST","Destination_Code":"SKD","Destination_Name":"Samarkand","Airline":"Uzbekistan Airways","Duration__minutes_":265,"Reverse_Duration__minutes_":325,"Distance__km_":3229,"Flights_per_Day":"1-3","Latitude":39.70050048828125,"Longitude":66.983802795410156,"Altitude":2224,"Name":"Samarkand Airport","StartLon":28.751944000000002,"StartLat":41.275278}},{"type":"Feature","id":133,"geometry":{"type":"Point","coordinates":[8.7866697310000745,53.047500610000043]},"properties":{"OBJECTID":133,"Departure_Airport":"IST","Destination_Code":"BRE","Destination_Name":"Bremen","Airline":"Turkish Airlines","Duration__minutes_":220,"Reverse_Duration__minutes_":205,"Distance__km_":1997,"Flights_per_Day":"1-2","Latitude":53.04750061,"Longitude":8.7866697309999999,"Altitude":14,"Name":"Bremen Airport","StartLon":28.751944000000002,"StartLat":41.275278}},{"type":"Feature","id":134,"geometry":{"type":"Point","coordinates":[7.5291667000000757,47.590000000000032]},"properties":{"OBJECTID":134,"Departure_Airport":"IST","Destination_Code":"BSL","Destination_Name":"Basel, Switzerland/Mulhouse","Airline":"Turkish Airlines","Duration__minutes_":205,"Reverse_Duration__minutes_":195,"Distance__km_":1828,"Flights_per_Day":"1-2","Latitude":47.590000000000003,"Longitude":7.5291667000000002,"Altitude":885,"Name":"EuroAirport Basel-Mulhouse-Freiburg Airport","StartLon":28.751944000000002,"StartLat":41.275278}},{"type":"Feature","id":135,"geometry":{"type":"Point","coordinates":[113.29900360100009,23.392400742000063]},"properties":{"OBJECTID":135,"Departure_Airport":"IST","Destination_Code":"CAN","Destination_Name":"Guangzhou","Airline":"Turkish Airlines","Duration__minutes_":620,"Reverse_Duration__minutes_":705,"Distance__km_":7926,"Flights_per_Day":"1-2","Latitude":23.392400741577148,"Longitude":113.29900360107422,"Altitude":50,"Name":"Guangzhou Baiyun International Airport","StartLon":28.751944000000002,"StartLat":41.275278}},{"type":"Feature","id":136,"geometry":{"type":"Point","coordinates":[90.397783000000061,23.843347000000051]},"properties":{"OBJECTID":136,"Departure_Airport":"IST","Destination_Code":"DAC","Destination_Name":"Dhaka","Airline":"Turkish Airlines","Duration__minutes_":440,"Reverse_Duration__minutes_":570,"Distance__km_":5995,"Flights_per_Day":"1-2","Latitude":23.843347000000001,"Longitude":90.397783000000004,"Altitude":30,"Name":"Hazrat Shahjalal International Airport","StartLon":28.751944000000002,"StartLat":41.275278}},{"type":"Feature","id":137,"geometry":{"type":"Point","coordinates":[-3.3724999429999798,55.950000763000048]},"properties":{"OBJECTID":137,"Departure_Airport":"IST","Destination_Code":"EDI","Destination_Name":"Edinburgh","Airline":"Turkish Airlines","Duration__minutes_":285,"Reverse_Duration__minutes_":270,"Distance__km_":2843,"Flights_per_Day":"1-2","Latitude":55.950000762939453,"Longitude":-3.3724999429999998,"Altitude":135,"Name":"Edinburgh Airport","StartLon":28.751944000000002,"StartLat":41.275278}},{"type":"Feature","id":138,"geometry":{"type":"Point","coordinates":[12.279800420000072,57.662799840000048]},"properties":{"OBJECTID":138,"Departure_Airport":"IST","Destination_Code":"GOT","Destination_Name":"Gothenburg","Airline":"Turkish Airlines","Duration__minutes_":220,"Reverse_Duration__minutes_":220,"Distance__km_":2175,"Flights_per_Day":"1-2","Latitude":57.662799839999998,"Longitude":12.279800420000001,"Altitude":506,"Name":"Gothenburg-Landvetter Airport","StartLon":28.751944000000002,"StartLat":41.275278}},{"type":"Feature","id":139,"geometry":{"type":"Point","coordinates":[-95.34140014999997,29.984399796000048]},"properties":{"OBJECTID":139,"Departure_Airport":"IST","Destination_Code":"IAH","Destination_Name":"Houston","Airline":"Turkish Airlines","Duration__minutes_":815,"Reverse_Duration__minutes_":720,"Distance__km_":10286,"Flights_per_Day":"1-2","Latitude":29.984399795532227,"Longitude":-95.341400149999998,"Altitude":97,"Name":"George Bush Intercontinental Houston Airport","StartLon":28.751944000000002,"StartLat":41.275278}},{"type":"Feature","id":140,"geometry":{"type":"Point","coordinates":[-0.36833301199993684,51.87469863900003]},"properties":{"OBJECTID":140,"Departure_Airport":"IST","Destination_Code":"LTN","Destination_Name":"London","Airline":"Wizz Air UK","Duration__minutes_":255,"Reverse_Duration__minutes_":305,"Distance__km_":2507,"Flights_per_Day":"1-2","Latitude":51.874698638916016,"Longitude":-0.36833301200000002,"Altitude":526,"Name":"London Luton Airport","StartLon":28.751944000000002,"StartLat":41.275278}},{"type":"Feature","id":141,"geometry":{"type":"Point","coordinates":[43.115001680000034,40.56219863900003]},"properties":{"OBJECTID":141,"Departure_Airport":"IST","Destination_Code":"KSY","Destination_Name":"Kars","Airline":"Turkish Airlines","Duration__minutes_":125,"Reverse_Duration__minutes_":155,"Distance__km_":1212,"Flights_per_Day":"1-2","Latitude":40.562198638916016,"Longitude":43.115001679999999,"Altitude":5889,"Name":"Kars Airport","StartLon":28.751944000000002,"StartLat":41.275278}},{"type":"Feature","id":142,"geometry":{"type":"Point","coordinates":[6.2044444000000567,49.62333330000007]},"properties":{"OBJECTID":142,"Departure_Airport":"IST","Destination_Code":"LUX","Destination_Name":"Luxembourg","Airline":"Turkish Airlines","Duration__minutes_":215,"Reverse_Duration__minutes_":205,"Distance__km_":1989,"Flights_per_Day":"1-2","Latitude":49.623333299999999,"Longitude":6.2044443999999999,"Altitude":1234,"Name":"Luxembourg-Findel International Airport","StartLon":28.751944000000002,"StartLat":41.275278}},{"type":"Feature","id":143,"geometry":{"type":"Point","coordinates":[59.640998840000066,36.23519897500006]},"properties":{"OBJECTID":143,"Departure_Airport":"IST","Destination_Code":"MHD","Destination_Name":"Mashad","Airline":"Turkish Airlines","Duration__minutes_":240,"Reverse_Duration__minutes_":280,"Distance__km_":2735,"Flights_per_Day":"1-2","Latitude":36.235198974609375,"Longitude":59.640998840332031,"Altitude":3263,"Name":"Mashhad International Airport","StartLon":28.751944000000002,"StartLat":41.275278}},{"type":"Feature","id":144,"geometry":{"type":"Point","coordinates":[-80.290603639999972,25.793199539000057]},"properties":{"OBJECTID":144,"Departure_Airport":"IST","Destination_Code":"MIA","Destination_Name":"Miami","Airline":"Turkish Airlines","Duration__minutes_":775,"Reverse_Duration__minutes_":695,"Distance__km_":9636,"Flights_per_Day":"1-2","Latitude":25.79319953918457,"Longitude":-80.29060364,"Altitude":8,"Name":"Miami International Airport","StartLon":28.751944000000002,"StartLat":41.275278}},{"type":"Feature","id":145,"geometry":{"type":"Point","coordinates":[73.529098511000029,4.191830158000073]},"properties":{"OBJECTID":145,"Departure_Airport":"IST","Destination_Code":"MLE","Destination_Name":"Male","Airline":"Turkish Airlines","Duration__minutes_":470,"Reverse_Duration__minutes_":525,"Distance__km_":6095,"Flights_per_Day":"1-2","Latitude":4.1918301582336426,"Longitude":73.529098510742188,"Altitude":6,"Name":"Malé International Airport","StartLon":28.751944000000002,"StartLat":41.275278}},{"type":"Feature","id":146,"geometry":{"type":"Point","coordinates":[28.030700680000052,53.882499690000031]},"properties":{"OBJECTID":146,"Departure_Airport":"IST","Destination_Code":"MSQ","Destination_Name":"Minsk","Airline":"Belavia","Duration__minutes_":310,"Reverse_Duration__minutes_":340,"Distance__km_":1411,"Flights_per_Day":"1-2","Latitude":53.882499690000003,"Longitude":28.030700679999999,"Altitude":670,"Name":"Minsk National Airport","StartLon":28.751944000000002,"StartLat":41.275278}},{"type":"Feature","id":147,"geometry":{"type":"Point","coordinates":[7.2158699040000442,43.658401490000074]},"properties":{"OBJECTID":147,"Departure_Airport":"IST","Destination_Code":"NCE","Destination_Name":"Nice","Airline":"Turkish Airlines","Duration__minutes_":195,"Reverse_Duration__minutes_":190,"Distance__km_":1789,"Flights_per_Day":"1-2","Latitude":43.658401490000003,"Longitude":7.2158699035600007,"Altitude":12,"Name":"Nice-Côte d'Azur Airport","StartLon":28.751944000000002,"StartLat":41.275278}},{"type":"Feature","id":148,"geometry":{"type":"Point","coordinates":[42.058200000000056,37.364700000000028]},"properties":{"OBJECTID":148,"Departure_Airport":"IST","Destination_Code":"NKT","Destination_Name":"Cizre","Airline":"Turkish Airlines","Duration__minutes_":135,"Reverse_Duration__minutes_":150,"Distance__km_":1231,"Flights_per_Day":"1-2","Latitude":37.364699999999999,"Longitude":42.058199999999999,"Altitude":2038,"Name":"Şırnak Şerafettin Elçi Airport","StartLon":28.751944000000002,"StartLat":41.275278}},{"type":"Feature","id":149,"geometry":{"type":"Point","coordinates":[116.58499908400006,40.080101010000078]},"properties":{"OBJECTID":149,"Departure_Airport":"IST","Destination_Code":"PEK","Destination_Name":"Beijing","Airline":"Turkish Airlines","Duration__minutes_":555,"Reverse_Duration__minutes_":685,"Distance__km_":7099,"Flights_per_Day":"1-2","Latitude":40.08010101,"Longitude":116.58499908447266,"Altitude":116,"Name":"Beijing Capital International Airport","StartLon":28.751944000000002,"StartLat":41.275278}},{"type":"Feature","id":150,"geometry":{"type":"Point","coordinates":[21.035801000000049,42.572800000000029]},"properties":{"OBJECTID":150,"Departure_Airport":"IST","Destination_Code":"PRN","Destination_Name":"Pristina","Airline":"Turkish Airlines","Duration__minutes_":100,"Reverse_Duration__minutes_":110,"Distance__km_":656,"Flights_per_Day":"1-2","Latitude":42.572800000000001,"Longitude":21.035800999999999,"Altitude":1789,"Name":"Priština International Airport","StartLon":28.751944000000002,"StartLat":41.275278}},{"type":"Feature","id":151,"geometry":{"type":"Point","coordinates":[22.970899582000072,40.519699097000057]},"properties":{"OBJECTID":151,"Departure_Airport":"IST","Destination_Code":"SKG","Destination_Name":"Thessaloniki","Airline":"Turkish Airlines","Duration__minutes_":83,"Reverse_Duration__minutes_":90,"Distance__km_":494,"Flights_per_Day":"1-2","Latitude":40.519699096679688,"Longitude":22.97089958190918,"Altitude":22,"Name":"Thessaloniki Macedonia International Airport","StartLon":28.751944000000002,"StartLat":41.275278}},{"type":"Feature","id":152,"geometry":{"type":"Point","coordinates":[121.23300200000006,25.07770000000005]},"properties":{"OBJECTID":152,"Departure_Airport":"IST","Destination_Code":"TPE","Destination_Name":"Taipei","Airline":"Turkish Airlines","Duration__minutes_":640,"Reverse_Duration__minutes_":765,"Distance__km_":8442,"Flights_per_Day":"1-2","Latitude":25.0777,"Longitude":121.233002,"Altitude":106,"Name":"Taiwan Taoyuan International Airport","StartLon":28.751944000000002,"StartLat":41.275278}},{"type":"Feature","id":153,"geometry":{"type":"Point","coordinates":[-0.16678599999994503,5.605189800000062]},"properties":{"OBJECTID":153,"Departure_Airport":"IST","Destination_Code":"ACC","Destination_Name":"Accra","Airline":"Turkish Airlines","Duration__minutes_":440,"Reverse_Duration__minutes_":430,"Distance__km_":4920,"Flights_per_Day":"1-2","Latitude":5.6051898002624512,"Longitude":-0.16678599999999999,"Altitude":205,"Name":"Kotoka International Airport","StartLon":28.751944000000002,"StartLat":41.275278}},{"type":"Feature","id":154,"geometry":{"type":"Point","coordinates":[38.468898770000067,37.731399540000041]},"properties":{"OBJECTID":154,"Departure_Airport":"IST","Destination_Code":"ADF","Destination_Name":"Adiyaman","Airline":"Turkish Airlines","Duration__minutes_":110,"Reverse_Duration__minutes_":125,"Distance__km_":909,"Flights_per_Day":"1-2","Latitude":37.731399539999998,"Longitude":38.468898770000003,"Altitude":2216,"Name":"Adıyaman Airport","StartLon":28.751944000000002,"StartLat":41.275278}},{"type":"Feature","id":155,"geometry":{"type":"Point","coordinates":[-97.038001999999949,32.896801000000039]},"properties":{"OBJECTID":155,"Departure_Airport":"IST","Destination_Code":"DFW","Destination_Name":"Dallas","Airline":"Turkish Airlines","Duration__minutes_":800,"Reverse_Duration__minutes_":730,"Distance__km_":10130,"Flights_per_Day":"1-2","Latitude":32.896801000000004,"Longitude":-97.038002000000006,"Altitude":607,"Name":"Dallas Fort Worth International Airport","StartLon":28.751944000000002,"StartLat":41.275278}},{"type":"Feature","id":156,"geometry":{"type":"Point","coordinates":[29.696399689000032,30.917699814000059]},"properties":{"OBJECTID":156,"Departure_Airport":"IST","Destination_Code":"HBE","Destination_Name":"Alexandria","Airline":"Turkish Airlines","Duration__minutes_":135,"Reverse_Duration__minutes_":155,"Distance__km_":1160,"Flights_per_Day":"1-2","Latitude":30.917699813842773,"Longitude":29.696399688720703,"Altitude":177,"Name":"Borg El Arab International Airport","StartLon":28.751944000000002,"StartLat":41.275278}},{"type":"Feature","id":157,"geometry":{"type":"Point","coordinates":[43.876647950000063,39.976627350000058]},"properties":{"OBJECTID":157,"Departure_Airport":"IST","Destination_Code":"IGD","Destination_Name":"Igdir","Airline":"Turkish Airlines","Duration__minutes_":135,"Reverse_Duration__minutes_":155,"Distance__km_":1307,"Flights_per_Day":"1-2","Latitude":39.976627350000001,"Longitude":43.876647949999999,"Altitude":3101,"Name":"Iğdır Airport","StartLon":28.751944000000002,"StartLat":41.275278}},{"type":"Feature","id":158,"geometry":{"type":"Point","coordinates":[69.212303000000077,34.565899000000059]},"properties":{"OBJECTID":158,"Departure_Airport":"IST","Destination_Code":"KBL","Destination_Name":"Kabul","Airline":"Ariana Afghan Airlines","Duration__minutes_":300,"Reverse_Duration__minutes_":360,"Distance__km_":3612,"Flights_per_Day":"0-3","Latitude":34.565899000000002,"Longitude":69.212303000000006,"Altitude":5877,"Name":"Hamid Karzai International Airport","StartLon":28.751944000000002,"StartLat":41.275278}},{"type":"Feature","id":159,"geometry":{"type":"Point","coordinates":[30.139500000000055,-1.9686299999999619]},"properties":{"OBJECTID":159,"Departure_Airport":"IST","Destination_Code":"KGL","Destination_Name":"Kigali","Airline":"Turkish Airlines","Duration__minutes_":430,"Reverse_Duration__minutes_":430,"Distance__km_":4833,"Flights_per_Day":"1-2","Latitude":-1.9686300000000001,"Longitude":30.139500000000002,"Altitude":4859,"Name":"Kigali International Airport","StartLon":28.751944000000002,"StartLat":41.275278}},{"type":"Feature","id":160,"geometry":{"type":"Point","coordinates":[41.661201477000077,38.747798920000037]},"properties":{"OBJECTID":160,"Departure_Airport":"IST","Destination_Code":"MSR","Destination_Name":"Mus","Airline":"Turkish Airlines","Duration__minutes_":125,"Reverse_Duration__minutes_":145,"Distance__km_":1139,"Flights_per_Day":"1-2","Latitude":38.747798919677727,"Longitude":41.661201477050781,"Altitude":4157,"Name":"Muş Airport","StartLon":28.751944000000002,"StartLat":41.275278}},{"type":"Feature","id":161,"geometry":{"type":"Point","coordinates":[14.290800000000047,40.886002000000076]},"properties":{"OBJECTID":161,"Departure_Airport":"IST","Destination_Code":"NAP","Destination_Name":"Naples","Airline":"Turkish Airlines","Duration__minutes_":145,"Reverse_Duration__minutes_":150,"Distance__km_":1216,"Flights_per_Day":"1-2","Latitude":40.886001999999998,"Longitude":14.290800000000001,"Altitude":294,"Name":"Naples International Airport","StartLon":28.751944000000002,"StartLat":41.275278}},{"type":"Feature","id":162,"geometry":{"type":"Point","coordinates":[34.395000460000063,27.977300640000067]},"properties":{"OBJECTID":162,"Departure_Airport":"IST","Destination_Code":"SSH","Destination_Name":"Sharm el Sheikh","Airline":"Turkish Airlines","Duration__minutes_":160,"Reverse_Duration__minutes_":180,"Distance__km_":1572,"Flights_per_Day":"1-2","Latitude":27.977300639999999,"Longitude":34.395000459999999,"Altitude":143,"Name":"Sharm El Sheikh International Airport","StartLon":28.751944000000002,"StartLat":41.275278}},{"type":"Feature","id":163,"geometry":{"type":"Point","coordinates":[52.589801788000045,29.53919982900004]},"properties":{"OBJECTID":163,"Departure_Airport":"IST","Destination_Code":"SYZ","Destination_Name":"Shiraz","Airline":"Turkish Airlines","Duration__minutes_":230,"Reverse_Duration__minutes_":260,"Distance__km_":2525,"Flights_per_Day":"1-2","Latitude":29.539199829101559,"Longitude":52.589801788330078,"Altitude":4920,"Name":"Shiraz Shahid Dastghaib International Airport","StartLon":28.751944000000002,"StartLat":41.275278}},{"type":"Feature","id":164,"geometry":{"type":"Point","coordinates":[24.832799910000062,59.413299560000041]},"properties":{"OBJECTID":164,"Departure_Airport":"IST","Destination_Code":"TLL","Destination_Name":"Tallinn","Airline":"Turkish Airlines","Duration__minutes_":220,"Reverse_Duration__minutes_":225,"Distance__km_":2047,"Flights_per_Day":"1-2","Latitude":59.413299560499993,"Longitude":24.832799909999999,"Altitude":131,"Name":"Lennart Meri Tallinn Airport","StartLon":28.751944000000002,"StartLat":41.275278}},{"type":"Feature","id":165,"geometry":{"type":"Point","coordinates":[-79.630599979999943,43.677200320000054]},"properties":{"OBJECTID":165,"Departure_Airport":"IST","Destination_Code":"YYZ","Destination_Name":"Toronto","Airline":"Turkish Airlines","Duration__minutes_":655,"Reverse_Duration__minutes_":605,"Distance__km_":8216,"Flights_per_Day":"1-2","Latitude":43.677200319999997,"Longitude":-79.63059998,"Altitude":569,"Name":"Lester B. Pearson International Airport","StartLon":28.751944000000002,"StartLat":41.275278}},{"type":"Feature","id":166,"geometry":{"type":"Point","coordinates":[47.662101746000076,30.549100876000068]},"properties":{"OBJECTID":166,"Departure_Airport":"IST","Destination_Code":"BSR","Destination_Name":"Basra","Airline":"Iraqi Airways","Duration__minutes_":200,"Reverse_Duration__minutes_":275,"Distance__km_":2082,"Flights_per_Day":"0-2","Latitude":30.549100875854489,"Longitude":47.662101745605469,"Altitude":11,"Name":"Basrah International Airport","StartLon":28.751944000000002,"StartLat":41.275278}},{"type":"Feature","id":167,"geometry":{"type":"Point","coordinates":[135.24400329600007,34.427299500000061]},"properties":{"OBJECTID":167,"Departure_Airport":"IST","Destination_Code":"KIX","Destination_Name":"Osaka","Airline":"Turkish Airlines","Duration__minutes_":640,"Reverse_Duration__minutes_":790,"Distance__km_":8793,"Flights_per_Day":"1-2","Latitude":34.427299499511719,"Longitude":135.24400329589844,"Altitude":26,"Name":"Kansai International Airport","StartLon":28.751944000000002,"StartLat":41.275278}},{"type":"Feature","id":168,"geometry":{"type":"Point","coordinates":[6.6203899380000735,36.276000980000049]},"properties":{"OBJECTID":168,"Departure_Airport":"IST","Destination_Code":"CZL","Destination_Name":"Constantine","Airline":"Air Algerie","Duration__minutes_":215,"Reverse_Duration__minutes_":195,"Distance__km_":2000,"Flights_per_Day":"0-2","Latitude":36.276000979999999,"Longitude":6.6203899383544922,"Altitude":2265,"Name":"Mohamed Boudiaf International Airport","StartLon":28.751944000000002,"StartLat":41.275278}},{"type":"Feature","id":169,"geometry":{"type":"Point","coordinates":[36.927799220000054,-1.3192399739999701]},"properties":{"OBJECTID":169,"Departure_Airport":"IST","Destination_Code":"NBO","Destination_Name":"Nairobi","Airline":"Turkish Airlines","Duration__minutes_":405,"Reverse_Duration__minutes_":450,"Distance__km_":4832,"Flights_per_Day":"1-2","Latitude":-1.319239974,"Longitude":36.927799219999997,"Altitude":5330,"Name":"Jomo Kenyatta International Airport","StartLon":28.751944000000002,"StartLat":41.275278}},{"type":"Feature","id":170,"geometry":{"type":"Point","coordinates":[79.884101868000073,7.1807599070000379]},"properties":{"OBJECTID":170,"Departure_Airport":"IST","Destination_Code":"CMB","Destination_Name":"Colombo","Airline":"Turkish Airlines","Duration__minutes_":475,"Reverse_Duration__minutes_":550,"Distance__km_":6328,"Flights_per_Day":"0-2","Latitude":7.1807599067687988,"Longitude":79.884101867675781,"Altitude":30,"Name":"Bandaranaike International Colombo Airport","StartLon":28.751944000000002,"StartLat":41.275278}},{"type":"Feature","id":171,"geometry":{"type":"Point","coordinates":[-83.353401179999935,42.212398529000041]},"properties":{"OBJECTID":171,"Departure_Airport":"IST","Destination_Code":"DTW","Destination_Name":"Detroit","Airline":"Turkish Airlines","Duration__minutes_":685,"Reverse_Duration__minutes_":615,"Distance__km_":8549,"Flights_per_Day":"1","Latitude":42.212398529052734,"Longitude":-83.353401180000006,"Altitude":645,"Name":"Detroit Metropolitan Wayne County Airport","StartLon":28.751944000000002,"StartLat":41.275278}},{"type":"Feature","id":172,"geometry":{"type":"Point","coordinates":[-84.42810099999997,33.636700000000076]},"properties":{"OBJECTID":172,"Departure_Airport":"IST","Destination_Code":"ATL","Destination_Name":"Atlanta","Airline":"Turkish Airlines","Duration__minutes_":750,"Reverse_Duration__minutes_":660,"Distance__km_":9297,"Flights_per_Day":"1","Latitude":33.636699999999998,"Longitude":-84.428100999999998,"Altitude":1026,"Name":"Hartsfield Jackson Atlanta International Airport","StartLon":28.751944000000002,"StartLat":41.275278}},{"type":"Feature","id":173,"geometry":{"type":"Point","coordinates":[-122.30899799999997,47.449001000000067]},"properties":{"OBJECTID":173,"Departure_Airport":"IST","Destination_Code":"SEA","Destination_Name":"Seattle","Airline":"Turkish Airlines","Duration__minutes_":765,"Reverse_Duration__minutes_":720,"Distance__km_":9799,"Flights_per_Day":"1","Latitude":47.449001000000003,"Longitude":-122.308998,"Altitude":433,"Name":"Seattle Tacoma International Airport","StartLon":28.751944000000002,"StartLat":41.275278}},{"type":"Feature","id":174,"geometry":{"type":"Point","coordinates":[40.595962520000057,38.859260560000052]},"properties":{"OBJECTID":174,"Departure_Airport":"IST","Destination_Code":"BGG","Destination_Name":"Bingol","Airline":"Turkish Airlines","Duration__minutes_":125,"Reverse_Duration__minutes_":130,"Distance__km_":1038,"Flights_per_Day":"1","Latitude":38.859260560000003,"Longitude":40.59596252,"Altitude":3506,"Name":"Bingöl Çeltiksuyu Airport","StartLon":28.751944000000002,"StartLat":41.275278}},{"type":"Feature","id":175,"geometry":{"type":"Point","coordinates":[36.367408752000074,40.307430267000029]},"properties":{"OBJECTID":175,"Departure_Airport":"IST","Destination_Code":"TJK","Destination_Name":"Tokat","Airline":"Turkish Airlines","Duration__minutes_":90,"Reverse_Duration__minutes_":110,"Distance__km_":653,"Flights_per_Day":"1","Latitude":40.307430267333984,"Longitude":36.367408752441406,"Altitude":1831,"Name":"Tokat Airport","StartLon":28.751944000000002,"StartLat":41.275278}},{"type":"Feature","id":176,"geometry":{"type":"Point","coordinates":[-2.9106099609999774,43.301101685000049]},"properties":{"OBJECTID":176,"Departure_Airport":"IST","Destination_Code":"BIO","Destination_Name":"Bilbao","Airline":"Turkish Airlines","Duration__minutes_":270,"Reverse_Duration__minutes_":250,"Distance__km_":2613,"Flights_per_Day":"1","Latitude":43.301101684570312,"Longitude":-2.910609961,"Altitude":138,"Name":"Bilbao Airport","StartLon":28.751944000000002,"StartLat":41.275278}},{"type":"Feature","id":177,"geometry":{"type":"Point","coordinates":[139.77999900000009,35.552299000000062]},"properties":{"OBJECTID":177,"Departure_Airport":"IST","Destination_Code":"HND","Destination_Name":"Tokyo","Airline":"Turkish Airlines","Duration__minutes_":670,"Reverse_Duration__minutes_":830,"Distance__km_":9006,"Flights_per_Day":"1","Latitude":35.552298999999998,"Longitude":139.779999,"Altitude":35,"Name":"Tokyo Haneda International Airport","StartLon":28.751944000000002,"StartLat":41.275278}},{"type":"Feature","id":178,"geometry":{"type":"Point","coordinates":[-74.14689999999996,4.701590000000067]},"properties":{"OBJECTID":178,"Departure_Airport":"IST","Destination_Code":"BOG","Destination_Name":"Bogota","Airline":"Turkish Airlines","Duration__minutes_":815,"Reverse_Duration__minutes_":815,"Distance__km_":10785,"Flights_per_Day":"1","Latitude":4.7015900000000004,"Longitude":-74.146900000000002,"Altitude":8361,"Name":"El Dorado International Airport","StartLon":28.751944000000002,"StartLat":41.275278}},{"type":"Feature","id":179,"geometry":null,"properties":{"OBJECTID":179,"Shape":null,"Departure_Airport":"IST","Destination_Code":"GRV","Destination_Name":"Groznyy","Airline":"UTair","Duration__minutes_":145,"Reverse_Duration__minutes_":175,"Distance__km_":1418,"Flights_per_Day":"1","Latitude":null,"Longitude":null,"Altitude":null,"Name":null,"StartLon":28.751944000000002,"StartLat":41.275278}},{"type":"Feature","id":180,"geometry":{"type":"Point","coordinates":[41.59970093000004,41.61029816000007]},"properties":{"OBJECTID":180,"Departure_Airport":"IST","Destination_Code":"BUS","Destination_Name":"Batumi","Airline":"Turkish Airlines","Duration__minutes_":120,"Reverse_Duration__minutes_":135,"Distance__km_":1076,"Flights_per_Day":"1","Latitude":41.610298159999999,"Longitude":41.599700929999997,"Altitude":105,"Name":"Batumi International Airport","StartLon":28.751944000000002,"StartLat":41.275278}},{"type":"Feature","id":181,"geometry":{"type":"Point","coordinates":[18.723300934000065,42.404701233000026]},"properties":{"OBJECTID":181,"Departure_Airport":"IST","Destination_Code":"TIV","Destination_Name":"Tivat","Airline":"Turkish Airlines","Duration__minutes_":120,"Reverse_Duration__minutes_":120,"Distance__km_":843,"Flights_per_Day":"1","Latitude":42.404701232910163,"Longitude":18.723300933837891,"Altitude":20,"Name":"Tivat Airport","StartLon":28.751944000000002,"StartLat":41.275278}},{"type":"Feature","id":182,"geometry":{"type":"Point","coordinates":[106.65599820000006,-6.1255698199999529]},"properties":{"OBJECTID":182,"Departure_Airport":"IST","Destination_Code":"CGK","Destination_Name":"Jakarta","Airline":"Turkish Airlines","Duration__minutes_":700,"Reverse_Duration__minutes_":745,"Distance__km_":9508,"Flights_per_Day":"1","Latitude":-6.1255698199999999,"Longitude":106.6559982,"Altitude":34,"Name":"Soekarno-Hatta International Airport","StartLon":28.751944000000002,"StartLat":41.275278}},{"type":"Feature","id":183,"geometry":{"type":"Point","coordinates":[23.686199188000046,46.785198212000068]},"properties":{"OBJECTID":183,"Departure_Airport":"IST","Destination_Code":"CLJ","Destination_Name":"Cluj-Napoca","Airline":"Turkish Airlines","Duration__minutes_":100,"Reverse_Duration__minutes_":115,"Distance__km_":739,"Flights_per_Day":"1","Latitude":46.785198211669922,"Longitude":23.686199188232425,"Altitude":1036,"Name":"Cluj-Napoca International Airport","StartLon":28.751944000000002,"StartLat":41.275278}},{"type":"Feature","id":184,"geometry":{"type":"Point","coordinates":[37.90629959100005,55.408798218000072]},"properties":{"OBJECTID":184,"Departure_Airport":"IST","Destination_Code":"DME","Destination_Name":"Moscow","Airline":"Ural Airlines","Duration__minutes_":285,"Reverse_Duration__minutes_":325,"Distance__km_":1717,"Flights_per_Day":"1","Latitude":55.408798217773438,"Longitude":37.906299591064453,"Altitude":588,"Name":"Domodedovo International Airport","StartLon":28.751944000000002,"StartLat":41.275278}},{"type":"Feature","id":185,"geometry":{"type":"Point","coordinates":[18.60169983000003,-33.964801789999967]},"properties":{"OBJECTID":185,"Departure_Airport":"IST","Destination_Code":"CPT","Destination_Name":"Cape Town","Airline":"Turkish Airlines","Duration__minutes_":665,"Reverse_Duration__minutes_":680,"Distance__km_":8473,"Flights_per_Day":"1","Latitude":-33.964801790000003,"Longitude":18.601699830000001,"Altitude":151,"Name":"Cape Town International Airport","StartLon":28.751944000000002,"StartLat":41.275278}},{"type":"Feature","id":186,"geometry":{"type":"Point","coordinates":[15.066400000000044,37.466801000000032]},"properties":{"OBJECTID":186,"Departure_Airport":"IST","Destination_Code":"CTA","Destination_Name":"Catania","Airline":"Turkish Airlines","Duration__minutes_":150,"Reverse_Duration__minutes_":155,"Distance__km_":1253,"Flights_per_Day":"1","Latitude":37.466800999999997,"Longitude":15.0664,"Altitude":39,"Name":"Catania-Fontanarossa Airport","StartLon":28.751944000000002,"StartLat":41.275278}},{"type":"Feature","id":187,"geometry":{"type":"Point","coordinates":[39.202599000000077,-6.8781099999999356]},"properties":{"OBJECTID":187,"Departure_Airport":"IST","Destination_Code":"DAR","Destination_Name":"Dar Es Salaam","Airline":"Turkish Airlines","Duration__minutes_":465,"Reverse_Duration__minutes_":490,"Distance__km_":5487,"Flights_per_Day":"1","Latitude":-6.8781100000000004,"Longitude":39.202598999999999,"Altitude":182,"Name":"Julius Nyerere International Airport","StartLon":28.751944000000002,"StartLat":41.275278}},{"type":"Feature","id":188,"geometry":{"type":"Point","coordinates":[49.797901154000044,26.471200943000042]},"properties":{"OBJECTID":188,"Departure_Airport":"IST","Destination_Code":"DMM","Destination_Name":"Dammam","Airline":"Turkish Airlines","Duration__minutes_":240,"Reverse_Duration__minutes_":270,"Distance__km_":2547,"Flights_per_Day":"1","Latitude":26.471200942993164,"Longitude":49.797901153564453,"Altitude":72,"Name":"King Fahd International Airport","StartLon":28.751944000000002,"StartLat":41.275278}},{"type":"Feature","id":189,"geometry":{"type":"Point","coordinates":[39.527000430000044,39.710201260000076]},"properties":{"OBJECTID":189,"Departure_Airport":"IST","Destination_Code":"ERC","Destination_Name":"Erzincan","Airline":"Turkish Airlines","Duration__minutes_":115,"Reverse_Duration__minutes_":125,"Distance__km_":932,"Flights_per_Day":"1","Latitude":39.710201259999998,"Longitude":39.527000430000001,"Altitude":3783,"Name":"Erzincan Airport","StartLon":28.751944000000002,"StartLat":41.275278}},{"type":"Feature","id":190,"geometry":{"type":"Point","coordinates":[105.80699920700005,21.221200943000042]},"properties":{"OBJECTID":190,"Departure_Airport":"IST","Destination_Code":"HAN","Destination_Name":"Hanoi","Airline":"Turkish Airlines","Duration__minutes_":560,"Reverse_Duration__minutes_":670,"Distance__km_":7456,"Flights_per_Day":"1","Latitude":21.221200942993164,"Longitude":105.80699920654295,"Altitude":39,"Name":"Noi Bai International Airport","StartLon":28.751944000000002,"StartLat":41.275278}},{"type":"Feature","id":191,"geometry":{"type":"Point","coordinates":[98.316902000000084,8.113200000000063]},"properties":{"OBJECTID":191,"Departure_Airport":"IST","Destination_Code":"HKT","Destination_Name":"Phuket","Airline":"Turkish Airlines","Duration__minutes_":575,"Reverse_Duration__minutes_":665,"Distance__km_":7752,"Flights_per_Day":"1","Latitude":8.1132000000000009,"Longitude":98.316901999999999,"Altitude":82,"Name":"Phuket International Airport","StartLon":28.751944000000002,"StartLat":41.275278}},{"type":"Feature","id":192,"geometry":{"type":"Point","coordinates":[33.799400330000026,27.178300858000057]},"properties":{"OBJECTID":192,"Departure_Airport":"IST","Destination_Code":"HRG","Destination_Name":"Hurghada","Airline":"Turkish Airlines","Duration__minutes_":160,"Reverse_Duration__minutes_":180,"Distance__km_":1641,"Flights_per_Day":"1","Latitude":27.178300857543945,"Longitude":33.799400329589844,"Altitude":52,"Name":"Hurghada International Airport","StartLon":28.751944000000002,"StartLat":41.275278}},{"type":"Feature","id":193,"geometry":{"type":"Point","coordinates":[36.282222748000038,36.362777710000046]},"properties":{"OBJECTID":193,"Departure_Airport":"IST","Destination_Code":"HTY","Destination_Name":"Antakya","Airline":"Turkish Airlines","Duration__minutes_":110,"Reverse_Duration__minutes_":120,"Distance__km_":854,"Flights_per_Day":"1","Latitude":36.362777710000003,"Longitude":36.282222747800006,"Altitude":269,"Name":"Hatay Airport","StartLon":28.751944000000002,"StartLat":41.275278}},{"type":"Feature","id":194,"geometry":{"type":"Point","coordinates":[51.861301422000054,32.750801086000024]},"properties":{"OBJECTID":194,"Departure_Airport":"IST","Destination_Code":"IFN","Destination_Name":"Isfahan","Airline":"Turkish Airlines","Duration__minutes_":210,"Reverse_Duration__minutes_":230,"Distance__km_":2262,"Flights_per_Day":"1","Latitude":32.750801086425781,"Longitude":51.861301422119141,"Altitude":5059,"Name":"Esfahan Shahid Beheshti International Airport","StartLon":28.751944000000002,"StartLat":41.275278}},{"type":"Feature","id":195,"geometry":{"type":"Point","coordinates":[28.246000000000038,-26.13919999999996]},"properties":{"OBJECTID":195,"Departure_Airport":"IST","Destination_Code":"JNB","Destination_Name":"Johannesburg","Airline":"Turkish Airlines","Duration__minutes_":590,"Reverse_Duration__minutes_":615,"Distance__km_":7533,"Flights_per_Day":"1","Latitude":-26.139199999999999,"Longitude":28.245999999999999,"Altitude":5558,"Name":"OR Tambo International Airport","StartLon":28.751944000000002,"StartLat":41.275278}},{"type":"Feature","id":196,"geometry":{"type":"Point","coordinates":[67.160797000000059,24.906500000000051]},"properties":{"OBJECTID":196,"Departure_Airport":"IST","Destination_Code":"KHI","Destination_Name":"Karachi","Airline":"Turkish Airlines","Duration__minutes_":310,"Reverse_Duration__minutes_":380,"Distance__km_":3992,"Flights_per_Day":"1","Latitude":24.906500000000001,"Longitude":67.160797000000002,"Altitude":100,"Name":"Jinnah International Airport","StartLon":28.751944000000002,"StartLat":41.275278}},{"type":"Feature","id":197,"geometry":{"type":"Point","coordinates":[115.1669998000001,-8.7481698989999472]},"properties":{"OBJECTID":197,"Departure_Airport":"IST","Destination_Code":"DPS","Destination_Name":"Denpasar","Airline":"Turkish Airlines","Duration__minutes_":735,"Reverse_Duration__minutes_":815,"Distance__km_":10407,"Flights_per_Day":"1","Latitude":-8.7481698990000005,"Longitude":115.1669998,"Altitude":14,"Name":"Ngurah Rai (Bali) International Airport","StartLon":28.751944000000002,"StartLat":41.275278}},{"type":"Feature","id":198,"geometry":{"type":"Point","coordinates":[-8.0362997059999657,31.606899260000034]},"properties":{"OBJECTID":198,"Departure_Airport":"IST","Destination_Code":"RAK","Destination_Name":"Marrakech","Airline":"Turkish Airlines","Duration__minutes_":330,"Reverse_Duration__minutes_":310,"Distance__km_":3450,"Flights_per_Day":"1","Latitude":31.606899259999999,"Longitude":-8.0362997059999994,"Altitude":1545,"Name":"Menara Airport","StartLon":28.751944000000002,"StartLat":41.275278}},{"type":"Feature","id":199,"geometry":{"type":"Point","coordinates":[55.517200470000034,25.328599930000053]},"properties":{"OBJECTID":199,"Departure_Airport":"IST","Destination_Code":"SHJ","Destination_Name":"Sharjah","Airline":"Air Arabia","Duration__minutes_":260,"Reverse_Duration__minutes_":300,"Distance__km_":3049,"Flights_per_Day":"1","Latitude":25.32859992980957,"Longitude":55.517200469999999,"Altitude":111,"Name":"Sharjah International Airport","StartLon":28.751944000000002,"StartLat":41.275278}},{"type":"Feature","id":200,"geometry":{"type":"Point","coordinates":[49.278701780000063,55.606201170000077]},"properties":{"OBJECTID":200,"Departure_Airport":"IST","Destination_Code":"KZN","Destination_Name":"Kazan","Airline":"Turkish Airlines","Duration__minutes_":290,"Reverse_Duration__minutes_":330,"Distance__km_":2195,"Flights_per_Day":"0-2","Latitude":55.606201169999999,"Longitude":49.278701779999999,"Altitude":411,"Name":"Kazan International Airport","StartLon":28.751944000000002,"StartLat":41.275278}},{"type":"Feature","id":201,"geometry":{"type":"Point","coordinates":[3.3211600780000481,6.5773701670000264]},"properties":{"OBJECTID":201,"Departure_Airport":"IST","Destination_Code":"LOS","Destination_Name":"Lagos","Airline":"Turkish Airlines","Duration__minutes_":435,"Reverse_Duration__minutes_":395,"Distance__km_":4629,"Flights_per_Day":"1","Latitude":6.5773701667785645,"Longitude":3.3211600780487061,"Altitude":135,"Name":"Murtala Muhammed International Airport","StartLon":28.751944000000002,"StartLat":41.275278}},{"type":"Feature","id":202,"geometry":{"type":"Point","coordinates":[57.683601000000067,-20.430200999999954]},"properties":{"OBJECTID":202,"Departure_Airport":"IST","Destination_Code":"MRU","Destination_Name":"Mauritius","Airline":"Turkish Airlines","Duration__minutes_":565,"Reverse_Duration__minutes_":620,"Distance__km_":7520,"Flights_per_Day":"1","Latitude":-20.430201,"Longitude":57.683601000000003,"Altitude":186,"Name":"Sir Seewoosagur Ramgoolam International Airport","StartLon":28.751944000000002,"StartLat":41.275278}},{"type":"Feature","id":203,"geometry":{"type":"Point","coordinates":[35.521999000000051,40.82939900000008]},"properties":{"OBJECTID":203,"Departure_Airport":"IST","Destination_Code":"MZH","Destination_Name":"Merzifon","Airline":"Turkish Airlines","Duration__minutes_":90,"Reverse_Duration__minutes_":95,"Distance__km_":573,"Flights_per_Day":"1","Latitude":40.829399000000002,"Longitude":35.521999000000001,"Altitude":1758,"Name":"Amasya Merzifon Airport","StartLon":28.751944000000002,"StartLat":41.275278}},{"type":"Feature","id":204,"geometry":{"type":"Point","coordinates":[35.066398620000029,42.015800480000053]},"properties":{"OBJECTID":204,"Departure_Airport":"IST","Destination_Code":"NOP","Destination_Name":"Sinop","Airline":"Turkish Airlines","Duration__minutes_":85,"Reverse_Duration__minutes_":100,"Distance__km_":534,"Flights_per_Day":"1","Latitude":42.015800480000003,"Longitude":35.066398620000001,"Altitude":20,"Name":"Sinop Airport","StartLon":28.751944000000002,"StartLat":41.275278}},{"type":"Feature","id":205,"geometry":{"type":"Point","coordinates":[140.3860016000001,35.764701840000043]},"properties":{"OBJECTID":205,"Departure_Airport":"IST","Destination_Code":"NRT","Destination_Name":"Tokyo","Airline":"Turkish Airlines","Duration__minutes_":680,"Reverse_Duration__minutes_":830,"Distance__km_":9030,"Flights_per_Day":"1","Latitude":35.764701840000001,"Longitude":140.38600159999999,"Altitude":141,"Name":"Narita International Airport","StartLon":28.751944000000002,"StartLat":41.275278}},{"type":"Feature","id":206,"geometry":{"type":"Point","coordinates":[-0.6211829779999789,35.623901370000056]},"properties":{"OBJECTID":206,"Departure_Airport":"IST","Destination_Code":"ORN","Destination_Name":"Oran","Airline":"Air Algerie","Duration__minutes_":265,"Reverse_Duration__minutes_":245,"Distance__km_":2632,"Flights_per_Day":"0-2","Latitude":35.623901369999999,"Longitude":-0.621182978,"Altitude":295,"Name":"Es Senia Airport","StartLon":28.751944000000002,"StartLat":41.275278}},{"type":"Feature","id":207,"geometry":{"type":"Point","coordinates":[-1.5124199999999632,12.353200000000072]},"properties":{"OBJECTID":207,"Departure_Airport":"IST","Destination_Code":"OUA","Destination_Name":"Ouagadougou","Airline":"Turkish Airlines","Duration__minutes_":400,"Reverse_Duration__minutes_":375,"Distance__km_":4376,"Flights_per_Day":"1","Latitude":12.353199999999999,"Longitude":-1.5124200000000001,"Altitude":1037,"Name":"Ouagadougou Airport","StartLon":28.751944000000002,"StartLat":41.275278}},{"type":"Feature","id":208,"geometry":{"type":"Point","coordinates":[106.65200040000008,10.818799970000043]},"properties":{"OBJECTID":208,"Departure_Airport":"IST","Destination_Code":"SGN","Destination_Name":"Ho Chi Minh City","Airline":"Turkish Airlines","Duration__minutes_":605,"Reverse_Duration__minutes_":675,"Distance__km_":8254,"Flights_per_Day":"1","Latitude":10.818799970000001,"Longitude":106.65200040000001,"Altitude":33,"Name":"Tan Son Nhat International Airport","StartLon":28.751944000000002,"StartLat":41.275278}},{"type":"Feature","id":209,"geometry":{"type":"Point","coordinates":[13.004300120000039,47.793300630000033]},"properties":{"OBJECTID":209,"Departure_Airport":"IST","Destination_Code":"SZG","Destination_Name":"Salzburg","Airline":"Turkish Airlines","Duration__minutes_":165,"Reverse_Duration__minutes_":160,"Distance__km_":1446,"Flights_per_Day":"1","Latitude":47.793300629999997,"Longitude":13.00430012,"Altitude":1411,"Name":"Salzburg Airport","StartLon":28.751944000000002,"StartLat":41.275278}},{"type":"Feature","id":210,"geometry":{"type":"Point","coordinates":[1.3638200000000325,43.629101000000048]},"properties":{"OBJECTID":210,"Departure_Airport":"IST","Destination_Code":"TLS","Destination_Name":"Toulouse","Airline":"Turkish Airlines","Duration__minutes_":235,"Reverse_Duration__minutes_":220,"Distance__km_":2262,"Flights_per_Day":"1","Latitude":43.629100999999999,"Longitude":1.36382,"Altitude":499,"Name":"Toulouse-Blagnac Airport","StartLon":28.751944000000002,"StartLat":41.275278}},{"type":"Feature","id":211,"geometry":{"type":"Point","coordinates":[7.6496300000000588,45.200802000000067]},"properties":{"OBJECTID":211,"Departure_Airport":"IST","Destination_Code":"TRN","Destination_Name":"Turin","Airline":"Turkish Airlines","Duration__minutes_":190,"Reverse_Duration__minutes_":185,"Distance__km_":1767,"Flights_per_Day":"1","Latitude":45.200802000000003,"Longitude":7.6496300000000002,"Altitude":989,"Name":"Turin Airport","StartLon":28.751944000000002,"StartLat":41.275278}},{"type":"Feature","id":212,"geometry":{"type":"Point","coordinates":[27.825100000000077,43.232101000000057]},"properties":{"OBJECTID":212,"Departure_Airport":"IST","Destination_Code":"VAR","Destination_Name":"Varna","Airline":"Turkish Airlines","Duration__minutes_":65,"Reverse_Duration__minutes_":75,"Distance__km_":232,"Flights_per_Day":"1","Latitude":43.232101,"Longitude":27.825099999999999,"Altitude":230,"Name":"Varna Airport","StartLon":28.751944000000002,"StartLat":41.275278}},{"type":"Feature","id":213,"geometry":{"type":"Point","coordinates":[43.025978088000045,39.654541020000067]},"properties":{"OBJECTID":213,"Departure_Airport":"IST","Destination_Code":"AJI","Destination_Name":"Agri","Airline":"Turkish Airlines","Duration__minutes_":130,"Reverse_Duration__minutes_":155,"Distance__km_":1226,"Flights_per_Day":"1","Latitude":39.654541020000003,"Longitude":43.025978088378906,"Altitude":5462,"Name":"Ağrı Airport","StartLon":28.751944000000002,"StartLat":41.275278}},{"type":"Feature","id":214,"geometry":{"type":"Point","coordinates":[20.269500730000061,32.096801758000026]},"properties":{"OBJECTID":214,"Departure_Airport":"IST","Destination_Code":"BEN","Destination_Name":"Benghazi","Airline":"Libyan Airlines","Duration__minutes_":180,"Reverse_Duration__minutes_":180,"Distance__km_":1273,"Flights_per_Day":"0-2","Latitude":32.096801757799994,"Longitude":20.269500730000001,"Altitude":433,"Name":"Benina International Airport","StartLon":28.751944000000002,"StartLat":41.275278}},{"type":"Feature","id":215,"geometry":{"type":"Point","coordinates":[-7.9499399999999696,12.53350000000006]},"properties":{"OBJECTID":215,"Departure_Airport":"IST","Destination_Code":"BKO","Destination_Name":"Bamako","Airline":"Turkish Airlines","Duration__minutes_":425,"Reverse_Duration__minutes_":405,"Distance__km_":4804,"Flights_per_Day":"0-1","Latitude":12.5335,"Longitude":-7.9499399999999998,"Altitude":1247,"Name":"Modibo Keita International Airport","StartLon":28.751944000000002,"StartLat":41.275278}},{"type":"Feature","id":216,"geometry":{"type":"Point","coordinates":[71.745002750000083,40.358798980000074]},"properties":{"OBJECTID":216,"Departure_Airport":"IST","Destination_Code":"FEG","Destination_Name":"Fergana","Airline":"Uzbekistan Airways","Duration__minutes_":305,"Reverse_Duration__minutes_":345,"Distance__km_":3604,"Flights_per_Day":"0-1","Latitude":40.358798980000003,"Longitude":71.745002749999998,"Altitude":1980,"Name":"Fergana International Airport","StartLon":28.751944000000002,"StartLat":41.275278}},{"type":"Feature","id":217,"geometry":{"type":"Point","coordinates":[-74.168701169999963,40.69250106800007]},"properties":{"OBJECTID":217,"Departure_Airport":"IST","Destination_Code":"EWR","Destination_Name":"New York","Airline":"Turkish Airlines","Duration__minutes_":665,"Reverse_Duration__minutes_":585,"Distance__km_":8092,"Flights_per_Day":"0-1","Latitude":40.692501068115234,"Longitude":-74.168701170000006,"Altitude":18,"Name":"Newark Liberty International Airport","StartLon":28.751944000000002,"StartLat":41.275278}},{"type":"Feature","id":218,"geometry":{"type":"Point","coordinates":[-0.71555602599994472,44.828300480000053]},"properties":{"OBJECTID":218,"Departure_Airport":"IST","Destination_Code":"BOD","Destination_Name":"Bordeaux","Airline":"Turkish Airlines","Duration__minutes_":250,"Reverse_Duration__minutes_":235,"Distance__km_":2425,"Flights_per_Day":"0-1","Latitude":44.828300480000003,"Longitude":-0.71555602600000001,"Altitude":162,"Name":"Bordeaux-Mérignac Airport","StartLon":28.751944000000002,"StartLat":41.275278}},{"type":"Feature","id":219,"geometry":{"type":"Point","coordinates":[-71.005203249999965,42.364299770000059]},"properties":{"OBJECTID":219,"Departure_Airport":"IST","Destination_Code":"BOS","Destination_Name":"Boston","Airline":"Turkish Airlines","Duration__minutes_":635,"Reverse_Duration__minutes_":565,"Distance__km_":7768,"Flights_per_Day":"0-1","Latitude":42.364299770000002,"Longitude":-71.005203249999994,"Altitude":20,"Name":"General Edward Lawrence Logan International Airport","StartLon":28.751944000000002,"StartLat":41.275278}},{"type":"Feature","id":220,"geometry":null,"properties":{"OBJECTID":220,"Shape":null,"Departure_Airport":"IST","Destination_Code":"UBN","Destination_Name":"Ulaanbaatar","Airline":"Turkish Airlines","Duration__minutes_":495,"Reverse_Duration__minutes_":590,"Distance__km_":6003,"Flights_per_Day":"0-1","Latitude":null,"Longitude":null,"Altitude":null,"Name":null,"StartLon":28.751944000000002,"StartLat":41.275278}},{"type":"Feature","id":221,"geometry":{"type":"Point","coordinates":[2.3843500610000206,6.357230186000038]},"properties":{"OBJECTID":221,"Departure_Airport":"IST","Destination_Code":"COO","Destination_Name":"Cotonou","Airline":"Turkish Airlines","Duration__minutes_":435,"Reverse_Duration__minutes_":410,"Distance__km_":4701,"Flights_per_Day":"0-1","Latitude":6.3572301864624023,"Longitude":2.384350061416626,"Altitude":19,"Name":"Cadjehoun Airport","StartLon":28.751944000000002,"StartLat":41.275278}},{"type":"Feature","id":222,"geometry":{"type":"Point","coordinates":[68.82499695000007,38.543300630000033]},"properties":{"OBJECTID":222,"Departure_Airport":"IST","Destination_Code":"DYU","Destination_Name":"Dushanbe","Airline":"Air Southwest","Duration__minutes_":280,"Reverse_Duration__minutes_":330,"Distance__km_":3419,"Flights_per_Day":"0-2","Latitude":38.543300629999997,"Longitude":68.824996949999999,"Altitude":2575,"Name":"Dushanbe Airport","StartLon":28.751944000000002,"StartLat":41.275278}},{"type":"Feature","id":223,"geometry":{"type":"Point","coordinates":[113.91500100000007,22.308901000000048]},"properties":{"OBJECTID":223,"Departure_Airport":"IST","Destination_Code":"HKG","Destination_Name":"Hong Kong","Airline":"Turkish Airlines","Duration__minutes_":640,"Reverse_Duration__minutes_":720,"Distance__km_":8050,"Flights_per_Day":"0-1","Latitude":22.308900999999999,"Longitude":113.915001,"Altitude":28,"Name":"Hong Kong International Airport","StartLon":28.751944000000002,"StartLat":41.275278}},{"type":"Feature","id":224,"geometry":{"type":"Point","coordinates":[33.795799255000077,41.31420135500008]},"properties":{"OBJECTID":224,"Departure_Airport":"IST","Destination_Code":"KFS","Destination_Name":"Kastamonu","Airline":"Turkish Airlines","Duration__minutes_":80,"Reverse_Duration__minutes_":90,"Distance__km_":423,"Flights_per_Day":"0-1","Latitude":41.314201354980469,"Longitude":33.795799255371094,"Altitude":3520,"Name":"Kastamonu Airport","StartLon":28.751944000000002,"StartLat":41.275278}},{"type":"Feature","id":225,"geometry":{"type":"Point","coordinates":[60.802700040000047,56.743099210000082]},"properties":{"OBJECTID":225,"Departure_Airport":"IST","Destination_Code":"SVX","Destination_Name":"Yekaterinburg","Airline":"Aeroflot","Duration__minutes_":295,"Reverse_Duration__minutes_":330,"Distance__km_":2875,"Flights_per_Day":"0-1","Latitude":56.743099209999997,"Longitude":60.802700039999998,"Altitude":764,"Name":"Koltsovo Airport","StartLon":28.751944000000002,"StartLat":41.275278}},{"type":"Feature","id":226,"geometry":{"type":"Point","coordinates":[16.76059900000007,41.138901000000033]},"properties":{"OBJECTID":226,"Departure_Airport":"IST","Destination_Code":"BRI","Destination_Name":"Bari","Airline":"Turkish Airlines","Duration__minutes_":130,"Reverse_Duration__minutes_":135,"Distance__km_":1006,"Flights_per_Day":"0-1","Latitude":41.138900999999997,"Longitude":16.760598999999999,"Altitude":177,"Name":"Bari Karol Wojtyła Airport","StartLon":28.751944000000002,"StartLat":41.275278}},{"type":"Feature","id":227,"geometry":{"type":"Point","coordinates":[9.4122800830000415,0.45860001400006922]},"properties":{"OBJECTID":227,"Departure_Airport":"IST","Destination_Code":"LBV","Destination_Name":"Libreville","Airline":"Turkish Airlines","Duration__minutes_":455,"Reverse_Duration__minutes_":450,"Distance__km_":4962,"Flights_per_Day":"0-1","Latitude":0.458600014,"Longitude":9.4122800830000006,"Altitude":39,"Name":"Libreville Leon M'ba International Airport","StartLon":28.751944000000002,"StartLat":41.275278}},{"type":"Feature","id":228,"geometry":{"type":"Point","coordinates":[41.840400696000074,37.97890090900006]},"properties":{"OBJECTID":228,"Departure_Airport":"IST","Destination_Code":"SXZ","Destination_Name":"Siirt","Airline":"Turkish Airlines","Duration__minutes_":120,"Reverse_Duration__minutes_":140,"Distance__km_":1184,"Flights_per_Day":"0-1","Latitude":37.978900909423828,"Longitude":41.840400695800781,"Altitude":2001,"Name":"Siirt Airport","StartLon":28.751944000000002,"StartLat":41.275278}},{"type":"Feature","id":229,"geometry":{"type":"Point","coordinates":[-17.073332999999934,14.670000000000073]},"properties":{"OBJECTID":229,"Departure_Airport":"IST","Destination_Code":"DSS","Destination_Name":"Dakar","Airline":"Turkish Airlines","Duration__minutes_":465,"Reverse_Duration__minutes_":420,"Distance__km_":5324,"Flights_per_Day":"0-1","Latitude":14.67,"Longitude":-17.073333000000002,"Altitude":290,"Name":"Blaise Diagne International Airport","StartLon":28.751944000000002,"StartLat":41.275278}},{"type":"Feature","id":230,"geometry":{"type":"Point","coordinates":[27.013799670000026,39.554599760000031]},"properties":{"OBJECTID":230,"Departure_Airport":"IST","Destination_Code":"EDO","Destination_Name":"Edremit","Airline":"Turkish Airlines","Duration__minutes_":63,"Reverse_Duration__minutes_":80,"Distance__km_":237,"Flights_per_Day":"0-1","Latitude":39.554599760000002,"Longitude":27.013799670000001,"Altitude":50,"Name":"Balıkesir Körfez Airport","StartLon":28.751944000000002,"StartLat":41.275278}},{"type":"Feature","id":231,"geometry":{"type":"Point","coordinates":[15.444600000000037,-4.3857499999999732]},"properties":{"OBJECTID":231,"Departure_Airport":"IST","Destination_Code":"FIH","Destination_Name":"Kinshasa","Airline":"Turkish Airlines","Duration__minutes_":460,"Reverse_Duration__minutes_":515,"Distance__km_":5279,"Flights_per_Day":"0-2","Latitude":-4.3857499999999998,"Longitude":15.444599999999999,"Altitude":1027,"Name":"Ndjili International Airport","StartLon":28.751944000000002,"StartLat":41.275278}},{"type":"Feature","id":232,"geometry":{"type":"Point","coordinates":[-82.409103389999984,22.989200592000032]},"properties":{"OBJECTID":232,"Departure_Airport":"IST","Destination_Code":"HAV","Destination_Name":"Havana","Airline":"Turkish Airlines","Duration__minutes_":798,"Reverse_Duration__minutes_":798,"Distance__km_":10011,"Flights_per_Day":"0-1","Latitude":22.989200592041016,"Longitude":-82.409103389999999,"Altitude":210,"Name":"José Martí International Airport","StartLon":28.751944000000002,"StartLat":41.275278}},{"type":"Feature","id":233,"geometry":{"type":"Point","coordinates":[30.368400570000063,37.855400090000046]},"properties":{"OBJECTID":233,"Departure_Airport":"IST","Destination_Code":"ISE","Destination_Name":"Isparta","Airline":"Turkish Airlines","Duration__minutes_":75,"Reverse_Duration__minutes_":80,"Distance__km_":405,"Flights_per_Day":"0-1","Latitude":37.855400090000003,"Longitude":30.368400569999999,"Altitude":2835,"Name":"Süleyman Demirel International Airport","StartLon":28.751944000000002,"StartLat":41.275278}},{"type":"Feature","id":234,"geometry":{"type":"Point","coordinates":[85.359100000000069,27.696600000000046]},"properties":{"OBJECTID":234,"Departure_Airport":"IST","Destination_Code":"KTM","Destination_Name":"Kathmandu","Airline":"Turkish Airlines","Duration__minutes_":415,"Reverse_Duration__minutes_":525,"Distance__km_":5334,"Flights_per_Day":"0-1","Latitude":27.6966,"Longitude":85.359099999999998,"Altitude":4390,"Name":"Tribhuvan International Airport","StartLon":28.751944000000002,"StartLat":41.275278}},{"type":"Feature","id":235,"geometry":{"type":"Point","coordinates":[30.128111000000047,39.113079000000027]},"properties":{"OBJECTID":235,"Departure_Airport":"IST","Destination_Code":"KZR","Destination_Name":"Kutahya","Airline":"Turkish Airlines","Duration__minutes_":65,"Reverse_Duration__minutes_":65,"Distance__km_":230,"Flights_per_Day":"0-1","Latitude":39.113078999999999,"Longitude":30.128111000000001,"Altitude":3327,"Name":"Zafer Airport","StartLon":28.751944000000002,"StartLat":41.275278}},{"type":"Feature","id":236,"geometry":{"type":"Point","coordinates":[12.236389000000031,51.423889000000031]},"properties":{"OBJECTID":236,"Departure_Airport":"IST","Destination_Code":"LEJ","Destination_Name":"Leipzig/Halle","Airline":"Turkish Airlines","Duration__minutes_":190,"Reverse_Duration__minutes_":185,"Distance__km_":1699,"Flights_per_Day":"0-1","Latitude":51.423889000000003,"Longitude":12.236389000000001,"Altitude":465,"Name":"Leipzig/Halle Airport","StartLon":28.751944000000002,"StartLat":41.275278}},{"type":"Feature","id":237,"geometry":null,"properties":{"OBJECTID":237,"Shape":null,"Departure_Airport":"IST","Destination_Code":"MRA","Destination_Name":"Misurata","Airline":"Afriqiyah Airways","Duration__minutes_":208,"Reverse_Duration__minutes_":215,"Distance__km_":1577,"Flights_per_Day":"0-2","Latitude":null,"Longitude":null,"Altitude":null,"Name":null,"StartLon":28.751944000000002,"StartLat":41.275278}},{"type":"Feature","id":238,"geometry":{"type":"Point","coordinates":[44.348899841000048,35.469501495000031]},"properties":{"OBJECTID":238,"Departure_Airport":"IST","Destination_Code":"KIK","Destination_Name":"Kirkuk","Airline":"Iraqi Airways","Duration__minutes_":155,"Reverse_Duration__minutes_":175,"Distance__km_":1501,"Flights_per_Day":"0-2","Latitude":35.469501495361328,"Longitude":44.348899841308594,"Altitude":1061,"Name":"Kirkuk Air Base","StartLon":28.751944000000002,"StartLat":41.275278}},{"type":"Feature","id":239,"geometry":{"type":"Point","coordinates":[45.304698940000037,2.0144400600000267]},"properties":{"OBJECTID":239,"Departure_Airport":"IST","Destination_Code":"MGQ","Destination_Name":"Mogadishu","Airline":"Turkish Airlines","Duration__minutes_":400,"Reverse_Duration__minutes_":445,"Distance__km_":4693,"Flights_per_Day":"0-1","Latitude":2.0144400596618648,"Longitude":45.304698940000002,"Altitude":29,"Name":"Aden Adde International Airport","StartLon":28.751944000000002,"StartLat":41.275278}},{"type":"Feature","id":240,"geometry":{"type":"Point","coordinates":[39.22489900000005,-6.2220199999999295]},"properties":{"OBJECTID":240,"Departure_Airport":"IST","Destination_Code":"ZNZ","Destination_Name":"Zanzibar","Airline":"Turkish Airlines","Duration__minutes_":450,"Reverse_Duration__minutes_":485,"Distance__km_":5414,"Flights_per_Day":"0-1","Latitude":-6.2220199999999997,"Longitude":39.224899000000001,"Altitude":54,"Name":"Abeid Amani Karume International Airport","StartLon":28.751944000000002,"StartLat":41.275278}},{"type":"Feature","id":241,"geometry":{"type":"Point","coordinates":[60.641700745000037,41.584300995000035]},"properties":{"OBJECTID":241,"Departure_Airport":"IST","Destination_Code":"UGC","Destination_Name":"Urgench","Airline":"Uzbekistan Airways","Duration__minutes_":230,"Reverse_Duration__minutes_":265,"Distance__km_":2658,"Flights_per_Day":"0-2","Latitude":41.584300994873047,"Longitude":60.641700744628906,"Altitude":320,"Name":"Urgench Airport","StartLon":28.751944000000002,"StartLat":41.275278}},{"type":"Feature","id":242,"geometry":{"type":"Point","coordinates":[9.1517801280000413,55.740299220000054]},"properties":{"OBJECTID":242,"Departure_Airport":"IST","Destination_Code":"BLL","Destination_Name":"Billund","Airline":"Turkish Airlines","Duration__minutes_":225,"Reverse_Duration__minutes_":220,"Distance__km_":2158,"Flights_per_Day":"0-1","Latitude":55.740299219999997,"Longitude":9.1517801280000004,"Altitude":247,"Name":"Billund Airport","StartLon":28.751944000000002,"StartLat":41.275278}},{"type":"Feature","id":243,"geometry":{"type":"Point","coordinates":[82.650703430000078,55.012599950000038]},"properties":{"OBJECTID":243,"Departure_Airport":"IST","Destination_Code":"OVB","Destination_Name":"Novosibirsk","Airline":"S7 Airlines","Duration__minutes_":350,"Reverse_Duration__minutes_":400,"Distance__km_":4183,"Flights_per_Day":"0-1","Latitude":55.012599950000002,"Longitude":82.650703429999993,"Altitude":365,"Name":"Tolmachevo Airport","StartLon":28.751944000000002,"StartLat":41.275278}},{"type":"Feature","id":244,"geometry":{"type":"Point","coordinates":[9.719479561000071,4.0060801510000488]},"properties":{"OBJECTID":244,"Departure_Airport":"IST","Destination_Code":"DLA","Destination_Name":"Douala","Airline":"Turkish Airlines","Duration__minutes_":445,"Reverse_Duration__minutes_":445,"Distance__km_":4579,"Flights_per_Day":"0-1","Latitude":4.0060801509999999,"Longitude":9.719479561,"Altitude":33,"Name":"Douala International Airport","StartLon":28.751944000000002,"StartLat":41.275278}},{"type":"Feature","id":245,"geometry":{"type":"Point","coordinates":[13.091000000000065,38.175999000000047]},"properties":{"OBJECTID":245,"Departure_Airport":"IST","Destination_Code":"PMO","Destination_Name":"Palermo","Airline":"Turkish Airlines","Duration__minutes_":160,"Reverse_Duration__minutes_":160,"Distance__km_":1387,"Flights_per_Day":"0-1","Latitude":38.175998999999997,"Longitude":13.090999999999999,"Altitude":65,"Name":"Falcone–Borsellino Airport","StartLon":28.751944000000002,"StartLat":41.275278}},{"type":"Feature","id":246,"geometry":{"type":"Point","coordinates":[43.159500122000054,11.54730033900006]},"properties":{"OBJECTID":246,"Departure_Airport":"IST","Destination_Code":"JIB","Destination_Name":"Djibouti","Airline":"Turkish Airlines","Duration__minutes_":315,"Reverse_Duration__minutes_":355,"Distance__km_":3609,"Flights_per_Day":"0-1","Latitude":11.547300338745115,"Longitude":43.159500122070312,"Altitude":49,"Name":"Djibouti-Ambouli Airport","StartLon":28.751944000000002,"StartLat":41.275278}},{"type":"Feature","id":247,"geometry":null,"properties":{"OBJECTID":247,"Shape":null,"Departure_Airport":"IST","Destination_Code":"TFU","Destination_Name":"Chengdu","Airline":"Sichuan Airlines","Duration__minutes_":525,"Reverse_Duration__minutes_":620,"Distance__km_":6759,"Flights_per_Day":"0-1","Latitude":null,"Longitude":null,"Altitude":null,"Name":null,"StartLon":28.751944000000002,"StartLat":41.275278}},{"type":"Feature","id":248,"geometry":{"type":"Point","coordinates":[37.07450104000003,-3.4294099809999352]},"properties":{"OBJECTID":248,"Departure_Airport":"IST","Destination_Code":"JRO","Destination_Name":"Kilimanjaro","Airline":"Turkish Airlines","Duration__minutes_":435,"Reverse_Duration__minutes_":410,"Distance__km_":null,"Flights_per_Day":"0-1","Latitude":-3.4294099810000001,"Longitude":37.074501040000001,"Altitude":2932,"Name":"Kilimanjaro International Airport","StartLon":28.751944000000002,"StartLat":41.275278}},{"type":"Feature","id":249,"geometry":{"type":"Point","coordinates":[-104.67299649999995,39.861698150000052]},"properties":{"OBJECTID":249,"Departure_Airport":"IST","Destination_Code":"DEN","Destination_Name":"Denver","Airline":"Turkish Airlines","Duration__minutes_":790,"Reverse_Duration__minutes_":710,"Distance__km_":9894,"Flights_per_Day":"0-1","Latitude":39.861698150000002,"Longitude":-104.6729965,"Altitude":5431,"Name":"Denver International Airport","StartLon":28.751944000000002,"StartLat":41.275278}},{"type":"Feature","id":250,"geometry":{"type":"Point","coordinates":[-15.969722199999978,18.310000000000059]},"properties":{"OBJECTID":250,"Departure_Airport":"IST","Destination_Code":"NKC","Destination_Name":"Nouakchott","Airline":"Turkish Airlines","Duration__minutes_":430,"Reverse_Duration__minutes_":420,"Distance__km_":4964,"Flights_per_Day":"0-1","Latitude":18.309999999999999,"Longitude":-15.9697222,"Altitude":9,"Name":"Nouakchott–Oumtounsy International Airport","StartLon":28.751944000000002,"StartLat":41.275278}},{"type":"Feature","id":251,"geometry":{"type":"Point","coordinates":[51.091999000000044,43.860100000000045]},"properties":{"OBJECTID":251,"Departure_Airport":"IST","Destination_Code":"SCO","Destination_Name":"Aktau","Airline":"Turkish Airlines","Duration__minutes_":185,"Reverse_Duration__minutes_":225,"Distance__km_":1857,"Flights_per_Day":"0-1","Latitude":43.860100000000003,"Longitude":51.091999000000001,"Altitude":73,"Name":"Aktau Airport","StartLon":28.751944000000002,"StartLat":41.275278}},{"type":"Feature","id":252,"geometry":{"type":"Point","coordinates":[55.521801000000039,-4.6743399999999724]},"properties":{"OBJECTID":252,"Departure_Airport":"IST","Destination_Code":"SEZ","Destination_Name":"Mahe Island","Airline":"Turkish Airlines","Duration__minutes_":475,"Reverse_Duration__minutes_":495,"Distance__km_":5817,"Flights_per_Day":"0-1","Latitude":-4.6743399999999999,"Longitude":55.521801000000004,"Altitude":10,"Name":"Seychelles International Airport","StartLon":28.751944000000002,"StartLat":41.275278}},{"type":"Feature","id":253,"geometry":{"type":"Point","coordinates":[40.543442000000027,21.483001000000058]},"properties":{"OBJECTID":253,"Departure_Airport":"IST","Destination_Code":"TIF","Destination_Name":"Taif","Airline":"Turkish Airlines","Duration__minutes_":235,"Reverse_Duration__minutes_":265,"Distance__km_":2475,"Flights_per_Day":"0-1","Latitude":21.483001000000002,"Longitude":40.543441999999999,"Altitude":4848,"Name":"Ta’if Regional Airport","StartLon":28.751944000000002,"StartLat":41.275278}},{"type":"Feature","id":254,"geometry":{"type":"Point","coordinates":[25.830400470000029,66.564796450000074]},"properties":{"OBJECTID":254,"Departure_Airport":"IST","Destination_Code":"RVN","Destination_Name":"Rovaniemi","Airline":"Turkish Airlines","Duration__minutes_":280,"Reverse_Duration__minutes_":285,"Distance__km_":2833,"Flights_per_Day":"0-1","Latitude":66.564796450000003,"Longitude":25.830400470000001,"Altitude":642,"Name":"Rovaniemi Airport","StartLon":28.751944000000002,"StartLat":41.275278}},{"type":"Feature","id":255,"geometry":{"type":"Point","coordinates":[7.2631697650000433,9.0067901610000263]},"properties":{"OBJECTID":255,"Departure_Airport":"IST","Destination_Code":"ABV","Destination_Name":"Abuja","Airline":"Turkish Airlines","Duration__minutes_":400,"Reverse_Duration__minutes_":385,"Distance__km_":4183,"Flights_per_Day":"0-1","Latitude":9.0067901611328125,"Longitude":7.2631697654724121,"Altitude":1123,"Name":"Nnamdi Azikiwe International Airport","StartLon":28.751944000000002,"StartLat":41.275278}},{"type":"Feature","id":256,"geometry":{"type":"Point","coordinates":[44.238100000000031,37.54970000000003]},"properties":{"OBJECTID":256,"Departure_Airport":"IST","Destination_Code":"YKO","Destination_Name":"Yuksekova","Airline":"Turkish Airlines","Duration__minutes_":135,"Reverse_Duration__minutes_":165,"Distance__km_":1401,"Flights_per_Day":"0-1","Latitude":37.549700000000001,"Longitude":44.238100000000003,"Altitude":6400,"Name":"Hakkari Yüksekova Airport","StartLon":28.751944000000002,"StartLat":41.275278}},{"type":"Feature","id":257,"geometry":{"type":"Point","coordinates":[38.91070175200008,15.291899681000075]},"properties":{"OBJECTID":257,"Departure_Airport":"IST","Destination_Code":"ASM","Destination_Name":"Asmara","Airline":"Turkish Airlines","Duration__minutes_":278,"Reverse_Duration__minutes_":315,"Distance__km_":3065,"Flights_per_Day":"0-1","Latitude":15.291899681091309,"Longitude":38.910701751708977,"Altitude":7661,"Name":"Asmara International Airport","StartLon":28.751944000000002,"StartLat":41.275278}},{"type":"Feature","id":258,"geometry":{"type":"Point","coordinates":[116.41092000000003,39.509945000000073]},"properties":{"OBJECTID":258,"Departure_Airport":"IST","Destination_Code":"PKX","Destination_Name":"Beijing","Airline":"China Southern","Duration__minutes_":550,"Reverse_Duration__minutes_":670,"Distance__km_":7120,"Flights_per_Day":"0-1","Latitude":39.509945000000002,"Longitude":116.41092,"Altitude":98,"Name":"Beijing Daxing International Airport","StartLon":28.751944000000002,"StartLat":41.275278}},{"type":"Feature","id":259,"geometry":{"type":"Point","coordinates":[-123.18399809999994,49.19390106000003]},"properties":{"OBJECTID":259,"Departure_Airport":"IST","Destination_Code":"YVR","Destination_Name":"Vancouver","Airline":"Turkish Airlines","Duration__minutes_":765,"Reverse_Duration__minutes_":725,"Distance__km_":9640,"Flights_per_Day":"0-1","Latitude":49.193901060000002,"Longitude":-123.1839981,"Altitude":14,"Name":"Vancouver International Airport","StartLon":28.751944000000002,"StartLat":41.275278}},{"type":"Feature","id":260,"geometry":{"type":"Point","coordinates":[64.483299260000081,39.77500152600004]},"properties":{"OBJECTID":260,"Departure_Airport":"IST","Destination_Code":"BHK","Destination_Name":"Bukhara","Airline":"Uzbekistan Airways","Duration__minutes_":250,"Reverse_Duration__minutes_":295,"Distance__km_":3020,"Flights_per_Day":"0-1","Latitude":39.775001525878906,"Longitude":64.483299259999995,"Altitude":751,"Name":"Bukhara Airport","StartLon":28.751944000000002,"StartLat":41.275278}},{"type":"Feature","id":261,"geometry":{"type":"Point","coordinates":[43.081901550000055,44.225101471000073]},"properties":{"OBJECTID":261,"Departure_Airport":"IST","Destination_Code":"MRV","Destination_Name":"Mineralnye Vody","Airline":"Red Wings","Duration__minutes_":130,"Reverse_Duration__minutes_":150,"Distance__km_":1221,"Flights_per_Day":"0-1","Latitude":44.225101470947273,"Longitude":43.081901550292969,"Altitude":1054,"Name":"Mineralnyye Vody Airport","StartLon":28.751944000000002,"StartLat":41.275278}},{"type":"Feature","id":262,"geometry":{"type":"Point","coordinates":[69.478897095000036,42.364200592000032]},"properties":{"OBJECTID":262,"Departure_Airport":"IST","Destination_Code":"CIT","Destination_Name":"Shymkent","Airline":"SCAT Airlines","Duration__minutes_":260,"Reverse_Duration__minutes_":330,"Distance__km_":3364,"Flights_per_Day":"0-1","Latitude":42.364200592041016,"Longitude":69.478897094726562,"Altitude":1385,"Name":"Shymkent Airport","StartLon":28.751944000000002,"StartLat":41.275278}},{"type":"Feature","id":263,"geometry":{"type":"Point","coordinates":[-66.991221999999937,10.601194000000021]},"properties":{"OBJECTID":263,"Departure_Airport":"IST","Destination_Code":"CCS","Destination_Name":"Caracas","Airline":"Turkish Airlines","Duration__minutes_":783,"Reverse_Duration__minutes_":715,"Distance__km_":9755,"Flights_per_Day":"0-1","Latitude":10.601194,"Longitude":-66.991221999999993,"Altitude":234,"Name":"Simón Bolívar International Airport","StartLon":28.751944000000002,"StartLat":41.275278}},{"type":"Feature","id":264,"geometry":{"type":"Point","coordinates":[28.488300323000033,44.362201691000053]},"properties":{"OBJECTID":264,"Departure_Airport":"IST","Destination_Code":"CND","Destination_Name":"Constanta","Airline":"Turkish Airlines","Duration__minutes_":75,"Reverse_Duration__minutes_":80,"Distance__km_":346,"Flights_per_Day":"0-1","Latitude":44.362201690673828,"Longitude":28.488300323486328,"Altitude":353,"Name":"Mihail Kogălniceanu International Airport","StartLon":28.751944000000002,"StartLat":41.275278}},{"type":"Feature","id":265,"geometry":{"type":"Point","coordinates":[32.088600160000055,41.50640106000003]},"properties":{"OBJECTID":265,"Departure_Airport":"IST","Destination_Code":"ONQ","Destination_Name":"Zonguldak","Airline":"Turkish Airlines","Duration__minutes_":73,"Reverse_Duration__minutes_":70,"Distance__km_":282,"Flights_per_Day":"0-1","Latitude":41.506401060000002,"Longitude":32.088600159999999,"Altitude":39,"Name":"Zonguldak Airport","StartLon":28.751944000000002,"StartLat":41.275278}},{"type":"Feature","id":266,"geometry":{"type":"Point","coordinates":[-79.383499149999977,9.0713596340000322]},"properties":{"OBJECTID":266,"Departure_Airport":"IST","Destination_Code":"PTY","Destination_Name":"Panama City","Airline":"Turkish Airlines","Duration__minutes_":843,"Reverse_Duration__minutes_":775,"Distance__km_":10877,"Flights_per_Day":"0-1","Latitude":9.0713596340000002,"Longitude":-79.383499150000006,"Altitude":135,"Name":"Tocumen International Airport","StartLon":28.751944000000002,"StartLat":41.275278}},{"type":"Feature","id":267,"geometry":{"type":"Point","coordinates":[15.034000000000049,12.133700000000033]},"properties":{"OBJECTID":267,"Departure_Airport":"IST","Destination_Code":"NDJ","Destination_Name":"Ndjamena","Airline":"Turkish Airlines","Duration__minutes_":380,"Reverse_Duration__minutes_":375,"Distance__km_":3520,"Flights_per_Day":"0-1","Latitude":12.133699999999999,"Longitude":15.034000000000001,"Altitude":968,"Name":"N'Djamena International Airport","StartLon":28.751944000000002,"StartLat":41.275278}},{"type":"Feature","id":268,"geometry":null,"properties":{"OBJECTID":268,"Shape":null,"Departure_Airport":"IST","Destination_Code":"GHV","Destination_Name":"Brasov","Airline":"Air Leap","Duration__minutes_":85,"Reverse_Duration__minutes_":150,"Distance__km_":560,"Flights_per_Day":"0-1","Latitude":null,"Longitude":null,"Altitude":null,"Name":null,"StartLon":28.751944000000002,"StartLat":41.275278}},{"type":"Feature","id":269,"geometry":{"type":"Point","coordinates":[-1.6107300519999512,47.15319824200003]},"properties":{"OBJECTID":269,"Departure_Airport":"IST","Destination_Code":"NTE","Destination_Name":"Nantes","Airline":"Transavia France","Duration__minutes_":250,"Reverse_Duration__minutes_":235,"Distance__km_":2502,"Flights_per_Day":"0-1","Latitude":47.153198242200006,"Longitude":-1.6107300520000001,"Altitude":90,"Name":"Nantes Atlantique Airport","StartLon":28.751944000000002,"StartLat":41.275278}},{"type":"Feature","id":270,"geometry":{"type":"Point","coordinates":[11.553299904000028,3.7225599290000559]},"properties":{"OBJECTID":270,"Departure_Airport":"IST","Destination_Code":"NSI","Destination_Name":"Yaounde","Airline":"Turkish Airlines","Duration__minutes_":425,"Reverse_Duration__minutes_":445,"Distance__km_":4539,"Flights_per_Day":"0-1","Latitude":3.722559928894043,"Longitude":11.553299903869627,"Altitude":2278,"Name":"Yaoundé Nsimalen International Airport","StartLon":28.751944000000002,"StartLat":41.275278}},{"type":"Feature","id":271,"geometry":{"type":"Point","coordinates":[-73.740798949999942,45.470600130000037]},"properties":{"OBJECTID":271,"Departure_Airport":"IST","Destination_Code":"YUL","Destination_Name":"Montreal","Airline":"Turkish Airlines","Duration__minutes_":630,"Reverse_Duration__minutes_":580,"Distance__km_":7728,"Flights_per_Day":"0-1","Latitude":45.470600130000001,"Longitude":-73.740798949999999,"Altitude":118,"Name":"Montreal / Pierre Elliott Trudeau International Airport","StartLon":28.751944000000002,"StartLat":41.275278}},{"type":"Feature","id":272,"geometry":null,"properties":{"OBJECTID":272,"Shape":null,"Departure_Airport":"IST","Destination_Code":"HSA","Destination_Name":"Turkistan","Airline":"Turkish Airlines","Duration__minutes_":280,"Reverse_Duration__minutes_":335,"Distance__km_":3268,"Flights_per_Day":"0-1","Latitude":null,"Longitude":null,"Altitude":null,"Name":null,"StartLon":28.751944000000002,"StartLat":41.275278}},{"type":"Feature","id":273,"geometry":{"type":"Point","coordinates":[-6.7515199999999709,34.051498000000038]},"properties":{"OBJECTID":273,"Departure_Airport":"IST","Destination_Code":"RBA","Destination_Name":"Rabat","Airline":"Air Arabia Maroc","Duration__minutes_":298,"Reverse_Duration__minutes_":345,"Distance__km_":3218,"Flights_per_Day":"0-1","Latitude":34.051498000000002,"Longitude":-6.7515200000000002,"Altitude":276,"Name":"Rabat-Salé Airport","StartLon":28.751944000000002,"StartLat":41.275278}},{"type":"Feature","id":274,"geometry":{"type":"Point","coordinates":[51.821399690000078,47.121898651000038]},"properties":{"OBJECTID":274,"Departure_Airport":"IST","Destination_Code":"GUW","Destination_Name":"Atyrau","Airline":"Air Astana","Duration__minutes_":205,"Reverse_Duration__minutes_":245,"Distance__km_":1953,"Flights_per_Day":"0-1","Latitude":47.121898651123047,"Longitude":51.82139969,"Altitude":-72,"Name":"Atyrau Airport","StartLon":28.751944000000002,"StartLat":41.275278}},{"type":"Feature","id":275,"geometry":null,"properties":{"OBJECTID":275,"Shape":null,"Departure_Airport":"IST","Destination_Code":"NUM","Destination_Name":"Neom Bay","Airline":"Saudia","Duration__minutes_":195,"Reverse_Duration__minutes_":180,"Distance__km_":1606,"Flights_per_Day":"0-1","Latitude":null,"Longitude":null,"Altitude":null,"Name":null,"StartLon":28.751944000000002,"StartLat":41.275278}},{"type":"Feature","id":276,"geometry":{"type":"Point","coordinates":[-16.65220069999998,13.338000298000054]},"properties":{"OBJECTID":276,"Departure_Airport":"IST","Destination_Code":"BJL","Destination_Name":"Banjul","Airline":"Turkish Airlines","Duration__minutes_":470,"Reverse_Duration__minutes_":425,"Distance__km_":5395,"Flights_per_Day":"0-1","Latitude":13.338000297546388,"Longitude":-16.652200700000002,"Altitude":95,"Name":"Banjul International Airport","StartLon":28.751944000000002,"StartLat":41.275278}},{"type":"Feature","id":277,"geometry":{"type":"Point","coordinates":[27.620599750000054,47.17850112900004]},"properties":{"OBJECTID":277,"Departure_Airport":"IST","Destination_Code":"IAS","Destination_Name":"Iasi","Airline":"Wizz Air Malta","Duration__minutes_":100,"Reverse_Duration__minutes_":165,"Distance__km_":668,"Flights_per_Day":"0-1","Latitude":47.178501129150391,"Longitude":27.62059975,"Altitude":397,"Name":"Iaşi Airport","StartLon":28.751944000000002,"StartLat":41.275278}},{"type":"Feature","id":278,"geometry":{"type":"Point","coordinates":[-2.7190899999999374,51.382702000000052]},"properties":{"OBJECTID":278,"Departure_Airport":"IST","Destination_Code":"BRS","Destination_Name":"Bristol","Airline":"easyJet","Duration__minutes_":250,"Reverse_Duration__minutes_":225,"Distance__km_":2652,"Flights_per_Day":"0-1","Latitude":51.382702000000002,"Longitude":-2.71909,"Altitude":622,"Name":"Bristol Airport","StartLon":28.751944000000002,"StartLat":41.275278}},{"type":"Feature","id":279,"geometry":{"type":"Point","coordinates":[71.556701660000044,40.984600070000056]},"properties":{"OBJECTID":279,"Departure_Airport":"IST","Destination_Code":"NMA","Destination_Name":"Namangan","Airline":"Taban Airlines","Duration__minutes_":290,"Reverse_Duration__minutes_":330,"Distance__km_":3567,"Flights_per_Day":"0-1","Latitude":40.984600069999999,"Longitude":71.556701660000002,"Altitude":1555,"Name":"Namangan Airport","StartLon":28.751944000000002,"StartLat":41.275278}},{"type":"Feature","id":280,"geometry":{"type":"Point","coordinates":[67.209701538000047,36.706901550000055]},"properties":{"OBJECTID":280,"Departure_Airport":"IST","Destination_Code":"MZR","Destination_Name":"Mazar-I-Sharif","Airline":"Kam Air","Duration__minutes_":275,"Reverse_Duration__minutes_":330,"Distance__km_":3353,"Flights_per_Day":"0-1","Latitude":36.706901550292969,"Longitude":67.209701538085938,"Altitude":1284,"Name":"Mazar I Sharif Airport","StartLon":28.751944000000002,"StartLat":41.275278}},{"type":"Feature","id":281,"geometry":{"type":"Point","coordinates":[2.1836100000000442,13.48150000000004]},"properties":{"OBJECTID":281,"Departure_Airport":"IST","Destination_Code":"NIM","Destination_Name":"Niamey","Airline":"Turkish Airlines","Duration__minutes_":375,"Reverse_Duration__minutes_":365,"Distance__km_":4039,"Flights_per_Day":"0-1","Latitude":13.4815,"Longitude":2.1836099999999998,"Altitude":732,"Name":"Diori Hamani International Airport","StartLon":28.751944000000002,"StartLat":41.275278}},{"type":"Feature","id":282,"geometry":{"type":"Point","coordinates":[44.404317000000049,31.989853000000039]},"properties":{"OBJECTID":282,"Departure_Airport":"IST","Destination_Code":"NJF","Destination_Name":"Al-Najaf","Airline":"Iraqi Airways","Duration__minutes_":185,"Reverse_Duration__minutes_":210,"Distance__km_":1741,"Flights_per_Day":"0-1","Latitude":31.989853,"Longitude":44.404316999999999,"Altitude":103,"Name":"Al Najaf International Airport","StartLon":28.751944000000002,"StartLat":41.275278}},{"type":"Feature","id":283,"geometry":{"type":"Point","coordinates":[45.068698880000056,37.668098450000059]},"properties":{"OBJECTID":283,"Departure_Airport":"IST","Destination_Code":"OMH","Destination_Name":"Nazluy-ye Jonubi","Airline":"ATA Airlines","Duration__minutes_":145,"Reverse_Duration__minutes_":150,"Distance__km_":1463,"Flights_per_Day":"0-1","Latitude":37.668098450000002,"Longitude":45.068698879999999,"Altitude":4343,"Name":"Urmia Airport","StartLon":28.751944000000002,"StartLat":41.275278}},{"type":"Feature","id":284,"geometry":{"type":"Point","coordinates":[36.366668700000048,54.549999240000034]},"properties":{"OBJECTID":284,"Departure_Airport":"IST","Destination_Code":"KLF","Destination_Name":"Kaluga","Airline":"Red Wings","Duration__minutes_":275,"Reverse_Duration__minutes_":315,"Distance__km_":1582,"Flights_per_Day":"0-1","Latitude":54.549999239999998,"Longitude":36.366668699999998,"Altitude":656,"Name":"Grabtsevo Airport","StartLon":28.751944000000002,"StartLat":41.275278}},{"type":"Feature","id":285,"geometry":{"type":"Point","coordinates":[57.206699000000071,50.245800000000031]},"properties":{"OBJECTID":285,"Departure_Airport":"IST","Destination_Code":"AKX","Destination_Name":"Aktobe","Airline":"SCAT Airlines","Duration__minutes_":220,"Reverse_Duration__minutes_":255,"Distance__km_":2418,"Flights_per_Day":"0-1","Latitude":50.245800000000003,"Longitude":57.206699,"Altitude":738,"Name":"Aktobe Airport","StartLon":28.751944000000002,"StartLat":41.275278}},{"type":"Feature","id":286,"geometry":{"type":"Point","coordinates":[21.853701000000058,43.33729900000003]},"properties":{"OBJECTID":286,"Departure_Airport":"IST","Destination_Code":"INI","Destination_Name":"Nis","Airline":"Air Serbia","Duration__minutes_":90,"Reverse_Duration__minutes_":90,"Distance__km_":615,"Flights_per_Day":"0-1","Latitude":43.337299000000002,"Longitude":21.853701000000001,"Altitude":648,"Name":"Nis Airport","StartLon":28.751944000000002,"StartLat":41.275278}},{"type":"Feature","id":287,"geometry":{"type":"Point","coordinates":[31.601100920000079,4.872010231000047]},"properties":{"OBJECTID":287,"Departure_Airport":"IST","Destination_Code":"JUB","Destination_Name":"Juba","Airline":"Turkish Airlines","Duration__minutes_":388,"Reverse_Duration__minutes_":420,"Distance__km_":4077,"Flights_per_Day":"0-1","Latitude":4.872010231,"Longitude":31.60110092,"Altitude":1513,"Name":"Juba International Airport","StartLon":28.751944000000002,"StartLat":41.275278}},{"type":"Feature","id":288,"geometry":null,"properties":{"OBJECTID":288,"Shape":null,"Departure_Airport":"IST","Destination_Code":"KVO","Destination_Name":"Kraljevo","Airline":"Air Serbia","Duration__minutes_":135,"Reverse_Duration__minutes_":135,"Distance__km_":729,"Flights_per_Day":"0-1","Latitude":null,"Longitude":null,"Altitude":null,"Name":null,"StartLon":28.751944000000002,"StartLat":41.275278}},{"type":"Feature","id":289,"geometry":{"type":"Point","coordinates":[7.8091740000000414,36.822201000000064]},"properties":{"OBJECTID":289,"Departure_Airport":"IST","Destination_Code":"AAE","Destination_Name":"Annaba","Airline":"Air Algerie","Duration__minutes_":180,"Reverse_Duration__minutes_":165,"Distance__km_":1878,"Flights_per_Day":"0-1","Latitude":36.822201,"Longitude":7.8091739999999996,"Altitude":16,"Name":"Rabah Bitat Airport","StartLon":28.751944000000002,"StartLat":41.275278}},{"type":"Feature","id":290,"geometry":{"type":"Point","coordinates":[35.018100739000033,29.611600876000068]},"properties":{"OBJECTID":290,"Departure_Airport":"IST","Destination_Code":"AQJ","Destination_Name":"Aqaba","Airline":"Turkish Airlines","Duration__minutes_":175,"Reverse_Duration__minutes_":185,"Distance__km_":1419,"Flights_per_Day":"0-1","Latitude":29.611600875854489,"Longitude":35.018100738525391,"Altitude":175,"Name":"Aqaba King Hussein International Airport","StartLon":28.751944000000002,"StartLat":41.275278}},{"type":"Feature","id":291,"geometry":{"type":"Point","coordinates":[-4.9779601099999695,33.927299500000061]},"properties":{"OBJECTID":291,"Departure_Airport":"IST","Destination_Code":"FEZ","Destination_Name":"Fes","Airline":"Air Arabia Maroc","Duration__minutes_":280,"Reverse_Duration__minutes_":330,"Distance__km_":3075,"Flights_per_Day":"0-1","Latitude":33.927299499999997,"Longitude":-4.9779601099999997,"Altitude":1900,"Name":"Saïss Airport","StartLon":28.751944000000002,"StartLat":41.275278}},{"type":"Feature","id":292,"geometry":null,"properties":{"OBJECTID":292,"Shape":null,"Departure_Airport":"IST","Destination_Code":"GNJ","Destination_Name":"Gyandzha","Airline":"Turkish Airlines","Duration__minutes_":150,"Reverse_Duration__minutes_":180,"Distance__km_":1480,"Flights_per_Day":"0-1","Latitude":null,"Longitude":null,"Altitude":null,"Name":null,"StartLon":28.751944000000002,"StartLat":41.275278}},{"type":"Feature","id":293,"geometry":{"type":"Point","coordinates":[43.784000400000025,56.230098720000058]},"properties":{"OBJECTID":293,"Departure_Airport":"IST","Destination_Code":"GOJ","Destination_Name":"Nizhniy Novgorod","Airline":"Red Wings","Duration__minutes_":270,"Reverse_Duration__minutes_":300,"Distance__km_":1997,"Flights_per_Day":"0-1","Latitude":56.230098720000001,"Longitude":43.784000399999996,"Altitude":256,"Name":"Nizhny Novgorod Strigino International Airport","StartLon":28.751944000000002,"StartLat":41.275278}},{"type":"Feature","id":294,"geometry":{"type":"Point","coordinates":[13.231200000000058,-8.8583699999999794]},"properties":{"OBJECTID":294,"Departure_Airport":"IST","Destination_Code":"LAD","Destination_Name":"Luanda","Airline":"Turkish Airlines","Duration__minutes_":540,"Reverse_Duration__minutes_":525,"Distance__km_":5825,"Flights_per_Day":"0-1","Latitude":-8.8583700000000007,"Longitude":13.231199999999999,"Altitude":243,"Name":"Quatro de Fevereiro Airport","StartLon":28.751944000000002,"StartLat":41.275278}},{"type":"Feature","id":295,"geometry":{"type":"Point","coordinates":[3.9630100730000208,43.57619857800006]},"properties":{"OBJECTID":295,"Departure_Airport":"IST","Destination_Code":"MPL","Destination_Name":"Montpellier","Airline":"Transavia France","Duration__minutes_":210,"Reverse_Duration__minutes_":205,"Distance__km_":2053,"Flights_per_Day":"0-1","Latitude":43.576198577880859,"Longitude":3.963010073,"Altitude":17,"Name":"Montpellier-Méditerranée Airport","StartLon":28.751944000000002,"StartLat":41.275278}},{"type":"Feature","id":296,"geometry":{"type":"Point","coordinates":[16.29800033600003,43.53889846800007]},"properties":{"OBJECTID":296,"Departure_Airport":"IST","Destination_Code":"SPU","Destination_Name":"Split","Airline":"Croatia Airlines","Duration__minutes_":115,"Reverse_Duration__minutes_":110,"Distance__km_":1057,"Flights_per_Day":"0-1","Latitude":43.538898468017578,"Longitude":16.298000335693359,"Altitude":79,"Name":"Split Airport","StartLon":28.751944000000002,"StartLat":41.275278}},{"type":"Feature","id":297,"geometry":{"type":"Point","coordinates":[-5.9168901439999786,35.726898193000068]},"properties":{"OBJECTID":297,"Departure_Airport":"IST","Destination_Code":"TNG","Destination_Name":"Tangier","Airline":"Royal Air Maroc","Duration__minutes_":290,"Reverse_Duration__minutes_":260,"Distance__km_":3073,"Flights_per_Day":"0-1","Latitude":35.726898193400004,"Longitude":-5.9168901439999999,"Altitude":62,"Name":"Ibn Batouta Airport","StartLon":28.751944000000002,"StartLat":41.275278}},{"type":"Feature","id":298,"geometry":{"type":"Point","coordinates":[87.47419738800005,43.907100677000074]},"properties":{"OBJECTID":298,"Departure_Airport":"IST","Destination_Code":"URC","Destination_Name":"Urumqi","Airline":"China Southern","Duration__minutes_":378,"Reverse_Duration__minutes_":425,"Distance__km_":4740,"Flights_per_Day":"0-1","Latitude":43.907100677490241,"Longitude":87.474197387695312,"Altitude":2125,"Name":"Ürümqi Diwopu International Airport","StartLon":28.751944000000002,"StartLat":41.275278}},{"type":"Feature","id":299,"geometry":{"type":"Point","coordinates":[7.628230095000049,48.538299561000031]},"properties":{"OBJECTID":299,"Departure_Airport":"IST","Destination_Code":"SXB","Destination_Name":"Strasbourg","Airline":"Transavia France","Duration__minutes_":195,"Reverse_Duration__minutes_":195,"Distance__km_":1850,"Flights_per_Day":"0-1","Latitude":48.538299560546882,"Longitude":7.628230094909668,"Altitude":505,"Name":"Strasbourg Airport","StartLon":28.751944000000002,"StartLat":41.275278}},{"type":"Feature","id":300,"geometry":{"type":"Point","coordinates":[18.268199921000075,42.561401370000056]},"properties":{"OBJECTID":300,"Departure_Airport":"IST","Destination_Code":"DBV","Destination_Name":"Dubrovnik","Airline":"Turkish Airlines","Duration__minutes_":120,"Reverse_Duration__minutes_":120,"Distance__km_":882,"Flights_per_Day":"0-1","Latitude":42.561401369999999,"Longitude":18.268199920654297,"Altitude":527,"Name":"Dubrovnik Airport","StartLon":28.751944000000002,"StartLat":41.275278}},{"type":"Feature","id":301,"geometry":{"type":"Point","coordinates":[50.164299010000036,53.504901890000042]},"properties":{"OBJECTID":301,"Departure_Airport":"IST","Destination_Code":"KUF","Destination_Name":"Samara","Airline":"Red Wings","Duration__minutes_":250,"Reverse_Duration__minutes_":285,"Distance__km_":2106,"Flights_per_Day":"0-1","Latitude":53.504901889999999,"Longitude":50.164299010000001,"Altitude":477,"Name":"Kurumoch International Airport","StartLon":28.751944000000002,"StartLat":41.275278}},{"type":"Feature","id":302,"geometry":{"type":"Point","coordinates":[45.458400726000036,39.188800812000068]},"properties":{"OBJECTID":302,"Departure_Airport":"IST","Destination_Code":"NAJ","Destination_Name":"Nakhichevan","Airline":"Turkish Airlines","Duration__minutes_":155,"Reverse_Duration__minutes_":165,"Distance__km_":1442,"Flights_per_Day":"0-1","Latitude":39.188800811767578,"Longitude":45.458400726318359,"Altitude":2863,"Name":"Nakhchivan Airport","StartLon":28.751944000000002,"StartLat":41.275278}},{"type":"Feature","id":303,"geometry":{"type":"Point","coordinates":[-3.9262900349999654,5.2613902090000693]},"properties":{"OBJECTID":303,"Departure_Airport":"IST","Destination_Code":"ABJ","Destination_Name":"Abidjan","Airline":"Turkish Airlines","Duration__minutes_":445,"Reverse_Duration__minutes_":450,"Distance__km_":5178,"Flights_per_Day":"0-1","Latitude":5.261390209197998,"Longitude":-3.9262900350000001,"Altitude":21,"Name":"Port Bouet Airport","StartLon":28.751944000000002,"StartLat":41.275278}},{"type":"Feature","id":304,"geometry":{"type":"Point","coordinates":[55.874401090000049,54.557498930000065]},"properties":{"OBJECTID":304,"Departure_Airport":"IST","Destination_Code":"UFA","Destination_Name":"Ufa","Airline":"Red Wings","Duration__minutes_":270,"Reverse_Duration__minutes_":300,"Distance__km_":2492,"Flights_per_Day":"0-1","Latitude":54.557498930000001,"Longitude":55.874401089999999,"Altitude":449,"Name":"Ufa International Airport","StartLon":28.751944000000002,"StartLat":41.275278}},{"type":"Feature","id":305,"geometry":{"type":"Point","coordinates":[37.234100342000033,19.433599470000047]},"properties":{"OBJECTID":305,"Departure_Airport":"IST","Destination_Code":"PZU","Destination_Name":"Port Sudan","Airline":"Badr Airlines","Duration__minutes_":240,"Reverse_Duration__minutes_":240,"Distance__km_":2553,"Flights_per_Day":"0-1","Latitude":19.433599470000001,"Longitude":37.234100341796882,"Altitude":135,"Name":"Port Sudan New International Airport","StartLon":28.751944000000002,"StartLat":41.275278}},{"type":"Feature","id":306,"geometry":{"type":"Point","coordinates":[25.348100662000036,37.435100555000076]},"properties":{"OBJECTID":306,"Departure_Airport":"IST","Destination_Code":"JMK","Destination_Name":"Mykonos","Airline":"Aegean Airlines","Duration__minutes_":70,"Reverse_Duration__minutes_":70,"Distance__km_":518,"Flights_per_Day":null,"Latitude":37.435100555419922,"Longitude":25.348100662231445,"Altitude":405,"Name":"Mikonos Airport","StartLon":28.751944000000002,"StartLat":41.275278}},{"type":"Feature","id":307,"geometry":{"type":"Point","coordinates":[25.180299760000025,35.339698790000057]},"properties":{"OBJECTID":307,"Departure_Airport":"IST","Destination_Code":"HER","Destination_Name":"Heraklion","Airline":"Aegean Airlines","Duration__minutes_":90,"Reverse_Duration__minutes_":85,"Distance__km_":730,"Flights_per_Day":null,"Latitude":35.33969879,"Longitude":25.18029976,"Altitude":115,"Name":"Heraklion International Nikos Kazantzakis Airport","StartLon":28.751944000000002,"StartLat":41.275278}},{"type":"Feature","id":308,"geometry":{"type":"Point","coordinates":[25.47929954500006,36.399200439000026]},"properties":{"OBJECTID":308,"Departure_Airport":"IST","Destination_Code":"JTR","Destination_Name":"Thira","Airline":"Aegean Airlines","Duration__minutes_":70,"Reverse_Duration__minutes_":70,"Distance__km_":613,"Flights_per_Day":null,"Latitude":36.399200439453125,"Longitude":25.479299545288089,"Altitude":127,"Name":"Santorini Airport","StartLon":28.751944000000002,"StartLat":41.275278}},{"type":"Feature","id":309,"geometry":{"type":"Point","coordinates":[28.086200714000029,36.40539932300004]},"properties":{"OBJECTID":309,"Departure_Airport":"IST","Destination_Code":"RHO","Destination_Name":"Rhodes","Airline":"Aegean Airlines","Duration__minutes_":90,"Reverse_Duration__minutes_":90,"Distance__km_":545,"Flights_per_Day":null,"Latitude":36.405399322509766,"Longitude":28.086200714111328,"Altitude":17,"Name":"Diagoras Airport","StartLon":28.751944000000002,"StartLat":41.275278}},{"type":"Feature","id":310,"geometry":{"type":"Point","coordinates":[-22.605600359999983,63.985000610000043]},"properties":{"OBJECTID":310,"Departure_Airport":"IST","Destination_Code":"KEF","Destination_Name":"Reykjavik","Airline":"Icelandair","Duration__minutes_":355,"Reverse_Duration__minutes_":330,"Distance__km_":4137,"Flights_per_Day":null,"Latitude":63.98500061,"Longitude":-22.60560036,"Altitude":171,"Name":"Keflavik International Airport","StartLon":28.751944000000002,"StartLat":41.275278}},{"type":"Feature","id":311,"geometry":{"type":"Point","coordinates":[28.751944000000037,41.275278000000071]},"properties":{"OBJECTID":311,"Departure_Airport":"IST","Destination_Code":"IST","Destination_Name":"Istanbul","Airline":"null","Duration__minutes_":0,"Reverse_Duration__minutes_":0,"Distance__km_":0,"Flights_per_Day":"N/A","Latitude":41.275278,"Longitude":28.751944000000002,"Altitude":325,"Name":"Istanbul Airport","StartLon":28.751944000000002,"StartLat":41.275278}}]
}