{
  "type" : "FeatureCollection",
  "features" : [{"type":"Feature","id":1,"geometry":{"type":"LineString","coordinates":[[139.68189191500369,21.557470871799694],[139.69430423088363,21.708325095682085],[139.74868072532865,21.79239050923934],[139.83274613888602,21.927385247483414],[139.94702801760957,22.104429090082476],[140.01813387534492,22.218710968806192],[140.13947327065648,22.422369710159671],[140.27760113545366,22.663565965373834],[140.31552914727399,22.729096841930073],[140.32568635800249,22.746542495937888],[140.3431320120103,22.777758412434366],[140.51298291352475,23.069631813539274],[140.60806533343452,23.23948271505418],[140.69623506849325,23.396765531695166],[140.85351788513401,23.689021957630189],[140.87543036142938,23.727956111882747],[140.88730111740449,23.749868588178117],[140.92692565721563,23.823276360259513],[141.05534182724398,24.058430519192257],[141.16133815880801,24.260254461302168],[141.23076616562298,24.393392053937191],[141.36390375825795,24.65933357742739],[141.4023225055854,24.73222158709882],[141.4218374762213,24.770640334426105],[141.48012194732553,24.886858523493459],[141.57372773182601,25.071202233982149],[141.6763422994353,25.281026207550156],[141.74059974126021,25.414716097671828],[141.874289631382,25.703810158491876],[141.90313682787371,25.762564884182439],[141.91683499211922,25.791412080674093],[141.95366711283225,25.870789562124457],[142.06602777127603,26.110059813904172],[142.15316159631516,26.301797953798143],[142.22407422663457,26.462399231669565],[142.36530678556971,26.792815107985803],[142.37369319157733,26.81218382692208],[142.376930324873,26.819929006555355],[142.38467550450616,26.839042976540782],[142.53156608328732,27.175679121264807],[142.59422242755477,27.322569700046188],[142.68171827160222,27.535912806073952],[142.73804365140552,27.675937846945374],[142.80172501633331,27.832955573170068],[142.82779038128865,27.90022656951146],[142.89506137762999,28.076329850032607],[142.97360423981195,28.264798584112214],[143.0061916915339,28.343341446294176],[143.07959360808559,28.527873676749721],[143.11976346109952,28.629025235948802],[143.20933625673604,28.853727319418056],[143.26345068065075,28.995723889521287],[143.40544725075392,29.363061934307041],[143.40576217185082,29.363798271445489],[143.40590003588954,29.364113192542163],[143.40623640556373,29.364902347351745],[143.55673153125565,29.723214785164544],[143.62263061898989,29.874499065666043],[143.710367836145,30.079964353399077],[143.79146617461265,30.260517989524772],[143.84624744805672,30.384884938790151],[143.86741472851475,30.433303334153607],[143.91583312387797,30.536868826599573],[144.03956069551828,30.771543240273843],[144.10945550957581,30.895270811914031],[144.22598590041855,31.095503908497562],[144.41353929959348,31.392976987629481],[144.42138547339641,31.405656685038139],[144.4232923685463,31.408583313493807],[144.42621899700214,31.412679773647824],[144.65150254532648,31.690759009837677],[144.8506583836363,31.916042558162076],[144.89266037179686,31.959987056491173],[144.93660487012619,32.001997870538787],[145.1663813705045,32.196651930907592],[145.39612323500114,32.375560923037369],[145.44699074325013,32.415575370381589],[145.453373428855,32.420045745681193],[145.46319923793908,32.426428431286126],[145.7726536358108,32.611151411849335],[145.95737661637418,32.713665708942813],[146.10632728667849,32.78786363410569],[146.42622151756382,32.936814304410063],[146.45531599954847,32.949260794359645],[146.46776248949811,32.954269769816506],[146.49524299900361,32.964294813915672],[146.8267019621735,33.088260704858556],[146.97814836262205,33.141932466255582],[147.20912631127351,33.216222228882657],[147.27894788752303,33.237613829311101],[147.4885342357461,33.303484862999881],[147.60034944335689,33.335384969923325],[147.99500947596823,33.443289544632194],[147.99892010887004,33.444384782837574],[148.00116551286874,33.444954773535414],[148.01034665826842,33.447200177534114],[148.4258288446681,33.530677314859929],[148.50930598199409,33.546508948204121],[148.62926311092235,33.567157306462207],[148.85865407326719,33.608237959384951],[149.01969185511803,33.63549573388525],[149.24200267451488,33.669510996930967],[149.29872548763581,33.678552418140384],[149.53007772824208,33.713421060574035],[149.74511571073322,33.742548068166741],[149.83718244762827,33.754304896920473],[150.04046360136601,33.781466037146458],[150.19781699936811,33.800232652655893],[150.41823803557998,33.824974611748075],[150.55084947448995,33.840593368814609],[150.65681144133237,33.851624083815921],[150.98758705581895,33.883937758862942],[151.061235347614,33.891516088734534],[151.12185455711813,33.896966841153869],[151.54668551361408,33.932650343534192],[151.57162122073805,33.93486827109507],[151.59272337809273,33.936483893303375],[151.88975086589073,33.957586050658051],[152.06723954846802,33.972353596052244],[152.08200709386199,33.973600763390152],[152.10170235126168,33.977281308057798],[152.47243900244996,34.077540015194302],[152.59239296698593,34.095778680370529],[152.69860578387932,34.06379886755127]]},"properties":{"OBJECTID":1,"Id":1,"Contour":840,"Shape_Length":19.926552926434599}},{"type":"Feature","id":2,"geometry":{"type":"LineString","coordinates":[[-125.80526586907371,24.770640334426105],[-125.61282723024419,24.815559679076387],[-125.56790788559397,24.825657499130273],[-125.49867519940369,24.839873020616267],[-125.19162974766425,24.904748069620439],[-125.05752201246997,24.931874497247975],[-124.86027098674151,24.967891360154454],[-124.76281789907068,24.986322094150864],[-124.54713613934598,25.02508005057274],[-124.32649719775958,25.060387265963755],[-124.24517510036054,25.072601373411544],[-124.03675026622199,25.105393636922543],[-123.88238495688228,25.126660898210389],[-123.65124239685116,25.156148203796988],[-123.52636439309799,25.173047185513212],[-123.42960328532251,25.184265099774677],[-123.07543322965125,25.221571497872901],[-123.01597851997388,25.228334619930479],[-122.96784561473373,25.232893302310003],[-122.51585634813762,25.270762506262372],[-122.50559264685,25.271715370698587],[-122.49692514045046,25.272358701150608],[-122.35934172414187,25.281026207550156],[-122.01657668907262,25.302396122896823],[-121.9952067737259,25.303492024977686],[-121.97199719622148,25.304235785054516],[-121.52703947383691,25.323244780785046],[-121.4848209006019,25.324568174844671],[-121.4407135818625,25.325133526289619],[-121.02849178367819,25.335082963750381],[-120.97443502747791,25.33576013518126],[-120.91998452724141,25.335476707786654],[-120.5211932717462,25.338170324942325],[-120.46404915435392,25.337879871361849],[-120.40841518262584,25.336660179278113],[-120.00550750312971,25.332870429449883],[-119.95366328122992,25.331761329599885],[-119.90475267995157,25.32993680882862],[-119.48193423644818,25.319683035892297],[-119.44327740810593,25.318276851806672],[-119.40784376772638,25.316459847929707],[-118.95106184570375,25.29919651827197],[-118.93289153498199,25.29828836393358],[-118.91666631978109,25.29725142275089],[-118.59215746833922,25.281026207550156],[-118.43068176296589,25.272850106442206],[-118.42250566185794,25.272545281084888],[-118.41358490958436,25.272105455276574],[-117.94966468266853,25.243481313615575],[-117.912119788734,25.241677867236149],[-117.870299083205,25.23920550202115],[-117.47204966950284,25.210710453657271],[-117.40173391560995,25.20666193686543],[-117.3219633781415,25.20125567008165],[-116.99716609666456,25.175208153371557],[-116.89134804248596,25.168225208278614],[-116.76936013166056,25.159038296724816],[-116.52443778862181,25.137550588290196],[-116.38096216936185,25.127031911498193],[-116.21324774362046,25.113311781808591],[-116.05335314171543,25.09824936207275],[-115.87057629623786,25.083695366232632],[-115.6543433016999,25.064793213012024],[-115.58349371769521,25.057722912968813],[-115.36019042311392,25.038725126351892],[-115.11472098176296,25.016109775777068],[-115.09364559189288,25.014481376328888],[-114.84980454998993,24.992619414043247],[-114.64729236684093,24.973152517575102],[-114.53262641221477,24.963848069774997],[-114.33941867686593,24.945776474770923],[-114.18012871031578,24.929930300976253],[-113.97063851812334,24.912246048807503],[-113.82903280374194,24.898539908869623],[-113.71300083158843,24.886672306579612],[-113.40811000571694,24.860103409525095],[-113.31864693061794,24.851201134771998],[-113.24571771325725,24.843569551786857],[-112.84540325740147,24.807782534333626],[-112.80826105749395,24.804001665905503],[-112.7781141116397,24.800787280280247],[-112.4478806568622,24.770640334426105],[-112.31062239608332,24.757893122712687],[-112.29787518436996,24.756899257176144],[-112.28291081139764,24.755675961453846],[-111.84394995816746,24.714179687504554],[-111.78748931124596,24.709690954661937],[-111.72130679678668,24.704457819966933],[-111.37629218939122,24.671451583156909],[-111.27710343812197,24.663886258198772],[-111.16056562650709,24.654102522811399],[-110.90770784372154,24.629650055702484],[-110.76671756499798,24.618138455140297],[-110.59999867862894,24.603921448057065],[-110.43886793545369,24.5881040908464],[-110.25633169187398,24.572970835374178],[-110.03990243321454,24.554211075766716],[-109.96940628282749,24.547179870348486],[-109.74594581874999,24.528356801018788],[-109.49959628421851,24.50660399583353],[-109.48052706252116,24.505221578197393],[-109.23555994562588,24.484210152123694],[-109.03013140812834,24.46568299879965],[-108.92264279016825,24.457723178968479],[-108.725174072502,24.440433382671017],[-108.56024882419626,24.425179709607733],[-108.36486176945368,24.41032803137773],[-108.21478819937789,24.396860421884526],[-108.09006859462767,24.38497406605245],[-107.80691890828183,24.362771043330042],[-107.7044023262539,24.353297489182467],[-107.61972219200027,24.344934595555799],[-107.24847082234282,24.314708830515087],[-107.19401645312996,24.309498120733906],[-107.14937066765765,24.30490024677448],[-106.68909274682767,24.265716628123755],[-106.68363058000597,24.26517202579555],[-106.67919279709611,24.264692244212029],[-106.62972298414064,24.260254461302168],[-106.21151758165979,24.221981586524294],[-106.17324470688197,24.219185853231977],[-106.12856814033074,24.215577894750822],[-105.74478618297633,24.178327112083821],[-105.66285883375798,24.171941501499873],[-105.5661221888123,24.163517816356489],[-105.27900546652131,24.133721955414785],[-105.15247296063399,24.123099505215521],[-105.00096887917567,24.108750379843855],[-104.81444111922372,24.087900429588331],[-104.64208708750999,24.072180726327645],[-104.43220231953228,24.050369693324456],[-104.35138855253689,24.040567123151106],[-104.131701214386,24.018606116740045],[-103.89064884005575,23.990920962508312],[-103.85947809949596,23.988031346412072],[-103.62131534126189,23.961743733021422],[-103.43344508431443,23.937738845125693],[-103.28301299956098,23.921952119601201],[-103.11092946813801,23.900836957753711],[-102.97883501627791,23.881963040038272],[-102.69921455437498,23.848539547539076],[-102.6005435950139,23.835005798296891],[-102.52717151056623,23.823240672625673],[-102.1059315213322,23.765642387620346],[-102.09015772188991,23.76321397020422],[-102.07885093072656,23.761175379341523],[-102.00673549013959,23.749868588178117],[-101.63793897429429,23.691701462649803],[-101.57977184876592,23.683942386368926],[-101.50099595851106,23.6710926979232],[-101.20206843752152,23.617186126298577],[-101.06938597564192,23.596415872853072],[-100.87986034002381,23.560342952559893],[-100.77093144713223,23.537937243563874],[-100.55900010251793,23.499101609272486],[-100.34629598745641,23.452186830115693],[-100.24003098753826,23.430899473198338],[-100.04861422939393,23.390057298584111],[-99.928435298036504,23.35966164641161],[-99.574985228106755,23.276239586890938],[-99.538228356269997,23.267190462803171],[-99.516683771434316,23.261027299889804],[-99.437866457729342,23.23948271505418],[-99.115771720101463,23.151553478098606],[-99.027842483145946,23.128610006728366],[-98.867847459511665,23.079487691419843],[-98.722535095410308,23.034404229665824],[-98.517456610022009,22.97202409218329],[-98.336871517557995,22.909681934394087],[-98.109083475285047,22.831109580317218],[-98.007070736897958,22.795907438838412],[-97.958591492665391,22.77757608616264],[-97.831906929495688,22.729096841930073],[-97.590405850118998,22.635375855585153],[-97.496684863773964,22.598080792395933],[-97.268239048669216,22.500651026825381],[-97.230595089876147,22.484800742703897],[-96.986298990649857,22.378618546607584],[-96.876073970789832,22.328935988666274],[-96.639587824158241,22.218710968806192],[-96.529290255217347,22.165333831114651],[-96.475913117525863,22.138367468797867],[-96.312133515002927,22.054931366283142],[-96.190477873054078,21.993760340153926],[-95.965527244401926,21.876025774830111],[-95.855003866701111,21.818848473383014],[-95.649000116093987,21.708325095682085],[-95.525505751619676,21.637960715340341],[-95.455141371277932,21.59631777421032],[-95.20207866611014,21.451001927725827],[-95.191588065750864,21.444771790155016],[-94.944755498153938,21.299450398225929],[-94.879920387630023,21.26277433308212],[-94.768861689442531,21.197939222558205],[-94.563506416994358,21.068802430593678],[-94.434369625029944,20.985246677970167],[-94.250191460415294,20.87173151404869],[-93.959359498215576,20.687553349434097],[-93.938415818133535,20.673121283206513],[-93.923983751905951,20.662950090312904],[-93.849754936024112,20.613324533552259],[-93.632441242007644,20.468709986208523],[-93.413597878781957,20.319654467451983],[-93.326920916988115,20.263844438103945],[-93.195556052194149,20.177167476310046],[-93.025753011699976,20.05462647026809],[-92.903212005657963,19.964379483633081],[-92.727789473745247,19.842204135098825],[-92.48164317274211,19.666781603186109],[-92.431871912436179,19.627735823283786],[-92.392826132533969,19.596510061904382],[-92.142522257022222,19.406699605573749],[-92.098831290592045,19.372786761244186],[-91.882440259409975,19.205321922706673],[-91.854205241078489,19.184630748393602],[-91.816741523764676,19.156395730062002],[-91.574191430468886,18.954258685879267],[-91.372054386285981,18.78142043372759],[-91.297418025092668,18.720646218131378],[-91.208577851411519,18.646009856938122],[-91.029249388381515,18.47842898171848],[-90.861668513161987,18.317151537043117],[-90.767295665226072,18.229996831749816],[-90.668711708622027,18.135623983814014],[-90.515414341783924,17.971492282068141],[-90.351282640037994,17.789609741341337],[-90.272000093744111,17.704520656983902],[-90.201139376486196,17.625238110690134],[-90.041568938603177,17.4245659390009],[-89.840896766913886,17.161809643503545],[-89.82031203176615,17.135436972713933],[-89.804998214861655,17.114852237566197],[-89.735501255420729,17.00945672607287],[-89.615778409253323,16.829584722102709],[-89.472651521681939,16.604466364442146],[-89.421469714060152,16.513507544171887],[-89.330510893790006,16.344510168924216],[-89.242553646847909,16.182037738260078],[-89.197365763247092,16.094080491318209],[-89.086313918645089,15.849883516173236],[-89.079351440220876,15.834854071763118],[-88.96863681760334,15.583694618194102],[-88.926871408045315,15.476948230814799],[-88.820125020665898,15.190724061760932],[-88.788380060421844,15.105053705314162],[-88.777255335975781,15.073308745070051],[-88.757684237051876,15.010867961456029],[-88.663785085956306,14.71926280665582],[-88.61599146318224,14.562922871946114],[-88.549749642176096,14.322912377311866],[-88.538925027294852,14.281722878574897],[-88.47696559570619,14.052536998822063],[-88.443825820689483,13.918450325674542],[-88.368694196616957,13.601106174773122],[-88.354364362412014,13.542151125698126],[-88.34622745074978,13.505662822490251],[-88.309739147541904,13.336054211276746],[-88.256700003362482,13.084804396753441],[-88.245971202932822,13.031765252574075],[-88.23224393852081,12.954270043552981],[-88.177625836691959,12.653492690300084],[-88.154475603610081,12.521379379450138],[-88.118063317413089,12.329703549321152],[-88.097506690904424,12.223225962963625],[-88.057495978321526,12.010993506326031],[-88.016501796342197,11.793844984401744],[-87.99908014058127,11.700334499365397],[-87.96153169739739,11.500607633202151],[-87.935421722854699,11.364539184765363],[-87.879014121086698,11.06988260674683],[-87.863739745249745,10.990221760078043],[-87.853063137571269,10.936511896924799],[-87.799353274417967,10.668540053039237],[-87.768522911695925,10.510666249676149],[-87.762465152083337,10.479835886954163],[-87.752693500439477,10.433176112975559],[-87.68112484747212,10.087678440776017],[-87.656222008786926,9.9694500138300555],[-87.616815463397245,9.7869122028094466],[-87.590637172878189,9.6677802422459536],[-87.546020707165042,9.4590641407061753],[-87.498219798998946,9.2498117430010325],[-87.467744308681574,9.1274551749697252],[-87.425509694706648,8.9486782675820677],[-87.397023222499342,8.8406224463766421],[-87.288967401293974,8.4469714740338873],[-87.28713644706886,8.440123348683187],[-87.286625921836048,8.4382923944581876],[-87.285627276568391,8.4349522697325483],[-87.172003433034774,8.0448704895932792],[-87.136256025796342,7.92790652133408],[-87.062740843211145,7.7016799632512516],[-87.048821638465256,7.6576664110388037],[-86.968741985138138,7.417520648210143],[-86.919308130741115,7.276794045638951],[-86.784221945589422,6.9127751925055918],[-86.782181612358443,6.9071347750860923],[-86.781195132678818,6.9045211705772545],[-86.77858152816998,6.8979837077753814],[-86.637385796861849,6.5379446332702855],[-86.578522516739099,6.3967489019621553],[-86.485009528686021,6.1799350283220633],[-86.420061921366312,6.038229295158601],[-86.352040387945237,5.8863630288381046],[-86.325676220362936,5.828882463521154],[-86.268195655045986,5.7110597024895924],[-86.159183041680137,5.4849897690799594],[-86.103053228422311,5.3759771557141676],[-85.984716675812081,5.1490702618239084],[-85.913997334272324,5.0217788349403918],[-85.828813143553475,4.8655912825901169],[-85.803700281401404,4.8197007831107044],[-85.757809781921992,4.7409323893376722],[-85.615973841933055,4.4970413494550598],[-85.527861034316516,4.3552054094661798],[-85.420935534988416,4.1816937832757048],[-85.247423908797828,3.917104322438604],[-85.218688431885653,3.8735550132543608],[-85.198452928108679,3.8448195363420723],[-85.08922189835846,3.6866175259027045],[-85.010528694489494,3.571328877526696],[-84.838421505512997,3.3344336632181921],[-84.796415744809849,3.27505595408212],[-84.737038035674004,3.1958212742481464],[-84.576186251351999,2.9848995744160902],[-84.446082130071659,2.8240477900940846],[-84.349957883865159,2.7007420687788795],[-84.226652162549897,2.550829070977727],[-84.118087443452566,2.422226636067478],[-84.021383542397984,2.3136619169702044],[-83.881160833851595,2.1487673725444552],[-83.716266289425903,1.9639633173380844],[-83.639133702619915,1.8804086306520844],[-83.564524941297918,1.8032760438460969],[-83.393092240529882,1.616064219618238],[-83.205880416301909,1.4198428717602951],[-83.142609440294848,1.3561611467292778],[-83.077312852592968,1.2928901707222167],[-82.889321103775728,1.0990636101242899],[-82.695494543177915,0.90561988385240966],[-82.63249667817206,0.84550216260396382],[-82.564619312160687,0.78250429759810913],[-82.376510190181534,0.59110277747049622],[-82.185108670053921,0.39139151174958897],[-82.124632344188399,0.33259475033958097],[-82.061242292731265,0.27211842447400159],[-81.866057599796932,0.080783621607110945],[-81.674722796929927,-0.10444851260581345],[-81.605285509275177,-0.16883016099512815],[-81.530022571324821,-0.23826744864987859],[-81.346664965066793,-0.42059548991085194],[-81.164336923805934,-0.60152318636045266],[-81.089143962223034,-0.67346036019097255],[-81.011021514501408,-0.74865332177387245],[-80.835835121538537,-0.93053739263046964],[-80.65395105068194,-1.1207822841379311],[-80.585448526245386,-1.190536670461313],[-80.519204704948265,-1.2590391948978663],[-80.341523800244943,-1.4569978175848064],[-80.143565177557946,-1.6809616740600291],[-80.101724890665309,-1.7275847811292238],[-80.06501029620199,-1.7694250680218602],[-79.870825447699133,-2.0070712112870979],[-79.730252922046475,-2.1827373235334449],[-79.652393509261401,-2.279810941145854],[-79.644164042054001,-2.2907956787659032],[-79.633179304433952,-2.3057366714289174],[-79.428052381876626,-2.5850698917126351],[-79.28093738287356,-2.7901968142699616],[-79.217298432823611,-2.8847018157836146],[-79.122793431310015,-3.0279864071828797],[-79.015118433249256,-3.1929076893332535],[-78.946488999259543,-3.3005826873937849],[-78.820912728919382,-3.5090878581273159],[-78.686509431132322,-3.7368666875715917],[-78.642555125199067,-3.8109685605179493],[-78.634931531807979,-3.8334925341400208],[-78.612407558185964,-3.9023247078906138],[-78.518298094403917,-4.2272449698598962],[-78.478916926893589,-4.3213544336419432],[-78.353122239726076,-4.5724549883059922],[-78.345149698865384,-4.5886122929624662],[-78.224566755377566,-4.831740306765937]]},"properties":{"OBJECTID":2,"Id":2,"Contour":840,"Shape_Length":63.504067688520422}},{"type":"Feature","id":3,"geometry":{"type":"LineString","coordinates":[[-56.096497448330865,-18.042841315590806],[-56.04610907814947,-18.101773007989891],[-55.874349581896297,-18.331079322280402],[-55.70319183937562,-18.554010309344221],[-55.658693740766921,-18.612158881113885],[-55.652884078473562,-18.619999691981491],[-55.645043267605956,-18.630322079445762],[-55.432160170681641,-18.90966165731362],[-55.265369743864255,-19.122544754237879],[-55.208857030477191,-19.196744390233107],[-55.134657394481962,-19.292626028591826],[-54.986685742365466,-19.484958975245377],[-54.869838185721733,-19.632930627361873],[-54.763758784339473,-19.772417890343377],[-54.624271521357969,-19.951196512876322],[-54.548087883279663,-20.067132862407561],[-54.495547155012446,-20.143316500485867],[-54.352266238112918,-20.38169709036481],[-54.253983526287584,-20.513604495556251],[-54.153128412468789,-20.65370237360986],[-54.135985319851329,-20.675802045227272],[-54.113885648233975,-20.703610235916926],[-53.886900665037331,-20.93710326353721],[-53.663577413721669,-21.164088246733854],[-53.636125646074049,-21.196714117697923],[-53.603499775109981,-21.24450592086805],[-53.427159084720017,-21.498133429467941],[-53.270013363561247,-21.674474119857848],[-53.17871295886431,-21.760073176736171],[-53.093113901985987,-21.859115841818891],[-52.949728436427222,-22.04147452742319],[-52.834320341525085,-22.184859992981956],[-52.725551052699529,-22.327683016819435],[-52.582728028861993,-22.511386597850446],[-52.502468077736467,-22.614985914980423],[-52.438876669462729,-22.695245866105779],[-52.282551647093953,-22.905455357461904],[-52.072342155737999,-23.182744728849912],[-52.062451049473566,-23.19574063296551],[-52.054771982728028,-23.205631739229943],[-52.009198482975137,-23.268775411992692],[-51.848419370250951,-23.492094826866889],[-51.684710042870165,-23.716017612353937],[-51.635200988120232,-23.789262317860107],[-51.561956282614005,-23.896494821663566],[-51.405871400732337,-24.070318603596263],[-51.129899829784108,-24.226403485477931],[-51.077600516420432,-24.252433592408295],[-51.051570409489898,-24.277194573842792],[-50.855273011805252,-24.540491960917279],[-50.708838903006324,-24.736789358601925],[-50.639710667471718,-24.835315489707568],[-50.541184536365904,-24.976009478719561],[-50.424288334044775,-25.130279029404733],[-50.335916413070379,-25.247175231725919],[-50.209165174694817,-25.425541743178769],[-50.03079866324191,-25.677854411893577],[-49.997916130043109,-25.724678571650941],[-49.975047077319118,-25.757561104849913],[-49.868812841130023,-25.9195469269618],[-49.79488485650711,-26.03203317123905],[-49.641414837789739,-26.26794697797385],[-49.595216035164981,-26.342750223020914],[-49.520412790117916,-26.464996219530747],[-49.402691857755997,-26.660611918735924],[-49.332670134772286,-26.778332851097844],[-49.215587553229966,-26.983893487333887],[-49.086870413054328,-27.211875228161489],[-49.043379150338069,-27.288718724221837],[-49.031613711867749,-27.310305519095778],[-49.010026916993979,-27.350143885728642],[-48.861738537564065,-27.650816217915974],[-48.789508653381802,-27.799104597345945],[-48.696445856765308,-27.995909410241325],[-48.593520762922594,-28.215610751417273],[-48.549391917966602,-28.309490470469939],[-48.533773392668195,-28.343622819268205],[-48.499641043869985,-28.418716703086773],[-48.368434263460927,-28.688669563184931],[-48.304444092200015,-28.819876343593933],[-48.202622850678551,-29.033244023526493],[-48.125436751244536,-29.194080636219269],[-48.060212078055429,-29.330262216717927],[-48.03755407463666,-29.378561120608651],[-47.989255170745992,-29.480756839433582],[-47.872327623509761,-29.723720542605804],[-47.808250164166225,-29.84064808984192],[-47.698371604663009,-30.060150396883103],[-47.623671989364539,-30.206231271223373],[-47.550137849891996,-30.351033962965914],[-47.523426315168081,-30.395590980512054],[-47.478869297621998,-30.451740078428429],[-47.309042453512291,-30.691592991980201],[-47.21279172776002,-30.861419836089908],[-47.134560889044792,-31.027497300636696],[-46.971290139067946,-31.368998994643903],[-46.969955308933322,-31.371805709213902],[-46.96948660000362,-31.372808884719575],[-46.968483424498004,-31.374923212689794],[-46.808096225649138,-31.7218043834892],[-46.732197665788021,-31.882191582337896],[-46.645150877075423,-32.069244908039366],[-46.520986373091091,-32.329688633744809],[-46.491262269152628,-32.39257745546189],[-46.480740545251933,-32.415220449339927],[-46.458097551373839,-32.462731271163079],[-46.31825920108173,-32.763124978293718],[-46.251961197728008,-32.902963328585884],[-46.155182983746215,-33.110434634082196],[-46.068841342714734,-33.29221953724516],[-46.011679668217766,-33.413349201709877],[-45.991400970879624,-33.457038494339599],[-45.947711678249846,-33.549466266790375],[-45.828510204209238,-33.80453360079315],[-45.771728263301952,-33.923735074833814]]},"properties":{"OBJECTID":3,"Id":3,"Contour":780,"Shape_Length":19.088513404891152}},{"type":"Feature","id":4,"geometry":{"type":"LineString","coordinates":[[108.77243856434518,-18.612158881113885],[108.78055465298382,-18.530812106452061],[108.81465581475379,-18.21722094442157],[108.82594688614114,-18.101773007989891],[108.84090361965156,-17.960077266660448],[108.86425674555198,-17.756436002095768],[108.88132674130668,-17.591387134865954],[108.90426474686723,-17.38633026632067],[108.91509768594545,-17.296891069365245],[108.93874914397202,-17.081001261741903],[108.96749510569515,-16.838902615990946],[108.97062738462773,-16.809581755436227],[108.99840371187366,-16.57061538861791],[109.02208019711304,-16.383101834284957],[109.03950287471378,-16.230320392226133],[109.0605181064638,-16.060229515493916],[109.07819567233463,-15.928831436382495],[109.11258091765023,-15.646856476165738],[109.1253459927018,-15.549843642369922],[109.1359268254817,-15.476176716405575],[109.19052507431718,-15.058526446374742],[109.19320280699611,-15.039457769245814],[109.19538571750695,-15.025249735306829],[109.20959375144599,-14.924064813486495],[109.25838131457698,-14.577859459252863],[109.26459458808438,-14.52907189612182],[109.2736213381358,-14.465044309432017],[109.32392874947601,-14.133021021027901],[109.33965734822567,-14.018686022997883],[109.36309458897756,-13.865185185466487],[109.39163251296219,-13.690338911389972],[109.41874455034463,-13.508300149873889],[109.46026975024336,-13.257624151076641],[109.46162255187443,-13.249943077178216],[109.5023371734581,-12.997914276749896],[109.53553382010693,-12.813468472286729],[109.56352850600348,-12.643979522192467],[109.59098861876174,-12.487528403625902],[109.61210301536653,-12.37965179442233],[109.67715630574384,-12.019965849328173],[109.68533214577531,-11.977142530501908],[109.69141302807895,-11.948575934010762],[109.7199796245701,-11.804363176852235],[109.77564464669803,-11.522421679505896],[109.78576891209451,-11.466756657377914],[109.80279666493874,-11.383939617009332],[109.86396600330835,-11.100357162991997],[109.89282759674302,-10.95637078425392],[109.94327714045306,-10.733073268370958],[109.95542402826635,-10.681429314826232],[110.00735829256536,-10.445984911129926],[110.05157707406983,-10.267196487505657],[110.09815474613737,-10.067809789562546],[110.13014220476379,-9.9355990380059325],[110.15140046118671,-9.8566340014985485],[110.23036549769404,-9.5491852124097818],[110.25556153245981,-9.4504091996477086],[110.26167286549531,-9.4252131648819386],[110.27338218129535,-9.3821964812805163],[110.36572396745674,-9.0501857615205381],[110.40197403558813,-8.9148272917579447],[110.47422036153296,-8.6709724279190823],[110.47945962048942,-8.6535355414293349],[110.55238206633084,-8.4044414186339509],[110.59789517817586,-8.2615852259916664],[110.70061318510716,-7.9341937312208302],[110.71330729424665,-7.8940555455098433],[110.72024408289093,-7.8735482575827405],[110.74075137081809,-7.8125928284960082],[110.84869270744758,-7.4916110090155144],[110.88500333900862,-7.3836696723858495],[110.96558375348798,-7.1588372897159047],[110.98155322134858,-7.1140856497924005],[111.06827665391199,-6.8732837992618556],[111.11798292582665,-6.7401294811465391],[111.25113724394203,-6.3842365658470044],[111.25699245024686,-6.3687531324426345],[111.25924765048853,-6.3628979261379186],[111.26476142079412,-6.3492737492859419],[111.40293431476073,-6.0043091238326838],[111.46523251996967,-5.8525120530139247],[111.55301345589868,-5.644002391846584],[111.62399850191019,-5.4796507950458704],[111.68279182091953,-5.3421261798899309],[111.69850271013991,-5.2791057729636464],[111.76152311706608,-5.0314964798794222],[111.80260800184783,-4.8728251915476903],[111.81348980750687,-4.831740306765937],[111.85504352498788,-4.7382198988440791],[111.95380657077641,-4.5136378873521608],[112.04065853734869,-4.3213544336419432],[112.11342199560045,-4.1628674390524338],[112.27190899019001,-3.8256916010167288],[112.2766862953797,-3.8157458657076404],[112.27902930799132,-3.8109685605179493],[112.28601192797998,-3.7968656227279212],[112.44506293410791,-3.4737366313117946],[112.53178401954381,-3.3005826873937849],[112.61586734577736,-3.1341551698572516],[112.78229486331406,-2.809301573829714],[112.78884922356201,-2.7967511745178513],[112.79227342201557,-2.7901968142699616],[112.80328843516941,-2.7692032424146191],[112.9639313713169,-2.4614474491486931],[113.0603235286593,-2.279810941145854],[113.14149842063307,-2.1286286253410367],[113.292680736438,-1.8481178845580644],[113.32062278153387,-1.7973671131176161],[113.33600566571238,-1.7694250680218602],[113.38938566322508,-1.6727201412347767],[113.50218303977158,-1.468541498231275],[113.61759063622674,-1.2590391948978663],[113.68362287228558,-1.1395954576215104],[113.80306660956205,-0.92231609782146506],[113.86544685199374,-0.81103356420550199],[113.90010261099633,-0.74865332177387245],[114.02165676002346,-0.53006317131246306],[114.04787211213466,-0.48307295122242522],[114.18290033466712,-0.23826744864987859],[114.22935284346534,-0.1541678094291683],[114.31345248268599,0.00022702150886289019],[114.41045093687103,0.17511997028918813],[114.46336600200561,0.27211842447400159],[114.59047493380626,0.50548184647789185],[114.64060685842969,0.59927280021776141],[114.7391035567465,0.78250429759810913],[114.76869346945341,0.83764918395456789],[114.82383835581004,0.94260833867946303],[114.94586771912896,1.1708608074034714],[115.00963154275212,1.2928901707222167],[115.12125595018017,1.505858449475852],[115.21192835084094,1.6809801657528851],[115.27549462370075,1.8032760438460969],[115.29549164666037,1.8420086261197071],[115.3342242289342,1.9200450389807315],[115.46598251950411,2.1819036263999578],[115.53043342848218,2.3136619169702044],[115.63289600256974,2.5253760164583809],[115.70984488032559,2.6892825683618184],[115.7738046236658,2.8240477900940846],[115.79639909274067,2.8722587994114406],[115.84461010205803,2.9784953227461415],[115.95717090717244,3.2218728581040068],[116.00755679492113,3.3344336632181921],[116.11369334210417,3.5757362962958155],[116.13420707256068,3.6240306337207926],[116.22930709921411,3.8448195363420723],[116.26661327713839,3.9332022343857034],[116.35499597518196,4.1503632086354401],[116.41513244108319,4.2950689435650133],[116.439229019545,4.3552054094661798],[116.49317344424946,4.4933828785334526],[116.55966849962658,4.6609187581456695],[116.63788634402692,4.8655912825901169],[116.69945704714223,5.0315160837538997],[116.79835295338842,5.308948260796285],[116.82270137062585,5.3759771557141676],[116.83379925083761,5.4075597531824542],[116.86538184830624,5.5012532060434864],[116.9641870612918,5.7875578158525514],[116.99690909932656,5.8863630288381046],[117.05827501931685,6.0792561998490555],[117.08885005152604,6.1732806987420759],[117.15848842892228,6.3967489019621553],[117.20838092078077,6.5641357026113383],[117.27833092071694,6.8096979743730799],[117.30678843434669,6.9071347750860923],[117.32180127592085,6.9611012205954239],[117.37576772143018,7.1644354042626333],[117.42997837885741,7.3633099907827386],[117.44408350644028,7.417520648210143],[117.46634541648655,7.5080983432665676],[117.53283719867238,7.770837044091877],[117.57070164296329,7.92790652133408],[117.62788771653845,8.1800265164425809],[117.62905382927829,8.1850062866097915],[117.68542253950386,8.4382923944581876],[117.72008436285535,8.6043616261568445],[117.76393131925852,8.8264559922864692],[117.78896912669882,8.9486782675820677],[117.80461310774308,9.0302187543930472],[117.88129372906928,9.4542042752213433],[117.88220906916865,9.4590641407061753],[117.88280107984804,9.462416655412369],[117.88615359455423,9.4826316024010566],[117.9572010349159,9.8984025734682177],[117.96857559697173,9.9694500138300555],[117.98305326322452,10.066349682500572],[118.02611182159171,10.339877659916453],[118.0466326357224,10.479835886954163],[118.0723944838337,10.666076776233751],[118.09002678739489,10.786348567237042],[118.11769091729263,10.990221760078043],[118.14989461626294,11.236866611493269],[118.1522136997437,11.256281865267738],[118.18349314085776,11.500607633202151],[118.20751861306326,11.689628487816833],[118.22485759308609,11.839311631733949],[118.24624723978718,12.010993506326031],[118.26341814490308,12.144114829101113],[118.29602331991123,12.42086323168337],[118.30873450876641,12.521379379450138],[118.31934022403641,12.598578623091726],[118.37106115902918,13.006286943925261],[118.37449721981989,13.031765252574075],[118.37742472297623,13.050879997275786],[118.39653946767794,13.183357549635389],[118.44246428535416,13.496226308022131],[118.44865304355108,13.542151125698126],[118.45906233949665,13.60467399751667],[118.51579939331589,13.933277073184286],[118.53536275580575,14.052536998822063],[118.57108921064844,14.227086741792277],[118.59868215084282,14.360780188781462],[118.63987854420827,14.562922871946114],[118.69322010535575,14.776628107392298],[118.72150667550272,14.887890079770727],[118.76813208438784,15.073308745070051],[118.79939651216318,15.180837573709255],[118.9069253408021,15.537008719286973],[118.91788215092333,15.572737808072702],[118.92142349278674,15.583694618194102],[118.9296287022903,15.606397979682356],[119.05070099602028,15.95030483609986],[119.10420874024499,16.094080491318209],[119.19312220100255,16.318269504241812],[119.23730104344804,16.424456193964204],[119.31070957522491,16.604466364442146],[119.34236538736059,16.679412191007486],[119.41731121392615,16.849918973216177],[119.50071165540794,17.031451796084411],[119.54053650059893,17.114852237566197],[119.65462506768063,17.352166091320839],[119.66615456492423,17.376394759691834],[119.78805962418687,17.625238110690134],[119.83398954042036,17.718945657319807],[119.92769708705009,17.906074774331103],[120.00695197769767,18.056369093166381],[120.04938447482527,18.135623983814014],[120.18411219612722,18.38959474786094],[120.18693674499241,18.394863641756388],[120.32114373255683,18.646009856938122],[120.36162746140019,18.722465355712075],[120.43808296017414,18.865895002331968],[120.54251397880023,19.051964711435915],[120.60123371019449,19.156395730062002],[120.72523337642951,19.37963118693051],[120.80506903146068,19.523381801348705],[120.88471353119496,19.666781603186109],[120.90717860408722,19.708071832396968],[120.94846883329808,19.785196666489639],[121.0901211999535,20.035515109654568],[121.16974407949101,20.177167476310046],[121.27425187264691,20.361770310085262],[121.45659485153101,20.685293494543146],[121.45787011828986,20.687553349434097],[121.45822241307417,20.688185642781946],[121.45885470642213,20.689326227960066],[121.6466382523671,21.010155676613238],[121.7562028191229,21.197939222558205],[121.83407839932227,21.333101402781949],[121.96924057954607,21.568044475892464],[122.02236130910637,21.655204366122121],[122.0547929562797,21.708325095682085],[122.18608245446262,21.925166970598696],[122.21498047009447,21.972971078257558],[122.36448704111945,22.218710968806192],[122.40795606700419,22.29038135447189],[122.47962645267012,22.406969439590171],[122.60692861824907,22.601794676350949],[122.6914992000203,22.729096841930073],[122.81112800698793,22.907981160736369],[122.99001232579405,23.168987931907282],[123.01957422878036,23.209920812067651],[123.04136940663113,23.23948271505418],[123.20494087084194,23.454411260102063],[123.23967533202745,23.500205581944897],[123.43380019103404,23.749868588178117],[123.46374244349124,23.786524343604981],[123.50039819891799,23.83036871368904],[123.69912950412561,24.061523156094552],[123.87203743492501,24.260254461302168],[123.93854987921611,24.332488654128156],[124.01078407204204,24.410716812832959],[124.18503731973487,24.596387086733614],[124.34805627130311,24.770640334426105],[124.4339035301208,24.857906749471567],[124.52116994516609,24.947725307400901],[124.68644922819783,25.115746924518476],[124.84680335540747,25.281026207550156],[124.93962600533939,25.372956020500851],[125.03155581829003,25.46588290019389],[125.19441688203824,25.628551016925712],[125.35428114554202,25.791412080674093],[125.44865469477361,25.884699077314622],[125.54194169141397,25.979146126270336],[125.70328904593703,26.140450599275141],[125.861084687014,26.301797953798143],[125.95669951029834,26.397426008038053],[126.05232756453802,26.495479401769785],[126.20975659173337,26.654754799726675],[126.36177345727378,26.81218382692208],[126.46126914335434,26.913628121229806],[126.56271343766207,27.019621866377634],[126.71192551103331,27.173357626674829],[126.85347234495362,27.322569700046188],[126.96096147544017,27.434707535391965],[127.07309931078601,27.554431713382371],[127.20879909226596,27.697255791690168],[127.33497204307002,27.832955573170068],[127.4550960917469,27.961344665333115],[127.58348518390994,28.101508579949439],[127.69995963674205,28.226866993462068],[127.80605536325504,28.343341446294176],[127.94346657606354,28.493745927264683],[128.09387105703399,28.661520357842164],[128.18538902017178,28.762209356280493],[128.26711430968976,28.853727319418056],[128.42619217528568,29.031792074290649],[128.60425693015827,29.23441350689933],[128.66534242644036,29.303027696259733],[128.71890104671922,29.364113192542163],[128.90362062824647,29.575135367577673],[129.11464280328198,29.819552244919009],[129.14026276764093,29.848879101307148],[129.1623619733806,29.874499065666043],[129.37622729968905,30.123300442383083],[129.44875046233892,30.208606724723154],[129.59874674956041,30.384884938790151],[129.6107823316363,30.399131283559825],[129.62502867640626,30.416152974409499],[129.84468461182666,30.675614876493512],[130.02915052088724,30.895270811914031],[130.07740451641098,30.953280845033021],[130.13541454952997,31.023473854989334],[130.30929691913695,31.23177431543121],[130.45375297048781,31.405656685038139],[130.54029096786292,31.511166139829299],[130.64580042265413,31.640254580686872],[130.7704263099331,31.791416670883052],[130.8730648847644,31.916042558162076],[130.99968904299851,32.072539810941748],[131.15618629577818,32.266009869596871],[131.22821732406419,32.35439740299995],[131.2871127450278,32.426428431286126],[131.45508310754178,32.637917492646238],[131.66657216890212,32.903381856871135],[131.6814531896182,32.921933283694102],[131.69349181384496,32.936814304410063],[131.78935217650178,33.059594312009722],[131.9054168999611,33.208355446475139],[132.09281603236434,33.447200177534114],[132.12870109869971,33.495457120860635],[132.17695804202594,33.560468387044523],[132.34747536524276,33.787068727441465],[132.47638119780493,33.957586050658051],[132.56292787181098,34.082002093997289],[132.68734391515011,34.263096835958322],[132.7715750036009,34.383740835331309],[132.82983946872685,34.467971923782102],[132.96881211910056,34.696889592955586],[133.0415690772171,34.822197085849155],[133.13330098616279,34.978357796906039],[133.15529385619652,35.020793728983676],[133.19772978827416,35.109003316350766],[133.32061452316736,35.365858935136771],[133.37337843983471,35.488743670030146],[133.46634800256709,35.730511328861155],[133.48014178199151,35.771155663747663],[133.56226851129168,35.999129543154197],[133.60016458544578,36.107080619106284],[133.7081156613981,36.447880945474424],[133.722352547426,36.495278530250005],[133.72616853002614,36.509515416278134],[133.73371197740335,36.535111732283326],[133.84116118492182,36.886855765878465],[133.87919163280196,37.019901289402185],[133.95957318949604,37.271358817500186],[133.96140609088036,37.276996733044029],[134.04108896633466,37.530287162526122],[134.0870884136167,37.661700283431458],[134.21816603287596,38.040337534003982],[134.21828280218324,38.040673035650002],[134.2183437204086,38.040830849763609],[134.21850153452215,38.041238485575491],[134.35703452937173,38.412525913924298],[134.40934690385859,38.55105890877411],[134.50294251122898,38.777003805191214],[134.5464465517673,38.879003926019436],[134.62334373196393,39.06144478189799],[134.65617700964617,39.134155179897959],[134.72888740764608,39.291016923176926],[134.81665404636578,39.484064016302398],[134.85805382041008,39.571830655022097],[134.98508438759939,39.826019548192846],[134.98723751439286,39.830180761768872],[135.11619696485127,40.082216528146205],[135.1591251536729,40.162364655243437],[135.23927328077002,40.307141122949076],[135.34070372375675,40.49117195828336],[135.39884130923372,40.592602401270085],[135.52927536719528,40.812986187968875],[135.63954011421276,40.992869234712657],[135.7064675702884,41.102988274394193],[135.72305187438928,41.12959555389898],[135.74965915389407,41.170936850566079],[135.92371665677263,41.439316644639746],[136.04062083367546,41.613374147518073],[136.12959470371163,41.74382447082462],[136.26004502701801,41.929260866149207],[136.34107841431478,42.04272663334541],[136.40085301348222,42.12376002064218],[136.55842624341039,42.335764677373845],[136.77043090014206,42.61300304413362],[136.77970518561369,42.624871608294598],[136.78716241420318,42.63414589376606],[136.85640139938744,42.720116393011494],[137.00715163166467,42.907811035367388],[137.20218810821291,43.144531766890168],[137.23771595490666,43.187632585249503],[137.280816773266,43.238755442417698],[137.47394532302667,43.461789090253603],[137.64485936629842,43.654917640014105],[137.71345428351037,43.732666002893779],[137.79120264639005,43.819105042913179],[137.95777131056298,43.998734848965057],[138.11503967379645,44.165303513138156],[138.20537995871427,44.261512073937809],[138.30158851951398,44.362339984597781],[138.45720069015806,44.52007721561813],[138.61295184026892,44.675689386262093],[138.71215540595017,44.775508372950128],[138.81197439263804,44.874654616467467],[138.97097158726683,45.027078064757347],[139.13869599540999,45.186075259386143],[139.23261289788684,45.275822627261334],[139.32236026576197,45.360725720940991],[139.49797633287801,45.520845065394212],[139.69218566911161,45.69646113251008],[139.76570000865399,45.76350726274228],[139.83274613888602,45.824197066527631],[140.03720327138194,46.00238987313827],[140.27313304907477,46.206847005634131],[140.31048150172478,46.239497515919481],[140.3431320120103,46.267891743425423],[140.58775466081431,46.472610229953887],[140.715099144997,46.578814138620999],[140.85351788513401,46.694289896893849],[140.86625632840742,46.704494435484719],[140.88218258863697,46.717232878758068],[141.14877238174347,46.932364255272546],[141.36390375825795,47.10570507689971],[141.43263602286504,47.158886487275254],[141.52144867817697,47.227618751882176],[141.71960692101288,47.382301462251121],[141.874289631382,47.503063200331439],[142.00854804533208,47.603746211056205],[142.18727936271068,47.738004625006056],[142.29959976316798,47.823080366344243],[142.38467550450616,47.887617118087576],[142.59334092587437,48.039725076761897],[142.87873249777078,48.248390498130163],[142.88813308242675,48.255318793333458],[142.89506137762999,48.26043882168392],[142.93666649183024,48.289995612330188],[143.18648801263862,48.467349736245694],[143.40544725075392,48.623427447990593],[143.4857945464388,48.678429075569568],[143.60253355459929,48.758776371254044],[143.78755095927033,48.887058535861797],[143.91583312387797,48.976444118053223],[144.09116019148541,49.09383517677071],[144.35140044041191,49.269162244378151],[144.39597556154865,49.29940567983158],[144.42621899700214,49.320042807800405],[144.57418858418237,49.417131831558208],[144.70374706160783,49.502020052896512],[144.93660487012619,49.655636589605706],[145.0124461725834,49.703706815044995],[145.13115166531588,49.779548117502031],[145.31390271113753,49.912636149614627]]},"properties":{"OBJECTID":4,"Id":4,"Contour":780,"Shape_Length":80.017568237444564}},{"type":"Feature","id":5,"geometry":{"type":"LineString","coordinates":[[-137.85185459316955,39.096130534497718],[-137.81716884056993,39.112149128298142],[-137.75462675615552,39.123986866312464],[-137.43226459630677,39.186926410758986],[-137.306782967446,39.210329971422084],[-137.126074188166,39.242153561178043],[-137.00007869767171,39.265126385247925],[-136.79639709432195,39.300457521147507],[-136.56312644023944,39.338560000939594],[-136.51127802865,39.346563847570053],[-136.28601122119801,39.38279589228739],[-136.12176904028786,39.407588474111947],[-135.90979795445679,39.437658048639321],[-135.77562534807385,39.457594023961633],[-135.67532747375196,39.471532780700159],[-135.31934157817716,39.51772855179496],[-135.26523947494985,39.525126758593785],[-135.22381196107779,39.530403141149918],[-134.87276495865825,39.571830655022097],[-134.76722568331206,39.584202736508132],[-134.75485360182591,39.585537461847821],[-134.73965596601096,39.587028290836997],[-134.30564142696164,39.633004353281763],[-134.24446772870192,39.63890187873892],[-134.17101874355075,39.645279640173271],[-133.83907313984679,39.67682193929096],[-133.73408185557793,39.685776522200626],[-133.61076577054553,39.695146740054497],[-133.36756913378485,39.715703806352963],[-133.22369598245393,39.726435758452055],[-133.05825157812285,39.73727505935318],[-132.89119605336771,39.749716599059923],[-132.71331010932994,39.761149675837487],[-132.51286830638605,39.772272457966096],[-132.410038290616,39.778944709432096],[-132.20292423620594,39.790211356320754],[-131.97403798970214,39.800716901525902],[-131.92420333066025,39.803495622600508],[-131.69253836308195,39.813911177652869],[-131.44120747677897,39.823161541325078],[-131.43383112713764,39.82350929220172],[-131.18215248995796,39.832575713163408],[-130.93936108707828,39.839425125266359],[-130.91413733894092,39.839845806039079],[-130.67176661683396,39.8465316623695],[-130.44073659801654,39.851186509328727],[-130.39200998109339,39.851587290762552],[-130.16138074370997,39.856126697873947],[-129.93811300180568,39.858948786241911],[-129.87424702344526,39.858964375286803],[-129.65099487058598,39.861718015899044],[-129.43174934098926,39.862970998549486],[-129.36036601017088,39.862459515437251],[-129.14060899746198,39.863683658999776],[-128.92193992913553,39.863547459819813],[-128.84990443620262,39.862535216281401],[-128.63022312433799,39.862402015165685],[-128.40898108003393,39.860974483842142],[-128.3424421642892,39.859611615070889],[-128.11983725121399,39.858215290016176],[-127.8931663005053,39.85554557743734],[-127.83759222352552,39.854075682710516],[-127.60945137808989,39.851467275005064],[-127.37475178084679,39.847516930903112],[-127.33504455128838,39.846237481823607],[-127.09906550496589,39.84238803813605],[-126.85388286437615,39.837033887556458],[-126.83459471132682,39.836301448661345],[-126.58867963184196,39.831105603811466],[-126.33629084744427,39.824219439419721],[-126.33062949379519,39.824166390099208],[-126.07829375871796,39.81751766592464],[-125.84064141476927,39.80948299897085],[-125.80503468151335,39.808957450941534],[-125.56790788559397,39.801230641606082],[-125.34785956886583,39.79187897175035],[-125.2759694042785,39.790278046830622],[-125.05752201246997,39.781347844902996],[-124.85890583038895,39.770446837103066],[-124.74182835499499,39.76652287067111],[-124.54713613934598,39.756261551725459],[-124.37525617263083,39.743710621737137],[-124.19967868981661,39.734759078616719],[-124.03675026622199,39.723340668351796],[-123.89894984212674,39.70963107911723],[-123.64430444064033,39.689770702564488],[-123.52636439309799,39.678487017145756],[-123.43252006333398,39.665674984786108],[-123.06658985684675,39.622441991894846],[-123.01597851997388,39.615752231932674],[-122.97889221395127,39.608916961044883],[-122.76424397556212,39.571830655022097],[-122.54362776177118,39.533795540100812],[-122.50559264685,39.527824931721909],[-122.44797415784643,39.514212166018638],[-122.12835880954907,39.438678619198924],[-121.9952067737259,39.407226256939396],[-121.75668983344701,39.333313714743213],[-121.7310800188049,39.325571536819211],[-121.4848209006019,39.247566894811825],[-121.34904700302218,39.197218679477828],[-121.00265998118442,39.06144478189799],[-120.98253419655748,39.053345612818589],[-120.97443502747791,39.049835714234405],[-120.95282101138463,39.039830765804822],[-120.63145222825835,38.894041707993722],[-120.46404915435392,38.813839004329566],[-120.28802480032874,38.727083262799283],[-119.96342995803667,38.560825585580801],[-119.95366328122992,38.555885612618511],[-119.95047040767361,38.554251782330425],[-119.94440664454589,38.55105890877411],[-119.62145282851185,38.372883488368245],[-119.44327740810593,38.272897130365891],[-119.29433563526283,38.189614808493275],[-119.03108040985722,38.040673035650002],[-118.96944778652306,38.00411678410893],[-118.93289153498199,37.982467882427329],[-118.79146767337335,37.899249174041472],[-118.64824895282288,37.81492974468523],[-118.42250566185794,37.682295262331309],[-118.32658573983718,37.626207084546763],[-118.16215826537751,37.530287162526122],[-118.00622539179659,37.436181559463478],[-117.912119788734,37.380043925131815],[-117.68634845809254,37.245672620043536],[-117.54317607769838,37.161343451490495],[-117.40173391560995,37.077809728045622],[-117.36531958562051,37.056315619391398],[-117.30304176665237,37.019901289402185],[-117.04544144515262,36.865807886735411],[-116.89134804248596,36.775093931103925],[-116.72434039644509,36.67652306231895],[-116.43720103501772,36.509515416278134],[-116.40188035268272,36.488597232957318],[-116.38096216936185,36.476454531592935],[-116.30150899259644,36.430062239512665],[-116.07999530728699,36.300096405229056],[-115.87057629623786,36.179465268247895],[-115.75644450402478,36.113261335367383],[-115.55625012085665,35.999129543154197],[-115.43186707987235,35.927452886395713],[-115.36019042311392,35.887018406424488],[-115.10644327416588,35.742490818978183],[-115.0998993818892,35.738838501929365],[-114.84980454998993,35.59845391527972],[-114.77980148399439,35.558746736025569],[-114.65398332554997,35.488743670030146],[-114.45226667756737,35.3758956693286],[-114.33941867686593,35.314164296810873],[-114.12329939788378,35.194477075888301],[-113.95272726419648,35.10205225736064],[-113.82903280374194,35.034595679917629],[-113.79280642692822,35.014584173719925],[-113.72582778442262,34.978357796906039],[-113.46173485124285,34.835269876281188],[-113.31864693061794,34.759557169889149],[-113.12889436028883,34.657724494111164],[-112.85376775578214,34.513478622070352],[-112.80826105749395,34.489447066693742],[-112.79427754189089,34.48195543938516],[-112.76757576386154,34.467971923782102],[-112.45922349818102,34.306623609970984],[-112.29787518436996,34.224272979669195],[-112.12221462611188,34.133246608916238],[-111.80049109269964,33.970587832111846],[-111.78748931124596,33.963961369770686],[-111.78328792792001,33.961787433984057],[-111.77497007013471,33.957586050658051],[-111.44390792783469,33.790781560945391],[-111.27710343812197,33.708882606303007],[-111.1025068951468,33.621796720509337],[-110.78879152006516,33.469274132601299],[-110.76671756499798,33.458447614485351],[-110.75920979070804,33.454707951824048],[-110.743758023689,33.447200177534114],[-110.41534024232021,33.288191627087713],[-110.25633169187398,33.213204176426359],[-110.06949160764987,33.12365438863435],[-109.81296134254382,33.003829828204005],[-109.74594581874999,32.972235216307126],[-109.72199593108456,32.960764192075487],[-109.67074584180358,32.936814304410063],[-109.37375488247648,32.798619367559638],[-109.23555994562588,32.735963140274009],[-109.02372991915041,32.638258457761765],[-108.8660769835252,32.567331342309444],[-108.725174072502,32.503342703819328],[-108.67256106357542,32.479041440212598],[-108.55597531200505,32.426428431286126],[-108.32050059699571,32.320716033668305],[-108.21478819937789,32.27441501640169],[-107.96705543547102,32.163775322069114],[-107.94057942770803,32.152219659616208],[-107.7044023262539,32.048210847732378],[-107.6131988205081,32.007246063907928],[-107.4058993166642,31.916042558162076],[-107.25845497354203,31.851604037750008],[-107.19401645312996,31.824068971067618],[-107.03047626063369,31.752502365665919],[-106.90327229139672,31.696400846771326],[-106.68363058000597,31.601448122428337],[-106.54796274075102,31.541324524293032],[-106.23649371990092,31.405656685038139],[-106.19231456812429,31.386586823795653],[-106.17324470688197,31.378516587816819],[-106.12509764084632,31.357509619002371],[-105.83737048274429,31.231145036051885],[-105.66285883375798,31.155776505412064],[-105.48270733741015,31.075422308261921],[-105.21467858100004,30.957476432280259],[-105.15247296063399,30.929959259277325],[-105.12867705283469,30.919066719713271],[-105.07617689598015,30.895270811914031],[-104.77610908579965,30.761248813624377],[-104.64208708750999,30.702192285131161],[-104.42465997896517,30.602312047334919],[-104.28610871219985,30.539292436604001],[-104.131701214386,30.468800386937346],[-104.07488933130236,30.441696821873791],[-103.95509789862501,30.384884938790151],[-103.72719554203871,30.279004738013441],[-103.62131534126189,30.230345958962971],[-103.3815398125555,30.114274594372546],[-103.32216577537321,30.085735372901354],[-103.11092946813801,29.983948902940654],[-103.03839200144733,29.947036532356719],[-102.8954058020372,29.874499065666043],[-102.69791052922045,29.777132131459609],[-102.6005435950139,29.729592002476977],[-102.36003615969457,29.604620627861493],[-102.29930611431803,29.573261584970169],[-102.09015772188991,29.465048370129352],[-102.02512182188843,29.429149092543526],[-101.90696184720463,29.364113192542163],[-101.69304699823516,29.250838043072918],[-101.57977184876592,29.191541484767299],[-101.36347614325439,29.070023024929526],[-101.18804609530679,28.972387439083093],[-101.06938597564192,28.906170319040655],[-101.03660723732014,28.88650605773995],[-100.98152921635318,28.853727319418056],[-100.71178715783594,28.700940264100154],[-100.55900010251793,28.615948062877635],[-100.38851537493537,28.513826173876623],[-100.09849238202497,28.343341446294176],[-100.06649815215565,28.325457523532464],[-100.04861422939393,28.315735354935157],[-99.982313685504323,28.277040902404508],[-99.744451519419044,28.137118283145014],[-99.538228356269997,28.019408511180075],[-99.422431799476612,27.948752129963509],[-99.225939497364777,27.832955573170068],[-99.099002960471182,27.761795095844775],[-99.027842483145946,27.723465139195639],[-98.774104452806682,27.579217542830804],[-98.772257466158521,27.578154717033499],[-98.517456610022009,27.437893348341277],[-98.44418114928817,27.395845160779913],[-98.309766576657921,27.322569700046188],[-98.111346825937801,27.218293611006231],[-98.007070736897958,27.166079263672373],[-97.772679447308292,27.046575116511804],[-97.692074167921078,27.007573131069307],[-97.496684863773964,26.911325044519856],[-97.430143074475723,26.878725616220265],[-97.286892547585978,26.81218382692208],[-97.080740887617935,26.717741929954173],[-96.986298990649857,26.676277340192257],[-96.749699679543482,26.575584515815592],[-96.723731494188826,26.564365450259231],[-96.475913117525863,26.461239288504544],[-96.361356526326801,26.416354544997205],[-96.060518578937092,26.301797953798143],[-95.991827531043896,26.275497667156117],[-95.965527244401926,26.2656132129909],[-95.909854606273484,26.246125315669644],[-95.614511936667611,26.142427388408407],[-95.455141371277932,26.086823321169618],[-95.231036983121385,26.015516468830583],[-95.139470669971217,25.986127252491428],[-94.944755498153938,25.92391021775353],[-94.841790746589311,25.894376832238606],[-94.491634723412801,25.791412080674093],[-94.447542395499113,25.778239310204981],[-94.434369625029944,25.774207341166687],[-94.410521896941418,25.767564352585623],[-94.047035047884947,25.668360784695096],[-93.923983751905951,25.633543973571363],[-93.711600768263224,25.579029097031423],[-93.64309106166877,25.561918897787336],[-93.413597878781957,25.501902873632673],[-93.23514478308266,25.459479303249452],[-93.030454971536926,25.408269173429062],[-92.903212005657963,25.377404811376266],[-92.824337198018213,25.359901015189905],[-92.487563635560321,25.281026207550156],[-92.411043625607874,25.26280871447608],[-92.392826132533969,25.258254842827455],[-92.363220097578619,25.251420172594806],[-91.99459091056633,25.168875556393687],[-91.882440259409975,25.142514294615069],[-91.705247942225526,25.103833890365706],[-91.576537978355816,25.076542615480207],[-91.372054386285981,25.031184020270473],[-91.156262861793948,24.986431858917911],[-91.055829414617449,24.964801235881566],[-90.861668513161987,24.923998711614502],[-90.733645143151477,24.898663704436501],[-90.414229043115711,24.833586737503936],[-90.351282640037994,24.821007916048018],[-90.308942776794993,24.812980197669049],[-90.089556867382157,24.770640334426105],[-89.881965134422387,24.729571966917774],[-89.840896766913886,24.721276208550023],[-89.780027198652363,24.709770766164581],[-89.452858945472485,24.648292282743512],[-89.330510893790006,24.625103077583503],[-89.153468873156555,24.593598313792825],[-89.020871710720712,24.569893644371348],[-88.820125020665898,24.53424192630473],[-88.585433999837051,24.494945482131016],[-88.536435082350067,24.486950396110217],[-88.309739147541904,24.449269324793022],[-88.14645746544295,24.423536143401009],[-87.930218401389993,24.39111958827425],[-87.799353274417967,24.370767434468632],[-87.70314590627089,24.356461829449131],[-87.334608578438235,24.305895638446316],[-87.288967401293974,24.299243397642101],[-87.254803256566447,24.294418606029637],[-86.982426669772053,24.260254461302168],[-86.802382116115268,24.236453873356709],[-86.77858152816998,24.23361403716882],[-86.74872085896817,24.230393792100358],[-86.347038325073868,24.181411791274115],[-86.268195655045986,24.173173780860907],[-86.171957256948303,24.164016063204372],[-85.88662697326987,24.131437269954233],[-85.757809781921992,24.119684248317242],[-85.604133302961429,24.106577982341605],[-85.421288417205915,24.086389952894194],[-85.247423908797828,24.072354784369566],[-85.043103413911467,24.055933966415637],[-84.951699174947009,24.045593322028992],[-84.737038035674004,24.029528397506226],[-84.485073474100886,24.00828989972905],[-84.479341567848053,24.007565056003955],[-84.226652162549897,23.988140697120798],[-84.010924973365093,23.965595777362921],[-83.92875122173939,23.962353520491547],[-83.716266289425903,23.942617632809402],[-83.549519656547261,23.916615221056929],[-83.358585355879143,23.902573527755294],[-83.205880416301909,23.881929723138626],[-83.101629483196461,23.854119521283451],[-82.732899878739943,23.787273923740202],[-82.695494543177915,23.778557070555678],[-82.675778554752128,23.769584576603961],[-82.629608207811543,23.749868588178117],[-82.319767041240539,23.615210216991443],[-82.185108670053921,23.561842072423872],[-82.002613820466024,23.42197756464202],[-81.804673336184692,23.23948271505418],[-81.754546158745939,23.159659353237942],[-81.674722796929927,23.037595722464403],[-81.552866502974496,22.850953135885504],[-81.470890534982459,22.729096841930073],[-81.387905843697638,22.505527922038368],[-81.331142311126257,22.385516356126516],[-81.259296224661853,22.218710968806192],[-81.240836917944875,22.142210974667137],[-81.164336923805934,21.918726877323707],[-81.111556954691139,21.761105064796993],[-81.089658634349632,21.708325095682085],[-81.059788911194403,21.603777083070497],[-81.000464596984443,21.361811549379695],[-80.948013482752458,21.197939222558205],[-80.89267619166327,20.959214081576761],[-80.878948827862246,20.912551126614346],[-80.821229604896189,20.687553349434097],[-80.793936450716842,20.547567949399252],[-80.718454014078702,20.241670439706866],[-80.70473838210097,20.177167476310046],[-80.697434299713109,20.133684227279048],[-80.65395105068194,19.927377773842181],[-80.609978968859991,19.710753685008058],[-80.599108875612501,19.666781603186109],[-80.585349243844064,19.598179796348404],[-80.529640761184794,19.280706019559148],[-80.503091233930718,19.156395730062002],[-80.470852979606036,18.973297658986326],[-80.451693511213875,18.848267396406243],[-80.414051870561423,18.646009856938122],[-80.377747402199191,18.41182763229682],[-80.368312885400655,18.360371691656894],[-80.331719199487168,18.135623983814014],[-80.309148812732701,17.970040348639372],[-80.274733845589481,17.756406778721669],[-80.256057129006422,17.625238110690134],[-80.244083312547275,17.524719975700862],[-80.193313218246544,17.164600278254738],[-80.187151060861936,17.114852237566197],[-80.183168650776736,17.075248764347293],[-80.143565177557946,16.737521100888728],[-80.129696595778853,16.618334946221296],[-80.127766647583542,16.604466364442146],[-80.125613955801384,16.586515142685585],[-80.080997559164643,16.156648109711341],[-80.073214390346664,16.094080491318209],[-80.065153487819032,16.015668801579125],[-80.036768835457053,15.690490960295108],[-80.025403591514419,15.583694618194102],[-80.014285534388762,15.454414975024974],[-79.997595315510637,15.219278607117417],[-79.984622445155253,15.073308745070051],[-79.972807287456362,14.902550854968638],[-79.96406419936045,14.742423850143723],[-79.951248484834935,14.562922871946114],[-79.940673910592807,14.360031604981032],[-79.936853672051029,14.259248504329037],[-79.925751958424087,14.052536998822063],[-79.917953785978341,13.826925607242515],[-79.916748526982531,13.768967776273541],[-79.908681834126185,13.542151125698126],[-79.904784480892431,13.303370429032555],[-79.904680264507135,13.270650165624829],[-79.900675658478576,13.031765252574075],[-79.901325902506073,12.789525977522317],[-79.901712927370227,12.763231629637858],[-79.902377905882133,12.521379379450138],[-79.907649816732658,12.285464018624793],[-79.908941315781476,12.245617368102558],[-79.914288629285977,12.010993506326031],[-79.92352212164343,11.790950450411458],[-79.927090879446496,11.717081931313658],[-79.936286016840199,11.500607633202151],[-79.947955461059223,11.304997916703257],[-79.955416349104212,11.178370588531777],[-79.966625104229593,10.990221760078043],[-79.978514273562382,10.825170856082593],[-79.989602487097613,10.633798577414382],[-80.000405131612638,10.479835886954163],[-80.008491789353059,10.344762498749276],[-80.012897745338876,10.100117446049126],[-80.020126179662498,9.9694500138300555],[-80.018395892226351,9.8442807284986316],[-79.994882605102759,9.6077467131611343],[-79.99315553060768,9.4590641407061753],[-79.919056452241705,9.2345554153898206],[-79.902786563829295,9.1894568813107185],[-79.830284579241209,8.9486782675820677],[-79.74240360226122,8.8394539697548566],[-79.633179304433952,8.7368355929959307],[-79.426537919775456,8.6449337791166272],[-79.258006346043203,8.5735053091913187],[-79.122793431310015,8.5150866597971344],[-79.04346051694688,8.5176253088210956],[-78.666178203705385,8.4920630399774382],[-78.612407558185964,8.4941790737025258],[-78.550418424548354,8.5002815280957407],[-78.188584400860634,8.5248551102568513],[-78.10202168506197,8.5339740572110259],[-77.99704797163804,8.5432661078820047],[-77.720340986560416,8.5669975690806268],[-77.591635811937977,8.5784593324535194],[-77.444836999108304,8.5850912072876895],[-77.239412441722095,8.5964548973662431],[-77.081249938813869,8.603449957200894],[-76.918276019085965,8.6012663141860344],[-76.734491372466948,8.6019197012350332],[-76.570864065689932,8.5997994531365407],[-76.421354817162921,8.5878016429850845],[-76.196503249711554,8.5743174516036902],[-76.060478192565938,8.5638039934420362],[-75.951574655056618,8.5471959319675079],[-75.614690123407001,8.5028901984231311],[-75.550092319441944,8.4933912298599239],[-75.505253867771785,8.483130846128347],[-75.291324000231043,8.4382923944581876],[-75.080678985575332,8.3973198552005783],[-75.03970644631795,8.389966928691706],[-74.973810560620677,8.3723965087608008],[-74.676495195670213,8.2911177719817601],[-74.529320573193957,8.2525896364221012],[-74.289540165081519,8.1676869294466314],[-74.242217446159088,8.1511892674232627],[-74.018934700069963,8.0727637361807751],[-73.918611279573781,8.0282299418302614],[-73.693752733414328,7.92790652133408],[-73.563683024336399,7.8727723239437637],[-73.508548826945969,7.8489945406634547],[-73.342086414338098,7.7614441087263799],[-73.225381725561022,7.7006877495949198],[-72.998162953821975,7.5784555252675432],[-72.898908646677398,7.5167749553547196],[-72.745261912862816,7.417520648210143],[-72.587484128957271,7.3178135999507958],[-72.487777080697981,7.2512465329002112],[-72.289632846377856,7.1052790094061606],[-72.033885867214963,6.9071347750860923],[-72.002165045913785,6.8823609367464087],[-71.977391207573987,6.8617565579839379],[-71.729525430536114,6.6446146790000284],[-71.544886438052629,6.4746300055647907],[-71.467005334449993,6.4030806036748231],[-71.463753652124069,6.4000005842879091],[-71.460451729147735,6.3967489019621553],[-71.238254744591814,6.1679983121039186],[-71.212189432322361,6.1411789309657934],[-70.97371533825617,5.8863630288381046],[-70.965749059579196,5.8772334305848517],[-70.956619461326,5.8664405219194009],[-70.731436742615415,5.6011598744245816],[-70.544305027963219,5.3759771557141676],[-70.501849969014643,5.3203607749014168],[-70.446233588201892,5.2467635390617033],[-70.279316572299194,5.0325082984928713],[-70.14968390589371,4.8655912825901169],[-70.060835492477963,4.7406035051900517],[-69.935847715078012,4.5662431815297282],[-69.847832102664995,4.4432210218790829],[-69.784520138227833,4.3552054094661798],[-69.641701890500542,4.1389653609194852],[-69.483227139184692,3.9025848335728028],[-69.444614895228824,3.8448195363420723],[-69.437354139813181,3.8329272384829096],[-69.425461841953904,3.8139214540799458],[-69.241922590528702,3.5179729146432237],[-69.126156381830697,3.3344336632181921],[-69.048559283787483,3.2009503482606192],[-68.91507596882991,2.9766752083379515],[-68.856857976810602,2.8822657821133362],[-68.820121036689329,2.8240477900940846],[-68.685429428190957,2.5944012494550748],[-68.666629819959496,2.5621080658406186],[-68.517803969548936,2.3136619169702044],[-68.47730767559807,2.2410443370779376],[-68.404690095705973,2.1150221946977581],[-68.290167419923307,1.9177987196287063],[-68.221772341365352,1.8032760438460969],[-68.104150611753369,1.5934296546746509],[-67.979811923550244,1.3783978716903675],[-67.930782697431653,1.2928901707222167],[-67.917996532673953,1.2691978606302428],[-67.89430422258198,1.2267548417242438],[-67.734723157767235,0.94208536241291085],[-67.642558784632342,0.78250429759810913],[-67.551090752234131,0.61533189482190664],[-67.383918349457986,0.3192332436034917],[-67.366874353718174,0.28916242021392691],[-67.35693946520513,0.27211842447400159],[-67.323260206363784,0.21146028137985695],[-67.185118361286413,-0.039467460478306293],[-67.072377619855445,-0.23826744864987859],[-67.002523424488857,-0.36725839680474337],[-66.873532476333992,-0.59830831059298362],[-66.819608094462922,-0.69472893990280227],[-66.788602614293097,-0.74865332177387245],[-66.68422778931631,-0.93795800879149738],[-66.637645542154587,-1.0231522607186321],[-66.504903164299947,-1.2590391948978663],[-66.455148413167308,-1.3510410048552899],[-66.363146603209998,-1.5162819836867243],[-66.271433005691847,-1.677711470503823],[-66.214868839563962,-1.7694250680218602],[-66.082748735575933,-1.9994130735118461],[-66.010053680950989,-2.1225179902808691],[-65.917833403938573,-2.279810941145854],[-65.894309063285903,-2.3213592743458094],[-65.852760730085834,-2.3927218138330204],[-65.710160939841558,-2.6475970240255151],[-65.628278049034463,-2.7901968142699616],[-65.510790373812597,-2.9586123311204346]]},"properties":{"OBJECTID":5,"Id":5,"Contour":780,"Shape_Length":94.540447509364725}},{"type":"Feature","id":6,"geometry":{"type":"LineString","coordinates":[[-49.443766227175729,-9.3485666019395808],[-49.372591710487541,-9.4252131648819386],[-49.202641768756052,-9.6178280166440686],[-49.010026916993979,-9.8341667527911909],[-48.9623861559989,-9.8879582770109096],[-48.919832688058705,-9.9355990380059325],[-48.738458093454938,-10.174416087590942],[-48.695697622676221,-10.24992833232352],[-48.576262809070727,-10.445984911129926],[-48.545304928680764,-10.491648795940591],[-48.499641043869985,-10.563348220184423],[-48.31983463287952,-10.776564373263511],[-48.152563760401222,-10.95637078425392],[-48.071214215479472,-11.038329828987287],[-47.989255170745992,-11.124550726458722],[-47.825157784569626,-11.302659271201549],[-47.672646953469155,-11.466756657377914],[-47.579618776151051,-11.567506135906967],[-47.478869297621998,-11.675646461194333],[-47.333950504898098,-11.832223737778179],[-47.198712179447284,-11.977142530501908],[-47.087938729043287,-12.096597835047305],[-46.968483424498004,-12.224338549822733],[-46.841778918164266,-12.360823897292335],[-46.723248896110306,-12.487528403625902],[-46.595498506623585,-12.62492935887542],[-46.458097551373839,-12.771570183334745],[-46.288752320377853,-12.828569045753852],[-45.965069122487137,-12.997914276749896],[-45.95323986799616,-13.003442466496153],[-45.947711678249846,-13.006122810113879],[-45.705054345064809,-13.265642816688683],[-45.47654379568587,-13.508300149873889],[-45.457582660911839,-13.528557005659763],[-45.437325805125909,-13.550045385885255],[-45.21138916464048,-13.792749382512284],[-44.999805554248724,-14.018686022997883],[-44.964680899650261,-14.056426990646059],[-44.926939932001915,-14.096747343450772],[-44.710421510553431,-14.31255347467328],[-44.492949709700042,-14.52907189612182],[-44.454795559393403,-14.56731339663736],[-44.416554058877921,-14.605617111031791],[-44.174553515760294,-14.797457226128188],[-44.043625575330964,-14.902000379668777],[-43.906168185753927,-15.011667985067959],[-43.893514070506285,-15.026803653998172],[-43.880973140262142,-15.039457769245814],[-43.653963908441483,-15.291662046558429],[-43.651132528283711,-15.294807984899649],[-43.421163956217015,-15.549843642369922],[-43.408837064336979,-15.56289839407691],[-43.395782312629933,-15.575342903661692],[-43.157241101430031,-15.8216883042939],[-42.907682157449983,-16.060229515493916],[-42.896934731518456,-16.071767807506376],[-42.885396439505939,-16.084095729035255],[-42.64409786461249,-16.329316813724517],[-42.406047452402561,-16.57061538861791],[-42.390711435237222,-16.586316257473243],[-42.375010566381945,-16.602360064540392],[-42.139082664488797,-16.845073359848698],[-41.909370702312856,-17.081001261741903],[-41.887426835978715,-17.103803404462553],[-41.864624693257952,-17.127474776677559],[-41.637629190522262,-17.364391632130207],[-41.419920472249089,-17.591387134865954],[-41.387987382899212,-17.625135697631151],[-41.354238820133958,-17.660789267951088],[-41.140207946845578,-17.887742134701512],[-40.93823631180328,-18.101773007989891],[-40.892780004689598,-18.150700065669525],[-40.843852947009964,-18.203351263136597],[-40.647140847618459,-18.415446781722494],[-40.464575744078275,-18.612158881113885],[-40.402043804258653,-18.680735611486568],[-40.33346707388597,-18.75590384267673],[-40.158566216717304,-18.947643897069213],[-39.998852640443488,-19.122544754237879],[-39.915814328506144,-19.215277881982047],[-39.823081200761976,-19.318721442936237],[-39.674436298229637,-19.484285724829533],[-39.540737767622886,-19.632930627361873],[-39.433957834143769,-19.754193133867716],[-39.312695327637982,-19.891613237008187],[-39.194518902772586,-20.025140075620527],[-39.089642146715903,-20.143316500485867],[-38.956154417451501,-20.297161463423436],[-38.802309454513988,-20.473882182321859],[-38.718433892323617,-20.569826811419603],[-38.644827446117574,-20.65370237360986],[-38.481950709223554,-20.843729501443534],[-38.291923581389881,-21.064425394693501],[-38.243391880567458,-21.115556545911431],[-38.186907647622661,-21.164088246733854],[-37.971483843155738,-21.354034381623705],[-37.781537708265887,-21.555361286081052],[-37.726161370949058,-21.619097782541019],[-37.677746524759698,-21.674474119857848],[-37.490554748093189,-21.893877032809087],[-37.27115183514195,-22.149208525864196],[-37.254617883629635,-22.168326041469584],[-37.240213258793062,-22.184859992981956],[-37.064733793615403,-22.391278034508503],[-37.019926355837242,-22.444020386801128],[-36.804743016390205,-22.695245866105779],[-36.784731371962778,-22.719211276050828],[-36.760765962017956,-22.747651558435621],[-36.550534128356333,-22.995399905568377],[-36.370508087562598,-23.205631739229943],[-36.315843565757461,-23.271095216093329],[-36.250380088893962,-23.34871077076815],[-36.081665067752169,-23.547302591212144],[-35.936906037572271,-23.716017612353937],[-35.847186847417618,-23.823210244001416],[-35.739994215769968,-23.949916350924582],[-35.612774674604566,-24.099183944312529],[-35.503191233329915,-24.226403485477931],[-35.378240192553847,-24.375035335385689],[-35.229608342645975,-24.549852282701693],[-35.143356809987495,-24.650537825943388],[-35.068641681507472,-24.736789358601925],[-34.908524592799893,-24.926091481879837],[-34.719222469521981,-25.147270066697672],[-34.668616959227734,-25.196569721431729],[-34.505462138918972,-25.247175231725919],[-34.304825213422703,-25.343163848750692],[-34.208836596397987,-25.389024571249536],[-33.994154132372159,-25.542878640824142],[-33.8820893030761,-25.757561104849913],[-33.796558788363939,-25.855669169939915],[-33.698450723273993,-25.966738108242737],[-33.46187840783341,-26.031374662533324],[-33.410760415256334,-26.045251412867515],[-33.188064850149999,-26.105928940679689],[-33.1105130081379,-26.190395135961808],[-33.038393452551816,-26.26794697797385],[-32.86657978969788,-26.456847790645668],[-32.677678977025892,-26.661816929706674],[-32.621573406600589,-26.722227280672541],[-32.568787703908129,-26.778332851097844],[-32.373960450464267,-26.985000197660156]]},"properties":{"OBJECTID":6,"Id":6,"Contour":720,"Shape_Length":24.750320668723681}},{"type":"Feature","id":7,"geometry":{"type":"LineString","coordinates":[[97.893892840681985,-13.931474320962025],[97.981104542718072,-13.783714376486103],[98.071561829808388,-13.598757436964206],[98.115306261600665,-13.508300149873889],[98.23966440523958,-13.256474139271404],[98.246100429755245,-13.243304262836773],[98.366450401074758,-12.997914276749896],[98.408143225423999,-12.914567086331829],[98.491490415842009,-12.746325090916798],[98.584413212950835,-12.580451200734558],[98.635791268780679,-12.487528403625902],[98.777680023298331,-12.26333213795823],[98.845090290912992,-12.133928528554918],[98.931583986723012,-11.977142530501908],[98.954992484720094,-11.930258726255829],[99.001876288966059,-11.835603260345238],[99.123626729998819,-11.58850709841073],[99.183161282024116,-11.466756657377914],[99.292522423022035,-11.247016918309896],[99.361829153693179,-11.106803792650908],[99.436359295631405,-10.95637078425392],[99.461773657991785,-10.905882280155538],[99.512262162089996,-10.804958293725292],[99.628295877205005,-10.562018626244765],[99.676751002736523,-10.445984911129926],[99.779872374951196,-10.203209250867076],[99.803083736699421,-10.155163336520502],[99.904310737735955,-9.9355990380059325],[99.944373690657528,-9.8573246934493568],[100.02264803521405,-9.7037257561881916],[100.11640529802816,-9.5189704276961038],[100.16382109955987,-9.4252131648819386],[100.28872642137975,-9.1809056779236471],[100.31135212388136,-9.1365090762144519],[100.42444466696759,-8.9148272917579447],[100.46133115943712,-8.8431245428570264],[100.53303390833798,-8.7032797588316271],[100.63411987716017,-8.5055273874560271],[100.68568577872173,-8.4044414186339509],[100.80695516678293,-8.1679768039547866],[100.84617174228299,-8.0913035846888874],[100.94714652864513,-7.8940555455098433],[100.97979834846268,-7.8304341125105452],[101.04341978146203,-7.7060126496136263],[101.15238825513575,-7.492638146059619],[101.20791000329319,-7.3836696723858495],[101.32450732941072,-7.154371347210656],[101.37763292508782,-7.0494565287601745],[101.46696377534272,-6.8732837992618556],[101.49609807039263,-6.8155762150684041],[101.55380565458597,-6.7005104893259499],[101.67858378903043,-6.4876760605823165],[101.750334088383,-6.3628979261379186],[101.86421179913646,-6.1629181975643519],[102.00276689335163,-5.9139366873723702],[102.03717203132186,-5.8525120530139247],[102.04681025477925,-5.8351307800830341],[102.06419152771008,-5.8029393259115523],[102.21074368848281,-5.4886783406626591],[102.27819128346283,-5.3421261798899309],[102.37070014075749,-5.1382489198135204],[102.45322903111065,-4.953088676489358],[102.50768551431412,-4.831740306765937],[102.52825574657317,-4.7854186525050864],[102.57457740083413,-4.6788026455820386],[102.68299494519675,-4.4297719780046805],[102.72910213267295,-4.3213544336419432],[102.83453067759405,-4.0709218372778651],[102.84113977060275,-4.054792063873208],[102.94217475221296,-3.8109685605179493],[102.98391504595702,-3.7099203325167878],[103.08496327395807,-3.4579436349550292],[103.13005631436283,-3.3456757277987208],[103.14764205378964,-3.3005826873937849],[103.18778551191616,-3.1977604494357479],[103.2741729237826,-2.9794064640944384],[103.34679045130378,-2.7901968142699616],[103.41606054537556,-2.6109082125634586],[103.50678047841473,-2.3683796098131893],[103.5403979789387,-2.279810941145854],[103.55563332661171,-2.2400951206756758],[103.59534914708195,-2.1328416196359967],[103.69431275866009,-1.8683886796000024],[103.73042780839324,-1.7694250680218602],[103.80910527179014,-1.5556689433136626],[103.83159769451254,-1.4952877423282871],[103.91734168223746,-1.2590391948978663],[103.96774254192962,-1.1210467166213789],[104.09653370616468,-0.75785463581524937],[104.09984247454554,-0.74865332177387245],[104.10147255007683,-0.74439085164465268],[104.10573502020605,-0.7337307883569224],[104.24942952002647,-0.38196194847029119],[104.30255401575886,-0.23826744864987859],[104.38240994747906,-0.0045565027990051021],[104.4064134700572,0.062411001201269301],[104.47987928901989,0.27211842447400159],[104.51621058413377,0.37202873367039047],[104.61612089333011,0.61649482219195306],[104.66706209772212,0.73156309320609125],[104.6924678907385,0.78250429759810913],[104.81967170552718,0.98605510979535893],[104.8588988732713,1.0501121907810216],[105.02111746585859,1.2928901707222167],[105.0708625490343,1.3485343881418999],[105.12650676645404,1.4140361605183216],[105.30334358302269,1.6264392272776149],[105.44776862189724,1.8032760438460969],[105.53866171295556,1.9015069704684606],[105.63689263957815,2.0127420043645543],[105.77692662357509,2.1736279329730337],[105.89570059833989,2.3136619169702044],[106.01525497849155,2.4456854511806796],[106.14727851270203,2.5955726418957283],[106.25339232630029,2.7179339764958286],[106.34364474009288,2.8240477900940846],[106.4913499359231,2.9903622399971255],[106.65766438582614,3.1808026908207694],[106.72851314956114,3.2635848994829644],[106.7882508735139,3.3344336632181921],[106.96518728741671,3.5372966347514989],[107.16805025895002,3.7727740739971409],[107.20093943615746,3.8119303591346352],[107.228184239798,3.8448195363420723],[107.43543977348497,4.0878158949313956],[107.56576874330904,4.2425380207010903],[107.66077402753359,4.3552054094661798],[107.66896281543433,4.3646787261057511],[107.67843613207413,4.3757561088093553],[107.90020733269904,4.6438200819651456],[108.08079372369059,4.8655912825901169],[108.12989308908732,4.9245201987008045],[108.18882200519801,4.9964067992441983],[108.35645823023998,5.2083409306721933],[108.48621882488032,5.3759771557141676],[108.58016444287387,5.4950205911624153],[108.69920787832211,5.6495313469848156],[108.80024132941617,5.7853295777439939],[108.87328817757736,5.8863630288381046],[109.01546339021831,6.0804933900659535],[109.20959375144599,6.3543635376384486],[109.22687280742281,6.379469845985227],[109.23838403003577,6.3967489019621553],[109.29626234762208,6.483417498138067],[109.43190191853051,6.6848266080015719],[109.57540392661815,6.9071347750860923],[109.63191311875374,6.9952012809024495],[109.7199796245701,7.1388564045883527],[109.8243796739518,7.3131205988285046],[109.88416053837778,7.417520648210143],[110.00849742133408,7.6393887245700967],[110.08454322560675,7.78208424924685],[110.16343429426763,7.92790652133408],[110.18638175052394,7.9718902685043531],[110.23036549769404,8.0608353038965674],[110.35447440039854,8.3141834917536244],[110.412371118002,8.4382923944581876],[110.51263673777737,8.6664070274987353],[110.55154014682694,8.7594670435910871],[110.63225914473901,8.9486782675820677],[110.66284975614849,9.0265798822516672],[110.74075137081809,9.234524983601375],[110.80210471552823,9.3977107959960335],[110.8242388445185,9.4590641407061753],[110.86450923523552,9.5828220051233757],[110.92990134738289,9.7803000372652491],[110.99041163390973,9.9694500138300555],[111.04763927420339,10.17294798356869],[111.08677508639909,10.315473729411053],[111.13252090777502,10.479835886954163],[111.15534169357778,10.57563143731835],[111.25113724394203,10.98083466517312],[111.2529458123679,10.988413191652171],[111.25337327693632,10.990221760078043],[111.25394500511152,10.993029521247763],[111.33901518241333,11.412729694730785],[111.35695116764049,11.500607633202151],[111.37926074282382,11.628731132083772],[111.41634727833167,11.845783471936556],[111.44534265038988,12.010993506326031],[111.47956109821854,12.239417360602772],[111.4863190840116,12.286197539380566],[111.52199524000866,12.521379379450138],[111.54981322602913,12.733089270486971],[111.5640321627011,12.834274298209039],[111.59040392320657,13.031765252574075],[111.60864184852926,13.184646521110892],[111.63912802974625,13.419756038378466],[111.65400228410368,13.542151125698126],[111.664965210388,13.638709032376255],[111.71011193329707,14.001125815053058],[111.71606585775669,14.052536998822063],[111.72071487655467,14.093345239333473],[111.76152311706608,14.419390972285555],[111.77732646353735,14.54711952547467],[111.77943436244078,14.562922871946114],[111.78227017824446,14.583669933124497],[111.83595137249938,14.998880489636747],[111.84630048605146,15.073308745070051],[111.86089771957649,15.17268334758063],[111.89911069392542,15.446107041334812],[111.91966191399405,15.583694618194102],[111.95006627704652,15.772237778174599],[111.96791516854307,15.887688439841213],[112.00173042595327,16.094080491318209],[112.04281475993082,16.323174721577402],[112.05489799928318,16.387455373534976],[112.09439000885652,16.604466364442146],[112.12405403097694,16.752321323655337],[112.18061408358199,17.023557330957999],[112.1991730784747,17.114852237566197],[112.21253539516056,17.17422583259571],[112.27190899019001,17.42998472731125],[112.30816696545276,17.588980135427391],[112.31665751217793,17.625238110690134],[112.33200160615581,17.685330726655877],[112.41057854068413,17.996954433319956],[112.4462909573673,18.135623983814014],[112.51447975438327,18.378194748007331],[112.51998496841907,18.397933878709239],[112.5901514905155,18.646009856938122],[112.63546610428841,18.792838615963774],[112.7331569664492,19.107257833197139],[112.74837030613162,19.156395730062002],[112.75694151206244,19.181749081313683],[112.78229486331406,19.256803993496419],[112.88460132001023,19.564475146490111],[112.91852200511869,19.666781603186109],[112.99454890812308,19.879035647995067],[113.01730488939018,19.942157450234049],[113.10087613083215,20.177167476310046],[113.1543392310291,20.31550898171912],[113.292680736438,20.683916961862224],[113.29367104142432,20.686563044447837],[113.29403258566276,20.687553349434097],[113.29489738288714,20.689769995883239],[113.43915744258027,21.051462516415938],[113.49469426918859,21.197939222558205],[113.58484690992839,21.416158922191869],[113.62812820837712,21.533386694497267],[113.69604303524693,21.708325095682085],[113.7297668794198,21.781624825824395],[113.80306660956205,21.984297742713011],[113.87500871695397,22.146768861414273],[113.90953197443946,22.218710968806192],[114.09587482218262,22.436288629309558],[114.28802742811251,22.703671787356598],[114.30679323293066,22.729096841930073],[114.30971842683573,22.732830897780559],[114.31345248268599,22.738311318013587],[114.52944407936764,23.02349111837259],[114.67210547750858,23.23948271505418],[114.7277395967003,23.335581474163803],[114.82383835581004,23.508362170277678],[114.91326842887383,23.660438515114322],[114.96341932798509,23.749868588178117],[115.08863254285166,23.995460274260381],[115.10867582565425,24.03470605802238],[115.2238025131802,24.260254461302168],[115.25901402886086,24.33546466137534],[115.3342242289342,24.4911467505882],[115.42651523459699,24.678349328763261],[115.47256434488781,24.770640334426105],[115.59321854657344,25.02203188991075],[115.60058880544386,25.037004910935934],[115.71966723291064,25.281026207550156],[115.76002762205655,25.365608687551514],[115.84461010205803,25.537458452153544],[115.92872078400262,25.707301398729555],[115.97134776766029,25.791412080674093],[116.09994422488558,26.046463830970538],[116.10024755768563,26.047049536301699],[116.23105151637878,26.301797953798143],[116.27311988283975,26.383674046140243],[116.35499597518196,26.538572812937787],[116.44981432626753,26.717365475836687],[116.50143010763588,26.81218382692208],[116.63008459605555,27.047481079172599],[116.68108527195227,27.138273123692329],[116.78382167321206,27.322569700046188],[116.8130856882176,27.374865860134605],[116.86538184830624,27.465835666282999],[116.99986147793425,27.698475943541894],[117.07973207067153,27.832955573170068],[117.19009838740385,28.018624907196227],[117.37576772143018,28.322944810112176],[117.38354123813235,28.335567929591832],[117.38845740374916,28.343341446294176],[117.41003028429725,28.377604009161189],[117.58015032100025,28.649344719847988],[117.71136006147026,28.853727319418056],[117.77935067299825,28.960530240974037],[117.88615359455423,29.124531655501926],[117.98145004977118,29.26881673732521],[118.04586360742178,29.364113192542163],[118.18599096812477,29.574661692095503],[118.37492910692322,29.852888704911152],[118.38954739044198,29.874499065666043],[118.39233584088856,29.878702692455647],[118.39653946767794,29.88493389410047],[118.60015579636183,30.181268610106258],[118.74244376933223,30.384884938790151],[118.80899229091415,30.482817988678221],[118.9069253408021,30.625149027876887],[119.01845983903104,30.78373631368504],[119.09786366916114,30.895270811914031],[119.22778044377856,31.084801582061459],[119.41731121392615,31.359586725538236],[119.43639229319638,31.386575605767916],[119.44994646446708,31.405656685038139],[119.51822897249747,31.506574443609622],[119.64279262690604,31.690561145182187],[119.79497052213912,31.916042558162076],[119.84677905077422,31.996960594437837],[119.92769708705009,32.124279625754014],[120.04657319425633,32.307552324079666],[120.12268631795803,32.426428431286126],[120.24266464136849,32.621846750091606],[120.42551838829627,32.92424973253236],[120.43314421619698,32.936814304410063],[120.43496216721974,32.939935097364412],[120.43808296017414,32.945369680072872],[120.62265674261721,33.262626395090933],[120.72855437353746,33.447200177534114],[120.80683349453921,33.588835516292988],[120.94846883329808,33.848037281020538],[120.98747812179045,33.918576762165799],[121.00888665243156,33.957586050658051],[121.07673894508764,34.085856162447442],[121.16466091650852,34.251779840571658],[121.27857903696179,34.467971923782102],[121.33914323421288,34.587683395991405],[121.45885470642213,34.825156262383189],[121.51076887886711,34.926443624461058],[121.53738867757977,34.978357796906039],[121.61309898932473,35.132602079808578],[121.67953726768781,35.268061108764471],[121.78802001854433,35.488743670030146],[121.84594479066914,35.61203945890702],[121.96924057954607,35.872965312606425],[122.01030571265107,35.958064410049019],[122.03025783870635,35.999129543154197],[122.083281930927,36.11317089453496],[122.1726190673578,36.306136928466401],[122.26788578933645,36.509515416278134],[122.33332331242377,36.655818556524309],[122.47962645267012,36.977849335070857],[122.49295400619371,37.006573735878476],[122.49923412403723,37.019901289402185],[122.51546043963913,37.055735276371024],[122.65154761766007,37.358365997536055],[122.73029501685971,37.530287162526122],[122.80990781152207,37.71039167679811],[122.93351058408643,37.984171293942438],[122.95881527886922,38.040673035650002],[122.96827806668409,38.062407294760135],[122.99001232579405,38.111175825845976],[123.12707189023024,38.413999344338094],[123.19027894160479,38.55105890877411],[123.28705066223733,38.764406445454881],[123.35898712650385,38.920033709483846],[123.42389720447113,39.06144478189799],[123.44786904611567,39.113973934700482],[123.50039819891799,39.226977996777862],[123.6104512330711,39.4617776208691],[123.66273523283473,39.571830655022097],[123.77510002690633,39.80751470015781],[123.81151089222681,39.882943348330969],[123.9072862706364,40.082216528146205],[123.94116349386047,40.151837106327775],[124.01078407204204,40.293373696688889],[124.10959788773835,40.493788585573839],[124.15869912470373,40.592602401270085],[124.28038615432433,40.833386192111902],[124.31021525683468,40.892033586062894],[124.41728703734464,41.102988274394193],[124.45276160946389,41.171396610096224],[124.52116994516609,41.302715366315169],[124.62753116756221,41.507012925122012],[124.68310402894099,41.613374147518073],[124.80441961064139,41.840510355166714],[124.86905467689974,41.961258879251659],[124.95598136723618,42.12376002064218],[124.98272068331926,42.172595155612896],[125.03155581829003,42.261726175138449],[125.16328215573219,42.502419556323957],[125.23544426737317,42.63414589376606],[125.34546529282966,42.830622292350711],[125.49485279952933,43.097442875005186],[125.52121813302051,43.144531766890168],[125.52875972721927,43.157713731084868],[125.54194169141397,43.180780291722215],[125.71431320341685,43.482546128011336],[125.81273884247832,43.654917640014105],[125.9009128390594,43.806332365492722],[126.05232756453802,44.066592102204936],[126.08863489341707,44.128996184259165],[126.10975753237869,44.165303513138156],[126.19317278611845,44.306148734718363],[126.27824448459364,44.449772466206639],[126.41199355313449,44.675689386262093],[126.46862763861088,44.769775185313335],[126.56271343766207,44.926214519631685],[126.66038736447217,45.088401332575927],[126.71922054273557,45.186075259386143],[126.85348597284337,45.405688597328776],[126.96542154966289,45.58878337138708],[127.03125118025753,45.69646113251008],[127.04726088177154,45.722299561524778],[127.07309931078601,45.764007135975589],[127.24279385558577,46.037152460834363],[127.34830504664399,46.206847005634131],[127.43912654176756,46.351205647776681],[127.58348518390994,46.580487271121797],[127.63643263136851,46.664285431299618],[127.66994588704983,46.717232878758068],[127.82331963167894,46.957067326527067],[127.83529835939589,46.97580557639634],[127.99654015508975,47.227618751882176],[128.03474003322174,47.286749775694489],[128.09387105703399,47.378136131899396],[128.23567833572588,47.59619734631417],[128.32813172746705,47.738004625006056],[128.43760031852571,47.904661236638447],[128.60425693015827,48.157770816049606],[128.64036074013427,48.212286688153824],[128.66434947745654,48.248390498130163],[128.78551580690078,48.429649374872838],[128.84473655531065,48.518296746101669],[129.00590058674334,48.758776371254044],[129.04986402029772,48.823555154238534],[129.11464280328198,48.919953707022671],[129.25604113737836,49.127763910281942],[129.35261790316031,49.269162244378151],[129.46396632338542,49.430224597398762],[129.62502867640626,49.665705339179567],[129.67165100924649,49.732925784661631],[129.70412654556173,49.779548117502031],[129.88242332902337,50.032539338008689],[129.8925310033062,50.047050444402146],[130.06206405860382,50.289933990626139],[130.0884910303314,50.336857509824711],[130.13541454952997,50.393489536326626],[130.30649643251195,50.629237980768153],[130.43124990966521,50.800319863750019],[130.50978091167781,50.936339374726344],[130.64580042265413,51.099341999881233],[130.73432277375628,51.222183385771814],[130.79959724633227,51.310705736874127],[130.93219835496325,51.534693677689063],[131.15618629577818,51.798460035120797],[131.1657684263879,51.811509479388349],[131.17298172896426,51.821091609998064],[131.19901727264062,51.863922586860667],[131.34893560319392,52.138728175706149],[131.51038321985584,52.331477483122114],[131.58185654076487,52.416193111259133],[131.66657216890212,52.566194054429332],[131.76629214850777,52.742143376640513],[131.8514880342799,52.841863356246051],[132.0020926916236,53.016728706648564],[132.17695804202594,53.314048343580339],[132.19112704752251,53.33808022387376],[132.20345646704629,53.352249229370102],[132.39399128713944,53.5692824744836],[132.43003915082795,53.609553993692202],[132.59731047696755,53.86263510249421],[132.63686154810455,53.9131174695396],[132.68734391515011,53.977246050901556],[132.86307572876967,54.197289161998697],[133.00409808196434,54.37302097561809],[133.09007630116366,54.480674462728643],[133.19772978827416,54.614842346232422],[133.31829060732889,54.762846029687296],[133.41695450249335,54.883406848742197],[133.54760881821448,55.043913691925979],[133.7081156613981,55.24020785206045],[133.77780185249924,55.324106530764766],[133.83594072565518,55.393792721866134],[134.00937895710717,55.60291529928088],[134.21850153452215,55.853983288821382],[134.24151388295115,55.881166246561065],[134.26107811835527,55.904178594990185],[134.47530001348287,56.157765989153404],[134.49324199590694,56.17891905637498],[134.69304921041578,56.414564468114122],[134.70996184104956,56.433490034710644]]},"properties":{"OBJECTID":7,"Id":7,"Contour":720,"Shape_Length":80.283151433079851}},{"type":"Feature","id":8,"geometry":{"type":"LineString","coordinates":[[-141.38986995243789,56.30885923248178],[-141.2797508130709,56.304445328747022],[-141.00154657660596,56.292501970821945],[-140.87948407931401,56.287638279735631],[-140.74454804956508,56.279628438365194],[-140.51809243462742,56.265570239676663],[-140.3690982061899,56.256776882531653],[-140.19790197087042,56.243368232794637],[-140.04248731384536,56.230789487334619],[-139.85871233306591,56.216477025377174],[-139.63936522335803,56.195217358406126],[-139.5741574499134,56.188733478142694],[-139.34832645994192,56.166966791867594],[-139.11268563643796,56.139819418494142],[-139.0686390811353,56.134877089307508],[-138.83794058681792,56.108441698126171],[-138.65770157884322,56.084417602964777],[-138.48532978461435,56.061953665910437],[-138.32755471369398,56.041033643448031],[-138.20866830289521,56.023065005788794],[-137.88861381341246,55.975623567832542],[-137.81716884056993,55.964879780819444],[-137.76523146362797,55.956115971931979],[-137.45217821844,55.904178594990185],[-137.32732708891865,55.883634473517191],[-137.306782967446,55.880314427423173],[-137.27768414902806,55.87507977657225],[-136.89508952215186,55.805486167160097],[-136.79639709432195,55.787818846425694],[-136.65145267958178,55.759234180249962],[-136.46756377720465,55.722626038983321],[-136.28601122119801,55.686987919901185],[-136.04457726596695,55.63522667709708],[-136.00966963303534,55.627837006827406],[-135.77562534807385,55.577882568567873],[-135.62613556035967,55.543282509580365],[-135.35197820204775,55.48053144896403],[-135.26523947494985,55.460538929012841],[-135.21177459998205,55.447257596834106],[-134.99439934115202,55.393792721866134],[-134.80179159483004,55.34685472886207],[-134.75485360182591,55.335536965061294],[-134.67623155088631,55.31517067092642],[-134.39606086322686,55.24219958734119],[-134.24446772870192,55.203080182120402],[-133.99391805629119,55.133956521152868],[-133.98113368322248,55.130458676386638],[-133.73408185557793,55.062543713828177],[-133.59549913903925,55.021989565280819],[-133.26678233829745,54.926493204585711],[-133.22369598245393,54.913925966948341],[-133.20038707600764,54.906715755188429],[-133.1245494792006,54.883406848742197],[-132.80926337036942,54.787453587702544],[-132.71331010932994,54.75844516875685],[-132.52954426380376,54.699641003216016],[-132.42139830079753,54.664932784150608],[-132.20292423620594,54.595215906000135],[-132.03668916493751,54.539256046886464],[-131.76916884134573,54.449651453881984],[-131.69253836308195,54.423920259626868],[-131.65492459243643,54.410634746263668],[-131.54798904991458,54.37302097561809],[-131.27663855483678,54.278534910739268],[-131.18215248995796,54.24577732489081],[-130.98205936808154,54.172927853741612],[-130.90130820939748,54.143479383054569],[-130.67176661683396,54.060066944193522],[-130.52876419815982,54.005637521168296],[-130.16716447430201,53.868418833086082],[-130.16138074370997,53.866221075220778],[-130.1588139673043,53.865201878899654],[-130.15233323605293,53.86263510249421],[-129.79221659968601,53.721413373393887],[-129.65099487058598,53.666156356076897],[-129.42808444838039,53.575159651575575],[-129.31913119419539,53.530771426103456],[-129.14060899746198,53.45797920988997],[-129.06638922222072,53.426469004611363],[-128.89127080017926,53.352249229370102],[-128.70742333137036,53.275049022337726],[-128.63022312433799,53.242672142460549],[-128.43597030672629,53.157996411758518],[-128.35110276596458,53.120983714619513],[-128.11983725121399,53.020251985498533],[-127.9969817994172,52.964718808042903],[-127.7247635962205,52.841863356246051],[-127.64511522467825,52.806199509657915],[-127.60945137808989,52.790242502042588],[-127.51324136426842,52.745653342424646],[-127.296012081507,52.644916779705113],[-127.09906550496589,52.553734892232285],[-126.94882284080751,52.481720147280612],[-126.63450309011711,52.331477483122114],[-126.6032806947162,52.316876420247809],[-126.58867963184196,52.310031859675973],[-126.54708594211212,52.289883793392335],[-126.25930407035094,52.150467171489254],[-126.07829375871796,52.06280256141622],[-125.9173506992712,51.982034669444886],[-125.59564263790804,51.821091609998064],[-125.57721590241272,51.8117835931792],[-125.56790788559397,51.807115543226757],[-125.5387778648107,51.791961589214964],[-125.24175501816512,51.636858604302972],[-125.05752201246997,51.541802882418494],[-124.90762893553574,51.46059881380836],[-124.62688489872005,51.310705736874127],[-124.57493850550645,51.282903370713541],[-124.54713613934598,51.26835837821443],[-124.45085876175006,51.214428359278315],[-124.24764250646655,51.099813496629565],[-124.03675026622199,50.983732725113441],[-123.92285339714931,50.914216732822752],[-123.73503792222505,50.800319863750019],[-123.6047219351351,50.721962321712908],[-123.52636439309799,50.676462442818149],[-123.29897612926072,50.517322254463352],[-123.09723427091109,50.371189741563114],[-123.01597851997388,50.312659260235023],[-123.00361745357037,50.302295057029653],[-122.99027761391955,50.289933990626139],[-122.74226750672744,50.0532591307487],[-122.50730925999682,49.781264730648957],[-122.50580711400556,49.779548117502031],[-122.50571602638212,49.779424737970032],[-122.50559264685,49.779179588840236],[-122.32245452010397,49.452300371124068],[-122.23187143302715,49.269162244378151],[-122.19294684672968,49.071422171374365],[-122.15679322759445,48.920362825122595],[-122.12264398341347,48.758776371254044],[-122.12456416218129,48.629418982798768],[-122.10584918487916,48.359032909283314],[-122.10779798012481,48.248390498130163],[-122.11320503763568,48.13039223422038],[-122.09182724612987,47.834625097410083],[-122.09750553411334,47.738004625006056],[-122.04383585167091,47.689375547061161],[-121.9952067737259,47.650876122206455],[-121.90709746863172,47.64989531991182],[-121.59771700284085,47.625108522767221],[-121.4848209006019,47.624015711488255],[-121.36512081435984,47.618304538764164],[-121.1155797078377,47.596859944646269],[-120.97443502747791,47.590645355669324],[-120.80782318939407,47.571392786922274],[-120.65236424385853,47.549689535501557],[-120.46404915435392,47.529081375496048],[-120.21176977045917,47.485725241111481],[-120.20686353512525,47.484804371110783],[-119.95366328122992,47.442922963249771],[-119.77702255640071,47.404259476711331],[-119.58006316944079,47.364404513216925],[-119.44327740810593,47.335265807984911],[-119.35783263786078,47.313063522127322],[-119.01304309182427,47.227618751882176],[-118.9475397015388,47.212970585325081],[-118.93289153498199,47.209674666988292],[-118.90845345170919,47.203180668609377],[-118.54363734809499,47.106487065645069],[-118.42250566185794,47.074238281297085],[-118.20213244984285,47.007245539867085],[-118.14869308448482,46.991045456131246],[-117.912119788734,46.918952507304027],[-117.76157428160519,46.867778385886766],[-117.44338907889795,46.758888042046181],[-117.40173391560995,46.744679764010812],[-117.38175750254459,46.73720929182349],[-117.32877372671447,46.717232878758068],[-117.00660159746002,46.601979323784008],[-116.89134804248596,46.559946122943472],[-116.63813589372432,46.460059154395822],[-116.63151597101307,46.457400807285239],[-116.38096216936185,46.357552551133722],[-116.27533034020155,46.312478834794433],[-116.03197651706211,46.206847005634131],[-115.9180532797684,46.159370022103644],[-115.87057629623786,46.139123910286003],[-115.74698781117019,46.083258520566403],[-115.56525984941834,46.001777579329769],[-115.36019042311392,45.907834029372793],[-115.21761259975602,45.839038955868091],[-114.92803673212842,45.69646113251008],[-114.87504543408272,45.671220248417342],[-114.84980454998993,45.658912500554209],[-114.77320162967499,45.619858212195197],[-114.53605446011807,45.499825349258003],[-114.33941867686593,45.398060736546995],[-114.20165247469981,45.323841461552206],[-113.95126191490345,45.186075259386143],[-113.87162819829808,45.143479864829942],[-113.82903280374194,45.120170674594704],[-113.67695314405205,45.033995599696198],[-113.54502858977776,44.959693600226274],[-113.31864693061794,44.829369805954798],[-113.22225023525641,44.772086081623513],[-113.06342412946424,44.675689386262093],[-112.90312361486889,44.580826828887211],[-112.80826105749395,44.523450282087651],[-112.58745112092259,44.386113449709512],[-112.39891145879989,44.266339787568086],[-112.29787518436996,44.202459150671075],[-112.27533704815289,44.187841649355221],[-112.24130862702367,44.165303513138156],[-111.96570726636304,43.987085558020908],[-111.78748931124596,43.869383517273207],[-111.65949758597418,43.782909365285946],[-111.47397857664248,43.654917640014105],[-111.35635634103608,43.575664737099999],[-111.27710343812197,43.521153870196429],[-111.0558324681428,43.365802736869398],[-110.81631898301896,43.194133184911095],[-110.76671756499798,43.158703768778082],[-110.75851482221907,43.152734509668903],[-110.74748067718292,43.144531766890168],[-110.46277633825156,42.938087120512478],[-110.25633169187398,42.785289382301073],[-110.17010794192879,42.720369643711365],[-110.05800347082385,42.63414589376606],[-109.87958387606989,42.500507836446275],[-109.74594581874999,42.398386009602859],[-109.59137290428936,42.27833293510264],[-109.39654203286636,42.12376002064218],[-109.30561905683072,42.053700909437339],[-109.23555994562588,41.998665328337779],[-109.02128165511778,41.827652438026291],[-108.75841155664625,41.613374147518073],[-108.73982814609212,41.59872007392795],[-108.725174072502,41.586952671262509],[-108.58153046171111,41.469730536727184],[-108.45856653368293,41.369595813213152],[-108.21478819937789,41.166901779840316],[-108.18010944128554,41.137667032486547],[-108.13995781236048,41.102988274394193],[-107.9015555009837,40.905835099664387],[-107.7044023262539,40.739636119736303],[-107.62517303107404,40.671831696450113],[-107.53474892150047,40.592602401270085],[-107.34857060272617,40.43804825167399],[-107.19401645312996,40.307852135471705],[-107.07252412878518,40.203708852490877],[-106.93348141690592,40.082216528146205],[-106.79593621913398,39.96991088901791],[-106.68363058000597,39.877900265118399],[-106.51681972166409,39.738641513364087],[-106.31759271071189,39.571830655022097],[-106.23622178411921,39.508853577784862],[-106.17324470688197,39.461030370922742],[-105.94676212106111,39.287927367718908],[-105.72803065453786,39.126616602678041],[-105.66285883375798,39.078297233958551],[-105.65311363429015,39.071189981365876],[-105.63876129489472,39.06144478189799],[-105.34284176575335,38.871075976778684],[-105.15247296063399,38.754488203668075],[-105.02082557210827,38.682706297299831],[-104.773423194369,38.55105890877411],[-104.68742802431177,38.505717971972388],[-104.64208708750999,38.482032599993659],[-104.51299713154759,38.42196895281171],[-104.34036357053071,38.342396552629282],[-104.131701214386,38.243715400120664],[-103.98934351666759,38.183030733368525],[-103.67171747068301,38.040673035650002],[-103.63676361570265,38.025224761209358],[-103.62131534126189,38.018158139897821],[-103.58158169100176,38.00093938538987],[-103.27938804037609,37.872214463412035],[-103.11092946813801,37.797283908225836],[-102.92440851744681,37.716808113217269],[-102.67444110130134,37.604184668813446],[-102.6005435950139,37.571438919165757],[-102.57193758430617,37.558893173234026],[-102.50930520668669,37.530287162526122],[-102.21949226894611,37.400952615470032],[-102.09015772188991,37.34108705739385],[-101.87058905685177,37.239469954440324],[-101.73389004085175,37.174019481487846],[-101.57977184876592,37.101116565378561],[-101.52480454016523,37.074868598002809],[-101.41326271542277,37.019901289402185],[-101.18130649670098,36.907980768342952],[-101.06938597564192,36.852340229023866],[-100.84140272372292,36.73749866819702],[-100.72855293055557,36.679068244315658],[-100.55900010251793,36.592049396456673],[-100.50481264356733,36.563702875228785],[-100.40383633339485,36.509515416278134],[-100.1711514331792,36.386978212492863],[-100.04861422939393,36.320864335257227],[-99.841233517027717,36.206510255520357],[-99.622057145598262,36.082958332482463],[-99.538228356269997,36.035995220369841],[-99.514837536973801,36.02252036245028],[-99.47507545066361,35.999129543154197],[-99.191675040042014,35.835296986258015],[-99.027842483145946,35.738858351713418],[-98.872391104318808,35.644195048857227],[-98.621507669624577,35.488743670030146],[-98.55689270225372,35.449307577798322],[-98.517456610022009,35.424945435889526],[-98.336994707092856,35.308281767101107],[-98.246115025202357,35.249699381725691],[-98.007070736897958,35.093531055520316],[-97.939073565099704,35.046354968704463],[-97.843207089305679,34.978357796906039],[-97.638647965830955,34.836394694849105],[-97.496684863773964,34.736746028696473],[-97.344741955164636,34.61991483239143],[-97.154280173835275,34.467971923782102],[-97.059764699108484,34.394506215323588],[-96.986298990649857,34.335673150430864],[-96.788655720610109,34.15522932069797],[-96.590498234233962,33.957586050658051],[-96.533024375579203,33.900474792604825],[-96.475913117525863,33.834579842585072],[-96.302359329837145,33.620753965222946],[-96.18081298304395,33.447200177534114],[-96.102041237761114,33.310686184174983],[-95.965527244401926,33.032643321038165],[-95.932067625119487,32.970273923692559],[-95.915512409690564,32.936814304410063],[-95.888168185095651,32.859455245103732],[-95.794980893494255,32.596974782193911],[-95.734986734162533,32.426428431286126],[-95.681228663099148,32.200341139464911],[-95.662019749616036,32.122920936500122],[-95.612000589333263,31.916042558162076],[-95.587949650374981,31.783234279065084],[-95.535403927262905,31.485919241023112],[-95.520975708394701,31.405656685038139],[-95.511385338836305,31.349412717479822],[-95.455141371277932,30.912551255691483],[-95.452357313708035,30.898054869483985],[-95.451592742953267,30.895270811914031],[-95.449946322867106,30.890075763503205],[-95.363021245471714,30.477005064596426],[-95.323043120041689,30.384884938790151],[-95.097701266161437,30.231939170782653],[-94.944755498153938,30.165339507758574],[-94.746069472003683,30.186198912639782],[-94.63318760893651,30.186066954883643],[-94.434369625029944,30.20328116165723],[-94.265361631341477,30.21587694510157],[-94.086970877382782,30.221897813313262],[-93.923983751905951,30.23315665586091],[-93.775876894056353,30.236778080940553],[-93.561459937963832,30.237022879608105],[-93.413597878781957,30.240477452290634],[-93.265796463630807,30.237083523639058],[-93.059076714627281,30.229020229820833],[-92.903212005657963,30.225556785479739],[-92.7325470800738,30.214220013205932],[-92.575818874165293,30.201892197158827],[-92.392826132533969,30.190050894945728],[-92.17474663347889,30.166805439735242],[-92.108268888488851,30.159056309711161],[-91.882440259409975,30.135516480186084],[-91.654315246602152,30.102624078473866],[-91.591891511238487,30.094336190618606],[-91.372054386285981,30.063265141571719],[-91.212060901703012,30.034492550249013],[-90.98296639834183,29.995796950845886],[-90.861668513161987,29.974383651814549],[-90.77938849914824,29.956779079679904],[-90.374599761145134,29.874499065666043],[-90.355001555501644,29.870780150202506],[-90.351282640037994,29.870096307409597],[-90.345655570595113,29.868871996223277],[-89.937208169453811,29.778187663126289],[-89.840896766913886,29.757469525522197],[-89.685147770725905,29.718750069477949],[-89.526456453704611,29.678553505751324],[-89.330510893790006,29.63044655506593],[-89.12226653459868,29.572357551733489],[-88.993563581603894,29.537551753479988],[-88.820125020665898,29.489811370027667],[-88.724082767397363,29.460155445810699],[-88.403758599958792,29.364113192542163],[-88.33067809864832,29.343174241435804],[-88.309739147541904,29.337335260143561],[-88.270891715243806,29.325265760243951],[-87.941856870281242,29.221609596678888],[-87.799353274417967,29.177889366081786],[-87.557364107859087,29.095716485976993],[-87.517873857800282,29.082633775924421],[-87.288967401293974,29.005858772920988],[-87.177862126383388,28.964832594328698],[-86.870619994019592,28.853727319418056],[-86.802320493231946,28.82998835435609],[-86.77858152816998,28.821934025081987],[-86.727724172427088,28.802869963675334],[-86.431197286630777,28.690725687833208],[-86.268195655045986,28.630273190366097],[-86.064561301356719,28.546975799983329],[-85.891606866260759,28.477138530632885],[-85.757809781921992,28.422815719289474],[-85.702886537790619,28.398264690425322],[-85.579520060281538,28.343341446294176],[-85.346530912197011,28.244234442894992],[-85.247423908797828,28.202597751268911],[-84.995689087539233,28.084690394428776],[-84.982697839500986,28.07861537699705],[-84.737038035674004,27.9636717509091],[-84.651072827416328,27.918920781427744],[-84.487874333700006,27.832955573170068],[-84.313361768130903,27.746245967589061],[-84.226652162549897,27.703187051848033],[-83.982844243195075,27.566377619401067],[-83.929845640489134,27.536149051109419],[-83.716266289425903,27.414876489697519],[-83.659871303133343,27.378964686338747],[-83.574485155993329,27.322569700046188],[-83.345305532827865,27.183144583520118],[-83.205880416301909,27.096506503831165],[-83.039253904220857,26.978810339003132],[-82.814224703596608,26.81218382692208],[-82.742985848343267,26.764692521756842],[-82.695494543177915,26.73220963759087],[-82.454690417236009,26.542602079739993],[-82.280700231240758,26.397389514984809],[-82.185108670053921,26.318037523113219],[-82.176688054030365,26.310218569821643],[-82.168487378427301,26.301797953798143],[-81.903497959861795,26.073022790866219],[-81.674722796929927,25.863408567432259],[-81.639146301752362,25.826988575851658],[-81.6077322896748,25.791412080674093],[-81.373247949462382,25.582501055017644],[-81.164336923805934,25.395595935942424],[-81.105619044278967,25.339744087077122],[-81.039673873668903,25.281026207550156],[-80.822487763736603,25.112489494495492],[-80.65395105068194,24.987818063107227],[-80.517821273982861,24.906770111125184],[-80.295591928759109,24.770640334426105],[-80.202945629595717,24.711259882388333],[-80.143565177557946,24.670705422711819],[-79.92703507803094,24.554110234899156],[-79.875960915165024,24.527858723695033],[-79.633179304433952,24.382480988478562],[-79.550545310889788,24.342888454846332],[-79.407034827421398,24.260254461302168],[-79.230470549859547,24.152577342752636],[-79.122793431310015,24.077732385494471],[-78.917806358238636,23.954855661249439],[-78.617818210601627,23.749868588178117],[-78.614704500347386,23.747571646016638],[-78.612407558185964,23.745708917670299],[-78.597420594261393,23.73488162425366],[-78.316651368836006,23.535238904404082],[-78.10202168506197,23.366907880972292],[-78.02761515827126,23.313889241844777],[-77.932222779611891,23.23948271505418],[-77.746642917980978,23.084475609011122],[-77.591635811937977,22.945820171119863],[-77.472833881270617,22.847898772597546],[-77.337835413070593,22.729096841930073],[-77.206098712260598,22.604248068483457],[-77.081249938813869,22.48014994063243],[-76.945529924520997,22.354430983099064],[-76.805772737596044,22.218710968806192],[-76.691015317731058,22.09855971676501],[-76.570864065689932,21.968595059738846],[-76.441854296877068,21.837334864494949],[-76.319235408030693,21.708325095682085],[-76.19788970498297,21.57091358326511],[-76.060478192565938,21.411953088432597],[-75.958400281767013,21.30001713335713],[-75.867425816807611,21.197939222558205],[-75.723406384215991,21.024625157784158],[-75.550092319441944,20.813390942726699],[-75.491911719256279,20.745733949619705],[-75.442609668887314,20.687553349434097],[-75.264305552048995,20.462954243703166],[-75.03970644631795,20.178360392192531],[-75.039168079768046,20.17770584285995],[-75.038728838565874,20.177167476310046],[-75.03547984859506,20.172940878587212],[-74.817325084730896,19.889162964773163],[-74.64645525744271,19.666781603186109],[-74.596718771603435,19.599383404776631],[-74.529320573193957,19.508948850164813],[-74.374855954123063,19.310860349132895],[-74.256561105757896,19.156395730062002],[-74.157318178126843,19.018012252005121],[-74.018934700069963,18.826948284699313],[-73.941616211193775,18.723328345814366],[-73.883530484065773,18.646009856938122],[-73.726807982780713,18.427750701103434],[-73.530195982025532,18.157271138893691],[-73.514491223916366,18.135623983814014],[-73.512054336716233,18.132118474043921],[-73.508548826945969,18.127162625673634],[-73.297851981057306,17.835934956578683],[-73.143320273763436,17.625238110690134],[-73.083080277565614,17.540320786946381],[-72.998162953821975,17.422740315233511],[-72.867701470081727,17.245313721306388],[-72.770422300238238,17.114852237566197],[-72.651362846105314,16.951266472158807],[-72.487777080697981,16.730349690826131],[-72.43380881666792,16.658434628472094],[-72.392772045796789,16.604466364442146],[-72.214949208324981,16.366908363690982],[-72.103123479854901,16.219812763599123],[-72.007741416641068,16.094080491318209],[-71.994722790942546,16.076748907949536],[-71.977391207573987,16.054075303679724],[-71.773014585634996,15.788071240133206],[-71.613993363260022,15.583694618194102],[-71.549744902827968,15.500955049816127],[-71.467005334449993,15.395822952104197],[-71.324885331505186,15.215428748014972],[-71.211961731769293,15.073308745070051],[-71.098612167193778,14.931316039202329],[-70.956619461326,14.754908217936247],[-70.87110240364251,14.648439929629546],[-70.802178933708717,14.562922871946114],[-70.642441365083926,14.366715095063967],[-70.446233588201892,14.126241791058987],[-70.413189021416088,14.085581565607868],[-70.386400453125077,14.052536998822063],[-70.183081941369039,13.805302772530808],[-70.111291256798722,13.71759466741895],[-69.967620326644806,13.542151125698126],[-69.953152788154171,13.52484605262174],[-69.935847715078012,13.503999561491128],[-69.722635745652497,13.244977221999477],[-69.549273060143264,13.031765252574075],[-69.492993586987438,12.964233507540484],[-69.425461841953904,12.881946043338985],[-69.263615792083613,12.68322542932043],[-69.134831376424017,12.521379379450138],[-69.035780814784459,12.400674533495476],[-68.91507596882991,12.250209766842602],[-68.808673920804893,12.117395554351219],[-68.726019728377992,12.010993506326031],[-68.582584425550692,11.833099176481312],[-68.404690095705973,11.604627984844456],[-68.359268878552939,11.546028850355128],[-68.32632252346491,11.500607633202151],[-68.136623388075066,11.258288467709122],[-68.056440602119096,11.15235813961516],[-67.933148758795198,10.990221760078043],[-67.915526134034394,10.968999848625742],[-67.89430422258198,10.943068557636934],[-67.686290814934978,10.687849294601165],[-67.523210379398051,10.479835886954163],[-67.45677107538512,10.406983161027028],[-67.383918349457986,10.330504297550021],[-67.200052498725825,10.15331586456233],[-67.00036151061704,9.9694500138300555],[-66.933678895765183,9.9093035943989776],[-66.873532476333992,9.8553156225355565],[-66.653788646236762,9.678807970803291],[-66.393644467075603,9.4590641407061753],[-66.377134286336002,9.4450764575800576],[-66.363146603209998,9.4328599554675634],[-66.211350908758732,9.3072684462549091],[-66.097981674102016,9.2138431966900498],[-65.852760730085834,9.0030641441629768],[-65.823078041307383,8.9783609563606319],[-65.788791960071194,8.9486782675820677],[-65.545748125216846,8.7453049993272316],[-65.34237485696201,8.5807254662196897],[-65.262355833836523,8.5183114175836181],[-65.169049938503917,8.4382923944581876],[-64.990292895452171,8.2799884828438053],[-64.831988983837903,8.1358180877123232],[-64.72224969688682,8.0376458082851627],[-64.602693827515566,7.92790652133408],[-64.456627292591975,7.7928823394560141],[-64.321603110713909,7.6651656778975052],[-64.193397156756362,7.5457266021676332],[-64.058656690150656,7.417520648210143],[-63.932503328564792,7.2962345572352092],[-63.811217237589915,7.177414063212666],[-63.673775674056571,7.0445763386194926],[-63.534018283752005,6.9071347750860923],[-63.417196095687018,6.7907700438651659],[-63.300831364465921,6.6730734849653572],[-63.160058847948676,6.5375214184794572],[-63.004948965335984,6.3967489019621553],[-62.893872341615008,6.2933220516890174],[-62.790445491341927,6.1894065855203166],[-62.642215029241413,6.0345934909386187],[-62.501067059921354,5.8863630288381046],[-62.394128403605748,5.7722942434502897],[-62.280059618217933,5.6501187526837953],[-62.146400030636983,5.5096367432951183],[-62.020379409249358,5.3759771557141676],[-61.899750580190926,5.2459003206170678],[-61.769673745093939,5.1045948456857104],[-61.654521312154259,4.9807437155298544],[-61.548192368291723,4.8655912825901169],[-61.410716002661616,4.7141631518985037],[-61.259287871969946,4.5464737292480777],[-61.168087465019312,4.4464058164167],[-61.085381080888055,4.3552054094661798],[-60.92679068886855,4.1773167194434109],[-60.748901998845952,3.977076207499465],[-60.686402703914439,3.9073188312735283],[-60.630592567076008,3.8448195363420723],[-60.4472984249212,3.6360372371428866],[-60.238516125721958,3.3977614836259136],[-60.208818281907611,3.364131507032539],[-60.18264094876389,3.3344336632181921],[-59.971604287519597,3.0909596282964458],[-59.819782036772892,2.915699574268956],[-59.740383679718207,2.8240477900940846],[-59.73438443853712,2.8177936041548151],[-59.728130252597964,2.8113437235572292],[-59.482227330698606,2.5595648388693348],[-59.239439703367623,2.3136619169702044],[-59.22950809815427,2.3018981982897913],[-59.21774437947397,2.2879814281034214],[-58.994920597899522,2.0260998254205447],[-58.805122059298526,1.8032760438460969],[-58.760552080302432,1.7500824698937549],[-58.707358506349976,1.6867366458458264],[-58.521873951901625,1.4783747251703971]]},"properties":{"OBJECTID":8,"Id":8,"Contour":720,"Shape_Length":104.23543457591107}},{"type":"Feature","id":9,"geometry":{"type":"LineString","coordinates":[[62.70101162382025,-28.819876343593933],[62.745831173033196,-28.801228219465031],[62.764479297161984,-28.793448596118253],[62.789566974857962,-28.794788665898011]]},"properties":{"OBJECTID":9,"Id":9,"Contour":660,"Shape_Length":0.093873513488806473}},{"type":"Feature","id":10,"geometry":{"type":"LineString","coordinates":[[60.280727796211636,-29.84064808984192],[60.591994337647805,-29.709706622823717],[60.722935804666008,-29.654262245862753],[60.900291237041131,-29.663292657466855]]},"properties":{"OBJECTID":10,"Id":10,"Contour":660,"Shape_Length":0.65746836632274519}},{"type":"Feature","id":11,"geometry":{"type":"LineString","coordinates":[[61.488278304704636,-29.330262216717927],[61.668376881937149,-29.25493154774091],[61.743707550913996,-29.22329457885138],[61.845325493346024,-29.228644274286012]]},"properties":{"OBJECTID":11,"Id":11,"Contour":660,"Shape_Length":0.37868141149951062}},{"type":"Feature","id":12,"geometry":{"type":"LineString","coordinates":[[63.897982853190399,-28.196758660689568],[64.025280473712428,-28.039134027648345],[64.013151648369217,-27.799104597345945],[64.104974520808298,-27.608442201620164],[64.267976976359876,-27.316378664396041],[64.282748633462347,-27.288718724221837],[64.289104350647449,-27.282186158335378],[64.295636916534079,-27.279332317359831],[64.318659083271882,-27.265696557484034],[64.676525515055232,-27.159221449618997],[64.770202342943378,-26.814153297812481],[64.790748010183279,-26.778332851097844],[64.794932813478624,-26.767242874918509],[64.806022789657959,-26.740015325964009],[64.843245559282593,-26.741110081473209],[65.294711143856148,-26.756635332172095],[65.316408662782067,-26.757279677329052],[65.336552832447182,-26.758188681432785]]},"properties":{"OBJECTID":12,"Id":12,"Contour":660,"Shape_Length":2.4077120641290004}},{"type":"Feature","id":13,"geometry":{"type":"LineString","coordinates":[[-43.34732180436157,-2.7417363060015987],[-43.308798116630271,-2.7901968142699616],[-43.126367967024976,-3.0311683417890549],[-43.034900239879562,-3.1510788870203896],[-42.920974988663943,-3.3005826873937849],[-42.906695377652966,-3.321881625540982],[-42.885396439505939,-3.3472902744467774],[-42.662146912040157,-3.5877190330520534],[-42.454175529828262,-3.8109685605179493],[-42.416090758666883,-3.8520487528028298],[-42.375010566381945,-3.8962130243098159],[-42.16417265786913,-4.1105165251290146],[-41.944533781028099,-4.3213544336419432],[-41.903520979863117,-4.360250720247052],[-41.864624693257952,-4.399342191319306],[-41.671892625708665,-4.6390082392165937],[-41.515544823080972,-4.831740306765937],[-41.447638728501204,-4.9251402151331831],[-41.354238820133958,-5.0306338428444519],[-41.205538500202408,-5.1934258599583814],[-41.085466522939782,-5.3421261798899309],[-40.973780257989517,-5.4720534908694844],[-40.843852947009964,-5.6227942056510187],[-40.720106431924592,-5.7287655379284956],[-40.577290932542837,-5.8525120530139247],[-40.44696247455505,-5.9660074536829484],[-40.33346707388597,-6.0659416721679804],[-40.188438146564408,-6.2178689988163001],[-40.04952074913632,-6.3628979261379186],[-39.939019681693594,-6.4788364070694797],[-39.823081200761976,-6.6000726779545857],[-39.689583717511766,-6.7397863160117595],[-39.561615734064446,-6.8732837992618556],[-39.440119780150837,-7.0007082517747108],[-39.312695327637982,-7.1339336917001219],[-39.190643908505706,-7.2616182532536868],[-39.073623323155914,-7.3836696723858495],[-38.934824136284647,-7.5161843541565645],[-38.802309454513988,-7.6210603745119556],[-38.649559669466214,-7.7413057604621827],[-38.488303612741731,-7.8940555455098433],[-38.392434346573111,-7.9945663106930738],[-38.291923581389881,-8.0996494255000471],[-38.142919494572709,-8.2554373318166085],[-38.00001554001642,-8.4044414186339509],[-37.893419754141917,-8.5163234645098669],[-37.781537708265887,-8.6334562329620326],[-37.644053882377136,-8.7773434658690803],[-37.512357747014619,-8.9148272917579447],[-37.394776980483755,-9.0384524370996928],[-37.27115183514195,-9.1681300033055777],[-37.145634898404751,-9.2996962281447395],[-37.025609530467705,-9.4252131648819386],[-36.89665548906828,-9.5611026919322057],[-36.760765962017956,-9.7039934545115898],[-36.647804669387142,-9.8226377453750615],[-36.540022778145669,-9.9355990380059325],[-36.399195615731685,-10.084414564843598],[-36.250380088893962,-10.241363028956869],[-36.150707169162672,-10.346311991398693],[-36.055858806503522,-10.445984911129926],[-35.902540298160318,-10.608530993520162],[-35.739994215769968,-10.780541072837593],[-35.586522828974978,-10.802899397458987],[-35.412942755346251,-10.95637078425392],[-35.283926086140866,-11.010688527748925],[-35.229608342645975,-11.019419269213984],[-35.182772797237817,-11.003206329662021],[-35.10707693015695,-10.95637078425392],[-34.880177782756448,-10.795415471019282],[-34.719222469521981,-10.804314286695558],[-34.617369555894356,-10.854517870626296],[-34.397091082439999,-10.95637078425392],[-34.299633726269747,-11.04716791412568],[-34.208836596397987,-11.131302366546436],[-34.0343923948883,-11.292312455868228],[-33.844353365811799,-11.466756657377914],[-33.76858551149104,-11.536891445595074],[-33.698450723273993,-11.601460115051282],[-33.502432844033024,-11.781124651261052],[-33.287388497906193,-11.977142530501908],[-33.235645709983885,-12.024723390335737],[-33.188064850149999,-12.068238297587641],[-32.968550443433685,-12.268013996909588],[-32.726001224957599,-12.487528403625902],[-32.700746714247543,-12.51059614084744],[-32.677678977025892,-12.531550068965259],[-32.432671341141827,-12.752906640865831],[-32.232187109239533,-12.933020271412374],[-32.167293103902011,-12.991338124977347],[-32.16382002730802,-12.994441200155961],[-32.159910660134869,-12.997914276749896],[-31.894749582211205,-13.23575662818314],[-31.656907230777904,-13.447884498355336],[-31.624878382420775,-13.476271301516761],[-31.588530444390642,-13.508300149873889],[-31.354665578031472,-13.716444370251452],[-31.14652135765391,-13.900627005644424],[-31.08368781872764,-13.955852484071443],[-31.011775623064921,-14.018686022997883],[-30.812267969418656,-14.194818507886566],[-30.636135484529916,-14.349396257685783],[-30.540118991767713,-14.433055403359617],[-30.429256542785708,-14.52907189612182],[-30.26742095565686,-14.670743240372929],[-30.125749611405922,-14.794013465589671],[-29.994034734291233,-14.907742892131125],[-29.840554597590312,-15.039457769245814],[-29.719982934765937,-15.144076965729937],[-29.615363738281985,-15.234293083611078],[-29.458426846817531,-15.392906750905468],[-29.344080000500242,-15.549843642369922],[-29.243556332189542,-15.688422109401415],[-29.104977865157991,-15.827679294529105],[-28.978811217060979,-15.93406286739696],[-28.828240911697947,-16.060229515493916],[-28.701779745301224,-16.167417268761199],[-28.594591992033997,-16.257695025328587],[-28.424015788251211,-16.40003918483518],[-28.2182843320345,-16.57061538861791],[-28.145372178495677,-16.631781448203526],[-28.084206118909947,-16.682761582644957],[-27.866052494349447,-16.862847637181346],[-27.600030509060446,-17.081001261741903],[-27.585707207909593,-17.092888223865486],[-27.57382024578601,-17.102687554536033],[-27.455874958109405,-17.198946549418395],[-27.304778455420148,-17.322345344500093],[-27.063434372661845,-17.518126432451197],[-26.993005418864925,-17.520958181068863],[-26.611475059311317,-17.532960575092602],[-26.553048499537852,-17.53527055594077],[-26.521154511982957,-17.559493147310889],[-26.478865181913704,-17.591387134865954],[-26.214230888577163,-17.762955397029089],[-26.042662626413914,-17.92328319955169],[-25.940634545403043,-17.999744926978906],[-25.803520251857776,-18.101773007989891],[-25.633945451766351,-18.203441706466378],[-25.532276753289921,-18.23657240097566],[-25.335303823960544,-18.298745937319381],[-25.236395595046929,-18.31627772287078],[-25.021890880165927,-18.418310339527579],[-24.909441386603703,-18.499709387551661],[-24.752948399963884,-18.612158881113885],[-24.613184556281226,-18.713838430353178],[-24.511505007041933,-18.787256160693687],[-24.315833834688419,-18.926873581884365],[-24.039547047631459,-19.122544754237879],[-24.018123171798891,-19.139548792118887]]},"properties":{"OBJECTID":13,"Id":13,"Contour":660,"Shape_Length":25.989666019404684}},{"type":"Feature","id":14,"geometry":{"type":"LineString","coordinates":[[5.6012615072741028,-30.467075669334804],[5.726264140596129,-30.476036596287884],[5.96869379894639,-30.493987544417621],[6.1116473803981535,-30.504183326664986],[6.2751717771452036,-30.514558359713135],[6.4471692381744674,-30.525897978313594],[6.6220332535220905,-30.536933806685113],[6.8188304767721775,-30.547831186216115],[6.9292192276827222,-30.55423386192922],[7.1324191266459707,-30.565423359247859],[7.3575123835109935,-30.576127219830823],[7.4148267609546679,-30.579012201781325],[7.6428049997700782,-30.589790080487887],[7.6714156240714146,-30.832809211788458],[7.674499191342818,-30.861419836089908],[7.7246050262588142,-30.943219862578644],[7.788966579786802,-31.225644129197178],[8.0083319255479637,-31.226946761867623],[8.1531908728939584,-31.292393322850671],[8.2095615679579623,-31.315435014150012],[8.2449978431699265,-31.371805709213902],[8.4009314569455569,-31.619546293265216],[8.4038183241532352,-31.631564131078846],[8.4126069087759561,-31.631221745095729],[8.6635767460180659,-31.73843875549926],[8.7675086884094071,-31.778259639946555],[8.8347382786822095,-31.882191582337896],[8.8558115846897749,-32.074426421009605],[8.8691717594534225,-32.186982442026533],[8.8912548394408191,-32.39257745546189],[8.9987984596448314,-32.567741614959232],[9.1739626191420029,-32.646523392120059],[9.3565812600165259,-32.720344687711361],[9.4715336174309073,-32.902963328585884],[9.4918602285691804,-33.095451592282757],[9.5047512221230477,-33.233751931566985],[9.5232962223388995,-33.413349201709877],[9.5844047082741213,-33.513292985701753],[9.6843484922660537,-33.558228746598957],[9.9272647413176855,-33.656265450761452],[9.9546941646368623,-33.653389402463176],[9.9621438295289408,-33.691144538972878],[10.107502903714305,-33.923735074833814],[10.115440323362236,-34.003029116861796],[10.148687093267881,-34.388073675835813],[10.153182625930469,-34.434120947957808],[10.168885764966319,-34.45996954838165],[10.194734365389991,-34.471610306512105],[10.257687467534879,-34.497074050102697],[10.689779830318798,-34.449461356153108],[10.705120238514041,-34.534682202107376],[10.827779213656981,-34.434120947957808],[11.046684815757033,-34.265299652076976],[11.215506111637978,-34.135682412683764],[11.334876906006286,-34.043105869202122],[11.489461669943125,-33.923735074833814],[11.626435744170294,-33.824278834242136],[11.725891984762029,-33.752728529065507],[11.922445295381806,-33.609902512329768],[12.19558995194069,-33.413349201709877],[12.219852173070478,-33.396923516894219],[12.236277857886137,-33.385970412011034],[12.319938896877204,-33.329688162718753],[12.524763811601588,-33.191449282301505],[12.746663731010074,-33.044135561283838],[12.831218910935036,-32.987518508510789],[12.959856583746955,-32.902963328585884],[13.143633540573489,-32.789547265025249],[13.257049604134124,-32.721264158321048],[13.461862247442411,-32.59739009877029],[13.706359196584515,-32.453653736135493],[13.767435477258061,-32.417485070383123],[13.783062854850186,-32.408204833053958],[13.810256690792357,-32.39257745546189],[14.113820309606126,-32.228576414685904],[14.277821350382112,-32.143367078240203],[14.436173549574107,-32.040543781530062],[14.688603753482084,-31.882191582337896],[14.751048803429853,-31.845033162261643],[14.788207223506049,-31.823720261074641],[14.888919890573391,-31.781478915270668],[15.105032495609237,-31.688630981317147],[15.2985930966301,-31.610251174088717],[15.470461739388497,-31.543674351972243],[15.731023368521448,-31.449761310446547],[15.808978969754037,-31.420714246554894],[15.845269431502231,-31.408096170962153],[15.95897564984773,-31.371805709213902],[16.234465205552567,-31.286906071888438],[16.319364842878144,-31.26277616623986],[16.464321784731567,-31.226848767360366],[16.63904124734654,-31.181096240558418],[16.829750716002025,-31.135558272312153],[17.059649060249058,-31.091318180336827],[17.120734963705672,-31.080821461510254],[17.340136589126132,-31.040035129088778],[17.498351555910801,-31.019634802874691],[17.717056301864943,-30.994885996475091],[17.850522462250012,-30.97815124620189],[17.960736460570331,-30.971633834410056],[18.265937582805293,-30.956390588658792],[18.36090833537412,-30.95087118620205],[18.452161791760602,-30.952673292476391],[18.772886210418392,-30.959827834169516],[18.871294208498,-30.961761110336397],[18.980573131667541,-30.970698759259392],[19.251380610577144,-30.991719307134815],[19.381680081622108,-31.002473310847336],[19.54704857431409,-31.02678832878189],[19.704786738515566,-31.04869905232033],[19.892065954746045,-31.076765683780138],[20.137128847303813,-31.12674281665619],[20.163063573588943,-31.132417454932806],[20.402451827870095,-31.182458260855526],[20.55373560167078,-31.220521935413217],[20.837725469580846,-31.296693477800773],[20.912837700994032,-31.316100549664952],[20.956012336787126,-31.328631073420979],[21.096699757700719,-31.371805709213902],[21.344497975500417,-31.450531307831511],[21.423223574118083,-31.477139025056658],[21.587206273839229,-31.535788408934934],[21.722410368757437,-31.583004787698542],[21.93360944724202,-31.660551118277567],[22.094342632895689,-31.721458396684227],[22.406151421828724,-31.844347683800606],[22.443995320366071,-31.859007343966653],[22.460637689132568,-31.865549213571455],[22.501654667748426,-31.882191582337896],[22.818947023234841,-32.017625752593233],[22.954381193490008,-32.077109360075724],[23.174008293419718,-32.17295035553235],[23.302412750784697,-32.230223139632585],[23.464767066614115,-32.302030169172383],[23.527809731276932,-32.329534790799073],[23.669853503056515,-32.39257745546189],[23.877638121499615,-32.490092273700498],[23.975152939737995,-32.536417209681872],[24.225590837396908,-32.652525430927085],[24.243461234883114,-32.660885750606951],[24.485538812862103,-32.773765447140249],[24.574446860620696,-32.81405528082729],[24.769278755886944,-32.902963328585884],[24.922115150323066,-32.976772864248915],[24.995924685985983,-33.01249131183198],[25.201654641956395,-33.108693284556182],[25.269070859248814,-33.140203028447218],[25.506310559110091,-33.251231794609396],[25.618151324684618,-33.301508436135407],[25.866457457162255,-33.413349201709877],[25.968233833559111,-33.461811800384851],[26.016696432233971,-33.484838315966783],[26.148307298907866,-33.544960068383602],[26.317916813459078,-33.622514693608991],[26.527082305358078,-33.717910034889371],[26.67037415468775,-33.780443225504314],[26.999273101102517,-33.923735074833814],[27.025438054088625,-33.935765199227376],[27.037468178481959,-33.941266250284684],[27.068602474794943,-33.954869371146799],[27.380316827793536,-34.091272298646345],[27.547854051606066,-34.16429776080156],[27.738517324705867,-34.243457674858064],[27.958842914845832,-34.334723938073637],[28.058239924730003,-34.375936502787908],[28.099987475330806,-34.392373397357119],[28.206065454323948,-34.434120947957808],[28.462540504991068,-34.540206240820964],[28.568625797854054,-34.583922143218388],[28.814717328816869,-34.680212478920794],[28.827798161616784,-34.685334457319186],[29.079011670978161,-34.783536885876401],[29.196494352141315,-34.827024139918649],[29.513732246940322,-34.944506821081916],[29.568226249423958,-34.965678115760056],[29.589397544102042,-34.973881187172424],[29.635807053307474,-34.990916330287405],[29.941239343640632,-35.103050894667319],[30.099783417226149,-35.16123299115128],[30.317818953193296,-35.236857158238649],[30.431704457238141,-35.276427861093794],[30.610169290350029,-35.338383942080327],[30.697948912122797,-35.367113072433256],[30.965087533659471,-35.45489269420591],[31.080795994600464,-35.494651863079469],[31.120555163474137,-35.50833019485799],[31.189992015599842,-35.524329546331728],[31.489535487020305,-35.596298243783735],[31.630941036598074,-35.628057197792486],[31.87795334776564,-35.701905005373419],[31.890553396319547,-35.705666207608488],[32.141326909722125,-35.780736315272804],[32.285374699339457,-35.821230777712401],[32.595192542361929,-35.908758326845771],[32.651712782846062,-35.924681830431439],[32.683834923314635,-35.933156426861274],[32.804744674016547,-35.965278567329904],[33.084769789872269,-36.042607433427634],[33.162098655970112,-36.064056601964239],[33.295568622035603,-36.098748533395451],[33.488942489846977,-36.148820606576862],[33.672484529094049,-36.196654450115261],[33.896852721237508,-36.251296248310496],[33.978578338653222,-36.271372376889076],[34.182870402217929,-36.321294557782323],[34.308616269563117,-36.349918573108766],[34.644913885565643,-36.42732205067756],[34.693256275342037,-36.438371861655241],[34.718568910287843,-36.450351805508092]]},"properties":{"OBJECTID":14,"Id":14,"Contour":660,"Shape_Length":33.821548749021929}},{"type":"Feature","id":15,"geometry":{"type":"LineString","coordinates":[[88.855626941963351,-8.4659095341112334],[88.903647748376784,-8.4044414186339509],[89.050704754674882,-8.150601473698714],[89.054344824733278,-8.144255420386628],[89.198244367076711,-7.8940555455098433],[89.241238428882923,-7.8307492747828178],[89.304544699610005,-7.7364643681494272],[89.446090881167606,-7.5252158539433367],[89.539888826422214,-7.3836696723858495],[89.649721563625292,-7.2184606632770851],[89.814930572734113,-6.9671947999166832],[89.852665541824877,-6.9110187683526192],[89.876321467489106,-6.8732837992618556],[89.99089139435489,-6.697322977641079],[90.053465517266773,-6.6014328706705783],[90.207492174940739,-6.3628979261379186],[90.253768068567467,-6.291349548847279],[90.32531644585805,-6.1795565039958547],[90.456246999382472,-5.9834426065383468],[90.542685288633152,-5.8525120530139247],[90.659261865352391,-5.6760715993842723],[90.835702318982101,-5.4060272993222611],[90.860303566946243,-5.3667274278539594],[90.875558713975352,-5.3421261798899309],[90.94062051621944,-5.2372079826525351],[91.055815211423635,-5.051853199207585],[91.19133559038869,-4.831740306765937],[91.250271150283425,-4.7359232649431533],[91.346088192106038,-4.5786972605953906],[91.443567631927635,-4.4188338734633703],[91.502494166578515,-4.3213544336419432],[91.635711551313022,-4.1005919197249341],[91.738283952881147,-3.9291586728668904],[91.8091508692753,-3.8109685605179493],[91.826857739072011,-3.7813522343597015],[91.856474065230088,-3.7313986797101393],[92.013274092278948,-3.4573827144427014],[92.09373400986118,-3.3005826873937849],[92.186231737958735,-3.1199544869986084],[92.366859938354025,-2.7999055050274251],[92.370217983167436,-2.7935548590832013],[92.371979976405669,-2.7901968142699616],[92.377572203505224,-2.779484549118763],[92.545546785778981,-2.4584977885708668],[92.63833506738797,-2.279810941145854],[92.715522260991406,-2.1180873906592979],[92.877245811478076,-1.8382521401380814],[92.903419078869547,-1.7955983354133309],[92.918721044910853,-1.7694250680218602],[92.972344083890505,-1.6743267956093177],[93.087886077010637,-1.4696794604304273],[93.206267688835453,-1.2590391948978663],[93.271108214984622,-1.1425157252804752],[93.387631684602013,-0.93217704505730126],[93.44985339026573,-0.81087502743770301],[93.481869325518744,-0.74865332177387245],[93.579397686118682,-0.55688732025720356],[93.62213264487923,-0.47276840892698146],[93.741662266000503,-0.23826744864987859],[93.793522323142099,-0.13377221406597073],[93.898017557726121,0.029356192274633486],[93.996819595302213,0.17331638689790907],[94.056534426826943,0.27211842447400159],[94.181038466335622,0.49948338898855127],[94.247996073621721,0.6220969403698291],[94.335663295639904,0.78250429759810913],[94.3610454101958,0.82986231825231016],[94.408403430850001,0.91850512721396171],[94.537095704404862,1.1641978971672984],[94.604547907506117,1.2928901707222167],[94.710956211216285,1.5007232634798129],[94.810316457629767,1.6948031975018125],[94.865850892276399,1.8032760438460969],[94.883458162238981,1.8386071855812247],[94.918789303974108,1.90959205150358],[95.054262121270199,2.1781890996738866],[95.12268122612403,2.3136619169702044],[95.223314355113075,2.5195227389551178],[95.317574734430423,2.7124473474263482],[95.372110951114394,2.8240477900940846],[95.40066948287938,2.8525534843126934],[95.429175177098159,2.8822234248706309],[95.665121853069195,3.0599944660652909],[95.68842136226624,3.0751874780499975],[95.698486817793764,3.0933594307898602],[95.862006410335766,3.3344336632181921],[95.883824277041242,3.3901704363989893],[95.939561050222096,3.5279123518063216],[96.031963748815713,3.7524168377484557],[96.068928169669903,3.8448195363420723],[96.145526203224279,4.0507846893443116],[96.172214333540808,4.1225521261474682],[96.258745452771677,4.3552054094661798],[96.308633957288691,4.4965183755235216],[96.432039270448001,4.8476836296919146],[96.438346198169938,4.8655912825901169],[96.44124709058724,4.874291115349024],[96.449946923345976,4.90067748323861],[96.570054791395478,5.255869287664666],[96.610419387023398,5.3759771557141676],[96.684458056058361,5.6104882884263816],[96.694437668777823,5.6418722834064283],[96.771116798126286,5.8863630288381046],[96.816228028042303,6.0304677972658283],[96.913764072024037,6.3501801775161084],[96.928166249566118,6.3967489019621553],[96.934990237404747,6.4220914610274917],[96.960332796470084,6.5190083024725141],[97.043687616222371,6.823779955333805],[97.066751327947031,6.9071347750860923],[97.102646447583822,7.0494484261998309],[97.149151421383692,7.2287020232965347],[97.195866486458101,7.417520648210143],[97.251899402812569,7.6363399149914244],[97.273408200506196,7.7305960522461419],[97.32173958651191,7.92790652133408],[97.350675984933332,8.0479492059947688],[97.433706121581906,8.4012798464459024],[97.442541348852444,8.4382923944581876],[97.448105757987491,8.4609053060646602],[97.470718669593964,8.5537297371646446],[97.550814859120521,8.868582078055681],[97.571684656916261,8.9486782675820677],[97.605353356413957,9.0833129544020608],[97.654276306155793,9.2755065041443459],[97.699634691313179,9.4590641407061753],[97.751931536445625,9.6882371469784516],[97.766336038673614,9.7546815097857689],[97.814443763466556,9.9694500138300555],[97.843403094066218,10.107151462481909],[97.89994655184779,10.398677896083882],[97.9165595411298,10.479835886954163],[97.927215214555702,10.533725215116476],[97.981104542718072,10.837148790105346],[98.005254092066593,10.966072210729521],[98.009204943472298,10.990221760078043],[98.014518217323371,11.023635434683399],[98.081826611899714,11.399885564020337],[98.097103278237682,11.500607633202151],[98.119533106814742,11.639036197298822],[98.155728328134614,11.836369720909488],[98.182614405578477,12.010993506326031],[98.227579659860623,12.257468623468753],[98.230520638134294,12.271963284033745],[98.273799817115219,12.521379379450138],[98.313296252615487,12.699573542676831],[98.3508108673214,12.891085704053467],[98.380704312726152,13.031765252574075],[98.404802288801193,13.118453379615005],[98.491490415842009,13.45085917258956],[98.510436610505963,13.523204931034172],[98.514954567258485,13.542151125698126],[98.526961143456106,13.57762185331211],[98.638637442306333,13.905389972357682],[98.68811169174495,14.052536998822063],[98.782889422689834,14.271523865098288],[98.841481459719262,14.402528042699316],[98.912315184945044,14.562922871946114],[98.942891035414675,14.621908125497498],[99.001876288966059,14.730368672493285],[99.125164815677692,14.950020218358588],[99.199494248676842,15.073308745070051],[99.323070197240668,15.262500709919493],[99.512262162089996,15.536769292485417],[99.53234869256994,15.563608087714158],[99.548227037919276,15.583694618194102],[99.69116145015181,15.762593906255915],[99.758807109017482,15.847535544390723],[99.960925298382449,16.094080491318209],[99.988699308752075,16.128029217780238],[100.02264803521405,16.168996324193017],[100.23032668456744,16.396787715088692],[100.41797677143342,16.604466364442146],[100.47216937800192,16.665330894778378],[100.53303390833798,16.734707003948188],[100.71904960832831,16.928836537575705],[100.89070261120457,17.114852237566197],[100.9635268036759,17.194745215352327],[101.04341978146203,17.285562892802488],[101.20818781048786,17.460470081664312],[101.35529001197705,17.625238110690134],[101.44874804441804,17.730295720858237],[101.55380565458597,17.854151577297102],[101.68764232785151,18.00178731054865],[101.80210984396228,18.135623983814014],[101.92339177858832,18.276423732935939],[102.06419152771008,18.44832695968347],[102.15336982083608,18.556831563812068],[102.22232017576641,18.646009856938122],[102.37748165149787,18.843105606274378],[102.57457740083413,19.10722286558206],[102.59573889367749,19.13523423721864],[102.61081988653507,19.156395730062002],[102.71034722205377,19.292165551281812],[102.81182190117795,19.429537102842346],[102.97855374691386,19.666781603186109],[103.02321619257356,19.72852868457062],[103.08496327395807,19.817670642828034],[103.23207305558287,20.03005769468524],[103.3293907727695,20.177167476310046],[103.43773008468975,20.334786538702417],[103.59534914708195,20.573221353202257],[103.6406786229345,20.642223873581543],[103.66926050597152,20.687553349434097],[103.81422974180009,20.906433944152241],[103.84327689541334,20.950011474226812],[104.00341065814683,21.197939222558205],[104.04472092674985,21.258953316014356],[104.10573502020605,21.351083571888978],[104.24725609948086,21.566804016407275],[104.33838468201583,21.708325095682085],[104.45076708484385,21.87367890416823],[104.61612089333011,22.117916138283761],[104.65734304668649,22.177488815449635],[104.68613250363768,22.218710968806192],[104.86773574653643,22.470325822012512],[104.87073191990521,22.474485815355024],[105.05651073034795,22.729096841930073],[105.08642250812989,22.769181100254229],[105.12650676645404,22.822358576510453],[105.30025983600956,23.065729645498493],[105.42335277339816,23.23948271505418],[105.51260398448159,23.363771370150573],[105.63689263957815,23.538492706454122],[105.72502973739165,23.661731490364389],[105.78730614436284,23.749868588178117],[105.93507724058435,23.962069860295799],[106.12550232312782,24.238478271727786],[106.14053412036355,24.260254461302168],[106.14333330302895,24.264199670975245],[106.14727851270203,24.26982664599808],[106.35389814267035,24.564020704457732],[106.49719390226431,24.770640334426105],[106.56310722387735,24.865197496374833],[106.65766438582614,25.002586858405039],[106.7711834642858,25.167507129090495],[106.84830990036579,25.281026207550156],[106.97880366729083,25.470272799209397],[107.16805025895002,25.748693162715654],[107.18534875440798,25.774113585216128],[107.19688061973744,25.791412080674093],[107.25419833982073,25.877560161544807],[107.38950413934816,26.080344073400056],[107.53518098736225,26.301797953798143],[107.59208460033676,26.388149485535507],[107.67843613207413,26.521102071984842],[107.79285096046971,26.697768998526499],[107.86585503884351,26.81218382692208],[107.99179297539087,27.009212856729278],[108.18882200519801,27.322078944398868],[108.18901112399294,27.322380581251025],[108.18912791502316,27.322569700046188],[108.18962537477154,27.32337306961972],[108.3846007106996,27.637176867668472],[108.50449261310018,27.832955573170068],[108.57858506743668,27.953578384055504],[108.69920787832211,28.1526698345927],[108.77088061111726,28.271668713498855],[108.81347308565068,28.343341446294176],[108.96153440046231,28.591400797277856],[108.98202842409228,28.62616199206434],[109.11661898791471,28.853727319418056],[109.14924900496521,28.914072065898893],[109.20959375144599,29.011398455599988],[109.33957481141181,29.234132132576349],[109.41466377616524,29.364113192542163],[109.52009169681253,29.564001120299508],[109.69112210967916,29.845641550775156],[109.70802128054186,29.874499065666043],[109.71243640975518,29.88204228048096],[109.7199796245701,29.897267503621492],[109.88073942134065,30.224125142019432],[109.97318490074395,30.384884938790151],[110.06709536941742,30.548155067066546],[110.23036549769404,30.882711515762708],[110.23446401592548,30.891172293682757],[110.23679070551242,30.895270811914031],[110.24523557423424,30.910140888454293],[110.42379646319995,31.212225719532228],[110.52245948219075,31.405656685038139],[110.60081642285007,31.545591633005984],[110.74075137081809,31.796097290534192],[110.78505355688355,31.87174037209661],[110.8075491643956,31.916042558162076],[110.87918770059974,32.054478887943901],[110.95874718301184,32.208432619092434],[111.07188815865595,32.426428431286126],[111.13573802213114,32.541827653097016],[111.25113724394203,32.750368502660308],[111.31752574247793,32.870425805874333],[111.35430891312365,32.936814304410063],[111.48031082740556,33.165987887873598],[111.49876488048784,33.199572540988299],[111.63511348610899,33.447200177534114],[111.68117119582286,33.527552098777392],[111.76152311706608,33.679022627825589],[111.85996471185672,33.859144455867408],[111.91398117710321,33.957586050658051],[112.04691281713338,34.182582223715031],[112.13351290847015,34.32957584206207],[112.2151076560134,34.467971923782102],[112.23476185764116,34.505119056331296],[112.27190899019001,34.575068152432266],[112.41021268838915,34.840054098707071],[112.48739723311985,34.978357796906039],[112.58867258481871,35.171980075401564],[112.72548315816812,35.431931964884143],[112.75532540399945,35.488743670030146],[112.76441672094916,35.506621812395053],[112.78229486331406,35.541581735537761],[112.93782424683332,35.843600159635173],[113.01869133341984,35.999129543154197],[113.10980219081489,36.182008088777138],[113.25605933628185,36.472894016122041],[113.27441652485948,36.509515416278134],[113.28028280300953,36.521913349706608],[113.292680736438,36.547937119954497],[113.44626885305945,36.866313172780792],[113.52149535985745,37.019901289402185],[113.6091044283728,37.213863470591491],[113.71205418017064,37.439274733134596],[113.75344913359152,37.530287162526122],[113.76726014145117,37.566093630636999],[113.80306660956205,37.658624813403264],[113.91234005037302,37.931399594839093],[113.95840943555743,38.040673035650002],[114.03961895382429,38.277225379912181],[114.04929993124131,38.304825587094854],[114.1319357896715,38.55105890877411],[114.16806559823044,38.696445793229771],[114.23114944679833,38.979141746010498],[114.25078815170366,39.06144478189799],[114.2591008139276,39.115796450656546],[114.30799209585655,39.566370268192486],[114.3087652383083,39.571830655022097],[114.30918860064196,39.576094537066183],[114.31345248268599,39.66247436205515],[114.33319528946993,40.062473721362267],[114.33279067360183,40.082216528146205],[114.33303004594666,40.101794091406703],[114.36041282341012,40.545642060545958],[114.36093223503497,40.592602401270085],[114.36635369324233,40.645503611826371],[114.40955948765452,41.006881269425662],[114.41904100962904,41.102988274394193],[114.44425502101126,41.233790812719121],[114.4842181410902,41.442608489114093],[114.51724882161386,41.613374147518073],[114.58194905798507,41.855263445343269],[114.59237123658022,41.892292901412361],[114.65566452901885,42.12376002064218],[114.69698204257907,42.25061633387304],[114.82383835581004,42.619625343802227],[114.82755087287114,42.630433376705014],[114.82893023365227,42.63414589376606],[114.83235089358391,42.642658431539985],[114.97121697400121,42.997153148699056],[115.03247526257837,43.144531766890168],[115.12369256059139,43.355063435232807],[115.19761271670643,43.518306127786559],[115.25843980108721,43.654917640014105],[115.28213984439344,43.707002024554868],[115.3342242289342,43.817573760966923],[115.44765116493522,44.051876577136966],[115.50432295850248,44.165303513138156],[115.61772301119902,44.392190603997221],[115.67712605134932,44.508205335553498],[115.76221147348645,44.675689386262093],[115.78990035479671,44.730399133523463],[115.84461010205803,44.836420603963006],[115.96595756852616,45.064727792918063],[116.03138086804017,45.186075259386143],[116.14397811199831,45.3970931225698],[116.24766633880881,45.589131496136929],[116.30541225011007,45.69646113251008],[116.32263246734692,45.728824640345294],[116.35499597518196,45.789035422192285],[116.50360737154563,46.058235609270469],[116.58613769127578,46.206847005634131],[116.68503418101636,46.387194672923727],[116.86538184830624,46.714258868739876],[116.86645628895292,46.716158438111222],[116.86706516071945,46.717232878758068],[116.86920346922693,46.721054499678758],[117.0495027423915,47.043497857796524],[117.15269392779487,47.227618751882176],[117.23216009747568,47.371226375836443],[117.37576772143018,47.630067631567442],[117.41482093819832,47.698951408237861],[117.4369658864282,47.738004625006056],[117.51491294131506,47.877149844891107],[117.59823364345993,48.025924576100351],[117.72293442067428,48.248390498130163],[117.78109865277088,48.353445439913287],[117.88615359455423,48.542901796624392],[117.96408533357544,48.68084463223272],[118.00810531338607,48.758776371254044],[118.14727165802708,49.008044180905131],[118.16227080764668,49.034893584346833],[118.2931201138756,49.269162244378151],[118.3283260149642,49.337375697091886],[118.39653946767794,49.456381921736408],[118.51279014445868,49.663297440721522],[118.57810988379856,49.779548117502031],[118.69038563547042,49.996087822833829],[118.79606179483108,50.17907044465511],[118.8581936423559,50.289933990626139],[118.87552245981192,50.321336871616097],[118.9069253408021,50.384985946521169],[119.04558780775631,50.661657396795761],[119.12378601492173,50.800319863750019],[119.2286410284031,50.988990049273298],[119.35904967968872,51.252444202636752],[119.3889948258543,51.310705736874127],[119.39899606309427,51.329020887706179],[119.41731121392615,51.362493302773942],[119.58515879660035,51.653244027323865],[119.67179789228635,51.821091609998064],[119.76256211994837,51.986226577099842],[119.92769708705009,52.286055688465979],[119.94439632956721,52.314778240605165],[119.95305505865133,52.331477483122114],[119.98446046911465,52.388240865186731],[120.12576382043972,52.643796622856428],[120.23551643678934,52.841863356246051],[120.307260263236,52.972686053184191],[120.43808296017414,53.210591262890944],[120.48874084054535,53.301591348998898],[120.51700655981313,53.352249229370102],[120.6144265780689,53.528592847264861],[120.67051426839203,53.630203794276326],[120.79918356208532,53.86263510249421],[120.8520229231442,53.959081012648085],[120.94846883329808,54.134528797315511],[121.03370786695098,54.287781941965363],[121.08126278957195,54.37302097561809],[121.21561341681411,54.616262265225998],[121.24534043454094,54.669892576860832],[121.36357001908038,54.883406848742197],[121.39630031245042,54.945961242713622],[121.45885470642213,55.056842522989655],[121.57931909956858,55.273328328719515],[121.64660236593295,55.393792721866134],[121.75802542319889,55.605007878213257],[121.87446108980839,55.809399105252396],[121.92729716314841,55.904178594990185],[121.94219484966322,55.931224324872858],[121.96924057954607,55.983952207007349],[122.11634800051752,56.2674570471425],[122.19918125782681,56.414564468114122],[122.29945823303001,56.594732687754231],[122.46052072258396,56.90584461115202],[122.4706362747786,56.924950341238002],[122.47382515542756,56.930751638480615],[122.47962645267012,56.941252248270644],[122.65976307268761,57.255199594344617],[122.75607612940337,57.43533621436211],[122.83961427542931,57.585734264726852],[122.99001232579405,57.855101652165843],[123.02328383734948,57.912450575930563],[123.04125785088252,57.94572208748599],[123.10687123154082,58.062580993232757],[123.20626051468423,58.239859771719864],[123.32814282406753,58.456107960610098],[123.3898139824629,58.566692177065306],[123.50039819891799,58.76388530496564],[123.57370363535892,58.893188397293329],[123.61548929813921,58.966493833734205],[123.75804461103792,59.219233294738331],[123.76447598297057,59.230571617786552],[123.90397048301543,59.476879706858085],[123.94232458396255,59.545339194937583],[124.01078407204204,59.666816223023432],[124.12708744730321,59.870962204721025],[124.19372853060145,59.987265579982193],[124.31219245883574,60.196243066312547],[124.43484355119551,60.411325059135606],[124.48399124515811,60.497651453106073],[124.49738448627636,60.521436911995863],[124.52116994516609,60.563416340580204],[124.69903296030679,60.830174311089365]]},"properties":{"OBJECTID":15,"Id":15,"Contour":660,"Shape_Length":78.828880606179524}},{"type":"Feature","id":16,"geometry":{"type":"LineString","coordinates":[[-135.31238605412574,77.293238687022438],[-135.26523947494985,77.264745028707353],[-135.13350998802679,77.20865577927492],[-134.96031658331077,77.134922284713241],[-134.75485360182591,77.047419096373119],[-134.60437034446682,76.980482650433146],[-134.26623891475856,76.829999393074161],[-134.25112460684551,76.823342514930516],[-134.24446772870192,76.820409053708318],[-134.22673357665224,76.812265241024363],[-133.90125034087112,76.662830907781029],[-133.73408185557793,76.586035708873965],[-133.55376771098065,76.499927664547329],[-133.26693087968101,76.362848417177247],[-133.22369598245393,76.342191898052704],[-133.20860044743176,76.334709054972279],[-133.17817686322235,76.31961351995011],[-132.86639962010935,76.166524009170814],[-132.71331010932994,76.09129934002442],[-132.52637320870497,75.996164547451087],[-132.24807650893882,75.854379919558994],[-132.20292423620594,75.831384267926353],[-132.19741450515244,75.814737377879624],[-132.16087496302583,75.809227646826173],[-131.85309201510694,75.648673994801186],[-131.69253836308195,75.564832209336487],[-131.62445631979148,75.366923816992596],[-131.19965625107841,75.298841773702122],[-131.18824814449118,75.292746119168783],[-131.18215248995796,75.289485406169263],[-131.16128905261058,75.277978336354749],[-130.85918588210831,75.111422508427665],[-130.67176661683396,75.00795074532283],[-130.61362775115327,74.846594766258704],[-130.28601635844228,74.788455900578185],[-130.20629617924232,74.743540465045726],[-130.16138074370997,74.718198333431189],[-130.0415026156395,74.397948155524546],[-129.70821473216341,74.335289889031571],[-129.65099487058598,74.305785284701699],[-129.63243390171101,74.296630996329043],[-129.6197334425845,74.278070027454135],[-129.56048382467287,74.187558981540974],[-129.46827335224191,73.950405672674151],[-129.28733149960868,73.914406656476842],[-129.14060899746198,73.83830189860214],[-129.09340760755856,73.814885544233505],[-129.06082040548773,73.767684154330198],[-128.90560426923759,73.532679426105631],[-128.89399004471841,73.503917233949664],[-128.87227351656816,73.499348673436316],[-128.63022312433799,73.373005545256376],[-128.55304327289008,73.334478132653885],[-128.49926529005864,73.25729828120609],[-128.34750121442119,73.029634317998898],[-128.11983725121399,72.910004854406452],[-127.97563339988949,72.891116259406544],[-127.71748584009629,72.85494687008844],[-127.60945137808989,72.840565710399915],[-127.5472792970416,72.809084489130441],[-127.50352822268496,72.746912408082039],[-127.34080991584392,72.505167997204069],[-127.09906550496589,72.376225086243778],[-127.00655574377538,72.329036296148615],[-126.94080600672356,72.236526534958102],[-126.7982999706374,72.026906196162599],[-126.58867963184196,71.91421611412801],[-126.46446249572898,71.85035779794714],[-126.37526217572605,71.726140661834052],[-126.25434214481925,71.550092275732936],[-126.07829375871796,71.454658950284056],[-125.92095272884643,71.37309581858176],[-125.80675709456909,71.215754788710115],[-125.70529907536633,71.078363598937699],[-125.56790788559397,70.997670222347381],[-125.31936505172018,70.953911749459905],[-125.30302324647215,70.950870149588241],[-125.05752201246997,70.906901061776296],[-124.92561212118784,70.837278806868198],[-124.82879245183932,70.705368915586064],[-124.70480884152823,70.54769621340381],[-124.54713613934598,70.465858190177016],[-124.37017018097259,70.3719490008354],[-124.24220385141831,70.194983042462127],[-124.15830434465602,70.073428964028096],[-124.03675026622199,70.005138906385753],[-123.80121468138685,69.959447457626993],[-123.76807870279441,69.95326873276565],[-123.52636439309799,69.905495021428692],[-123.38301858866612,69.827942973770007],[-123.27810667890327,69.684597169338019],[-123.17031793781354,69.530257751498596],[-123.01597851997388,69.441789382256104],[-122.79566037541412,69.394529440773908],[-122.70554573459304,69.374164383957179],[-122.50559264685,69.330454108825165],[-122.40494833437049,69.274855608693542],[-122.3303697616268,69.174211296214139],[-122.19156300700712,68.977855062932974],[-121.9952067737259,68.86284017112672],[-121.83430404428202,68.824728152534135],[-121.58329737549985,68.762301897987982],[-121.4848209006019,68.738525512220576],[-121.43709057669281,68.711555746999295],[-121.4012698790674,68.663825423090032],[-121.2232005713368,68.415059879231308],[-120.97443502747791,68.265915438845923],[-120.90290981999163,68.224964757452483],[-120.84854075206806,68.153439549966151],[-120.68693910439356,67.930549599926508],[-120.46404915435392,67.795073443021977],[-120.34509334757951,67.762009483616566],[-119.96109485933687,67.650485254949103],[-119.95366328122992,67.648378902983723],[-119.95030840801849,67.646408550053479],[-119.9477237563342,67.643053676842214],[-119.93126617339851,67.620656569010578],[-119.75629055341233,67.330040531535815],[-119.54486196458959,67.234252360201822],[-119.44327740810593,67.170882647977123],[-119.41401646029459,67.161928751529558],[-119.32224133435886,67.132667803718164],[-119.11023367359337,66.955325665106784],[-118.93289153498199,66.806440058910482],[-118.86198635231636,66.693187113259626],[-118.71669711263951,66.622281930594056],[-118.55723690480534,66.487550687646717],[-118.42250566185794,66.373291806033023],[-118.2818503990427,66.252551320285363],[-118.11859620479709,66.111896057470176],[-118.00718071296097,66.016835133243092],[-117.912119788734,65.935427089515997],[-117.73320342008122,65.780426552998847],[-117.52742960653842,65.601510184346068],[-117.45989178498832,65.543352314967763],[-117.40173391560995,65.493085392850389],[-117.18723785916967,65.305620367662414],[-116.94270493554177,65.091124311222131],[-116.91522312627058,65.067249227437514],[-116.89134804248596,65.046431212782068],[-116.64380498570284,64.82828149488131],[-116.51145798438318,64.711234253119358],[-116.38096216936185,64.595849391281206],[-116.37298074018844,64.588719867271664],[-116.36407718393929,64.580738438098081],[-116.10267308608911,64.348641648246996],[-115.87057629623786,64.141839081082423],[-115.83294821166459,64.107980649547528],[-115.79127505579902,64.070352564974144],[-115.56370783082593,63.86683515726213],[-115.36019042311392,63.684207482565],[-115.29499898983545,63.625158125128564],[-115.22326568713191,63.559966691850093],[-115.02672226473635,63.38304897710384],[-114.84980454998993,63.223276545313468],[-114.75892327680339,63.140462091912639],[-114.65950819395061,63.049580818726156],[-114.49151983460973,62.897479660982356],[-114.33941867686593,62.759330154929046],[-114.22453433345095,62.654079289017034],[-114.09952019861237,62.539194945602048],[-113.95791179708738,62.41031595225661],[-113.82903280374194,62.292673119762696],[-113.69163005302727,62.166211823192839],[-113.54277322094009,62.028809072478168],[-113.42567919416467,61.92177680893127],[-113.31864693061794,61.823662331199955],[-113.1600028392748,61.677067290697266],[-112.98878261185774,61.518423199354061],[-112.89463333699632,61.432050919851804],[-112.80826105749395,61.352603509570486],[-112.62945425021314,61.186844133510874],[-112.43708006217469,61.00803732623018],[-112.36458206516465,60.941330445435369],[-112.29787518436996,60.879799447378844],[-112.09980797979165,60.695718657684324],[-111.88721824500908,60.497651453106073],[-111.83533353281194,60.449807231540035],[-111.78748931124596,60.405584081813799],[-111.57088037417481,60.203874517053237],[-111.33881007155816,59.987265579982193],[-111.30673032704766,59.957638691056388],[-111.27710343812197,59.930215157535542],[-111.0425150933936,59.711468051586451],[-110.79151552695987,59.476879706858085],[-110.7786304874287,59.464966784427361],[-110.76671756499798,59.453928412787491],[-110.51459016820968,59.218621230522274],[-110.41972199757458,59.129884139434694],[-110.25633169187398,58.977064722847047],[-110.25088837736354,58.971937148244422],[-110.24512323577488,58.966493833734205],[-109.98697243738332,58.725467215100707],[-109.74594581874999,58.49992020552213],[-109.72338970372522,58.478664075634924],[-109.6995099460562,58.456107960610098],[-109.45960076889043,58.232067137345609],[-109.23555994562588,58.022358515486246],[-109.19610697883769,57.985175054274293],[-109.15434634303512,57.94572208748599],[-108.93241360427629,57.738482555711869],[-108.725174072502,57.544492792493486],[-108.66897884192093,57.491531444943121],[-108.60950146632234,57.43533621436211],[-108.40538047174255,57.244743941997513],[-108.21478819937789,57.066324831915608],[-108.1420015976766,56.997736942939582],[-108.06496047692104,56.924950341238002],[-107.87848643847985,56.750866229012217],[-107.7044023262539,56.587899561203074],[-107.61515202581813,56.503814768549773],[-107.52067916525499,56.414564468114122],[-107.35172128845682,56.256859632787211],[-107.19401645312996,56.109224626563275],[-107.08842373395498,56.009771314165221],[-106.97663630173059,55.904178594990185],[-106.82507125855403,55.762737916441949],[-106.68363058000597,55.630332774154112],[-106.56179676855254,55.515626533319448],[-106.43278917135046,55.393792721866134],[-106.29852548272976,55.268511946018293],[-106.17324470688197,55.151231905953921],[-106.03526706619351,55.021384489430545],[-105.88910753284807,54.883406848742197],[-105.7720472937113,54.774218388788825],[-105.66285883375798,54.672026677653832],[-105.50876594997925,54.527113859396707],[-105.34543144885419,54.37302097561809],[-105.24557163432235,54.279922301929673],[-105.15247296063399,54.192827904145588],[-104.98222393143544,54.03288413169247],[-104.80157611923562,53.86263510249421],[-104.71900223707269,53.785719952931345],[-104.64208708750999,53.713833700726582],[-104.45551014402884,53.538826172851259],[-104.25720457158189,53.352249229370102],[-104.19217875388938,53.291771689866664],[-104.131701214386,53.235342384629064],[-103.92844678858756,53.045117782044485],[-103.7118753524116,52.841863356246051],[-103.66490357806435,52.798275119443701],[-103.62131534126189,52.757706336877106],[-103.40081073143142,52.551982092952699],[-103.16504445541182,52.331477483122114],[-103.1369310979639,52.305475853296173],[-103.11092946813801,52.281365622008423],[-102.87231212329692,52.059708954839095],[-102.61594396428211,51.821091609998064],[-102.60792517841969,51.813710026592389],[-102.6005435950139,51.80690110277078],[-102.41470127224244,51.6352492872266],[-102.34259586735095,51.568653464537078],[-102.09015772188991,51.335171108489305],[-102.07745688885751,51.323406569906524],[-102.06375739649292,51.310705736874127],[-101.81126957145375,51.079208014186236],[-101.57977184876592,50.866800741771328],[-101.5451234283351,50.834968284180945],[-101.50741860822643,50.800319863750019],[-101.27792020347164,50.591785635920473],[-101.06938597564192,50.402307774302358],[-101.01054192027317,50.348778045994948],[-100.94582144172415,50.289933990626139],[-100.74318289387929,50.105751199264773],[-100.55900010251793,49.938540781033737],[-100.47571787180425,49.862830348215937],[-100.38394956063848,49.779548117502031],[-100.20624740486574,49.621914942030457],[-100.04861422939393,49.482310447687951],[-99.93567025031092,49.382106223461165],[-99.80810792336041,49.269162244378151],[-99.664128606372742,49.143261994275349],[-99.538228356269997,49.033433929764044],[-99.391701418201421,48.905303309322676],[-99.223691779024705,48.758776371254044],[-99.118447039618161,48.668171814781829],[-99.027842483145946,48.590405261926946],[-98.844077780586531,48.432155200689579],[-98.630010866205225,48.248390498130163],[-98.569066512602831,48.196780595549228],[-98.517456610022009,48.153225050106926],[-98.292729809860589,47.962731425167476],[-98.02671897432424,47.738004625006056],[-98.015999228233909,47.729076133670105],[-98.007070736897958,47.721666181895614],[-97.908319385005314,47.639253273113525],[-97.737793186345414,47.496896302434607],[-97.496684863773964,47.296311559541323],[-97.459300350076148,47.265003265579878],[-97.414514353346192,47.227618751882176],[-97.179576577626335,47.034341164905641],[-96.986298990649857,46.875851533809737],[-96.899452620736213,46.804079248671883],[-96.794044934306612,46.717232878758068],[-96.618472914701272,46.574673081582716],[-96.475913117525863,46.459235982499706],[-96.336997571523625,46.345762551636483],[-96.166487809631349,46.206847005634131],[-96.055037390377038,46.117336859659076],[-95.965527244401926,46.045592333072932],[-95.772545785844386,45.889442591067734],[-95.533558483889237,45.69646113251008],[-95.489912013763444,45.661690490024625],[-95.455141371277932,45.634021652241927],[-95.20677901277196,45.434437617892058],[-95.137604362566151,45.378924123798356],[-94.944755498153938,45.224137613712458],[-94.92373776398108,45.207092993558945],[-94.897772415718464,45.186075259386143],[-94.640405054365772,44.980039830050259],[-94.434369625029944,44.815200158692164],[-94.357213610357292,44.752845400934802],[-94.26160254939407,44.675689386262093],[-94.074032136359051,44.525641001808992],[-93.923983751905951,44.405584131331182],[-93.791056567739986,44.298230697304007],[-93.626279390307616,44.165303513138156],[-93.508278798711558,44.070622593208498],[-93.413597878781957,43.994560373233924],[-93.22592243206401,43.842593086732052],[-92.993992401744094,43.654917640014105],[-92.943795117434775,43.61433452823735],[-92.903212005657963,43.581439157301702],[-92.662532611997733,43.385211160550398],[-92.505227589094716,43.256933223450801],[-92.392826132533969,43.165274787894873],[-92.381432554600849,43.155925344823174],[-92.367505651543297,43.144531766890168],[-92.101872203531741,42.925099822768232],[-91.882440259409975,42.74342566956625],[-91.822742239638387,42.693843913537762],[-91.750755508520797,42.63414589376606],[-91.545644008910699,42.4605562711414],[-91.372054386285981,42.312597874392623],[-91.270086890983862,42.225727515944243],[-91.150874783584754,42.12376002064218],[-90.99745957030251,41.98796896350143],[-90.861668513161987,41.865630781033133],[-90.728807767677608,41.746234893002566],[-90.583688371082133,41.613374147518073],[-90.465198537526021,41.499458250030102],[-90.351282640037994,41.385762136256915],[-90.210043107152728,41.244227807279231],[-90.075748237518155,41.102988274394193],[-89.9643216182468,40.979563423061279],[-89.840896766913886,40.833871724944686],[-89.731977024672346,40.701522143511738],[-89.64946042720743,40.592602401270085],[-89.513406820523073,40.409706474536904],[-89.330510893790006,40.144502190084722],[-89.306041717382413,40.10668570455357],[-89.291423637230821,40.082216528146205],[-89.226228682058434,39.977934316414519],[-89.109251815917673,39.793089732894487],[-88.976466688737275,39.571830655022097],[-88.915539716286901,39.476415959401209],[-88.820125020665898,39.321643186447261],[-88.724733594217525,39.156836208346533],[-88.670571526162917,39.06144478189799],[-88.533081211456874,38.838102717983134],[-88.433771380752773,38.675091141985149],[-88.358017733481063,38.55105890877411],[-88.338838865807872,38.521959190508142],[-88.309739147541904,38.477571249354185],[-88.14116222707321,38.209249956118981],[-88.034708305607865,38.040673035650002],[-87.939451116883504,37.900575193184466],[-87.799353274417967,37.695433780694543],[-87.733573361238314,37.596067075705662],[-87.689545721329466,37.530287162526122],[-87.522354505991927,37.296900057828054],[-87.409455718185086,37.140389606293354],[-87.322639211339094,37.019901289402185],[-87.307978583441809,37.000890107254179],[-87.288967401293974,36.976325947980285],[-87.087449435090889,36.711033382481219],[-86.93378028948274,36.509515416278134],[-86.864122386749216,36.423974557698898],[-86.77858152816998,36.318812147313338],[-86.636018210545842,36.141692860778164],[-86.521675436446117,35.999129543154197],[-86.404741684753674,35.862583513446339],[-86.268195655045986,35.70153481306312],[-86.170638060347244,35.586301264728775],[-86.089244973211294,35.488743670030146],[-85.932872632745784,35.31368081920624],[-85.757809781921992,35.11303791030673],[-85.69467428834804,35.041493290479991],[-85.640606427681234,34.978357796906039],[-85.45188109036377,34.773900615340267],[-85.247423908797828,34.542202830357098],[-85.211924439097629,34.503471393482471],[-85.180997749261905,34.467971923782102],[-84.964533249647161,34.240476709808888],[-84.737038035674004,33.978462705680329],[-84.726575361567427,33.968048724764685],[-84.716375453106195,33.957586050658051],[-84.44574837337791,33.738489839830038],[-84.226652162549897,33.557172984330634],[-84.15801106862034,33.515841271463614],[-84.041767401166624,33.447200177534114],[-83.82109277985694,33.34237368710302],[-83.716266289425903,33.285320083210195],[-83.488164178720524,33.164916415115442],[-83.361729349834718,33.092663237942929],[-83.205880416301909,33.005563507263503],[-83.161919343068348,32.980775377643795],[-83.088338597966299,32.936814304410063],[-82.835211827768035,32.797097019820058],[-82.695494543177915,32.714153350474419],[-82.514988038059983,32.606934936404116],[-82.229404842931103,32.426428431286126],[-82.201680292129936,32.409856809210112],[-82.185108670053921,32.399250019104556],[-82.110408116485473,32.351727877717678],[-81.888540317818808,32.212610910397188],[-81.674722796929927,32.069574887395959],[-81.58236864718566,32.008396707906343],[-81.450892380376899,31.916042558162076],[-81.27985987913172,31.800519602836346],[-81.164336923805934,31.717245294155077],[-80.981607891351871,31.588385717492315],[-80.737228389974575,31.405656685038139],[-80.688978720435614,31.370629015284464],[-80.65395105068194,31.343509351447494],[-80.408897996826965,31.160603631183164],[-80.397244038648296,31.151977823947789],[-80.143565177557946,30.953095093759487],[-80.110533868555706,30.928302120916385],[-80.068579864554977,30.895270811914031],[-79.823082527964175,30.705367588383808],[-79.633179304433952,30.550891631559637],[-79.539226126740516,30.478838116483416],[-79.421304977679938,30.384884938790151],[-79.254217380040927,30.253460990059068],[-79.122793431310015,30.146216278030806],[-78.968331785652651,30.028960711323236],[-78.769550828769354,29.874499065666043],[-78.680579748620289,29.806326875231775],[-78.612407558185964,29.753218177805877],[-78.386236439519337,29.590284311208734],[-78.175788182855797,29.43787969033599],[-78.10202168506197,29.38450361098495],[-78.089878016087482,29.376256861516708],[-78.071979198075383,29.364113192542163],[-77.782106175448234,29.173642829031792],[-77.591635811937977,29.04971955373685],[-77.470707304800669,28.974655826555477],[-77.274168169582993,28.853727319418056],[-77.152639119178559,28.782338139053536],[-77.081249938813869,28.740973867450919],[-76.827679600430827,28.596911784677275],[-76.82022351623084,28.59270089683497],[-76.570864065689932,28.451639845518969],[-76.501613527375696,28.412591984608412],[-76.378979699180093,28.343341446294176],[-76.171242466877345,28.232577171982825],[-76.060478192565938,28.173669935594489],[-75.839650678711962,28.053783087024158],[-75.68712280211389,27.969986055842071],[-75.550092319441944,27.894963947900123],[-75.510295430002429,27.872752462609583],[-75.440140793984369,27.832955573170068],[-75.180937297218122,27.691724722269896],[-75.03970644631795,27.612762678678735],[-74.855105931506898,27.507170214857183],[-74.540993527032185,27.322569700046188],[-74.533527214044625,27.318363059195406],[-74.529320573193957,27.315908243215233],[-74.512858149780243,27.30610727663236],[-74.212608436277947,27.128895963838204],[-74.018934700069963,27.010624159545898],[-73.89654310918138,26.934575417810663],[-73.705786881228391,26.81218382692208],[-73.584236188463365,26.736496465404684],[-73.508548826945969,26.687569369585219],[-73.275320257560622,26.535026523183319],[-73.139418711625808,26.44305371160192],[-72.998162953821975,26.348093062430507],[-72.970589260605891,26.32937164701417],[-72.931241423727329,26.301797953798143],[-72.668366205973314,26.121208828522754],[-72.487777080697981,25.992753615019978],[-72.370358783826532,25.908830377545542],[-72.211145786458928,25.791412080674093],[-72.075820252868027,25.692983035379996],[-71.977391207573987,25.618958925416507],[-71.784538069331688,25.473879345792398],[-71.535745026055622,25.281026207550156],[-71.496876940071672,25.25115460192842],[-71.467005334449993,25.227472404759737],[-71.211817412191238,25.025828256684918],[-71.211763918986605,25.025784792086768],[-70.956619461326,24.819078030081243],[-70.929822834643062,24.797436961108815],[-70.897477673742458,24.770640334426105],[-70.65026193130285,24.566611991325317],[-70.446233588201892,24.393830657803846],[-70.373721557622332,24.332766491881671],[-70.289598910211225,24.260254461302168],[-70.099560859157179,24.096541317222886],[-69.935847715078012,23.952213921473174],[-69.827934390835935,23.857781912420137],[-69.707168681945518,23.749868588178117],[-69.558523478749862,23.616806951382216],[-69.425461841953904,23.495233568054687],[-69.291265733448313,23.373678823559715],[-69.145848631091894,23.23948271505418],[-69.02604508063024,23.12851360325385],[-68.91507596882991,23.023872478533292],[-68.762662488590308,22.881510322169788],[-68.602142751317217,22.729096841930073],[-68.495190013712431,22.638596923923558],[-68.404690095705973,22.561727270851407],[-68.215512741813598,22.407888322698398],[-67.997104075038123,22.218710968806192],[-67.945009293284329,22.168005898103672],[-67.89430422258198,22.117958165472999],[-67.696467138915807,21.906162179348314],[-67.512999716731542,21.708325095682085],[-67.451104108878667,21.641139336261517],[-67.383918349457986,21.567743263615625],[-67.208798270489069,21.373059301526951],[-67.082951476612209,21.197939222558205],[-66.995156920808824,21.076314778083201],[-66.873532476333992,20.937313215466418],[-66.756670773556834,20.804415052211198],[-66.654308674443485,20.687553349434097],[-66.518802443506274,20.531897509137934],[-66.363146603209998,20.352565427131083],[-66.277217356521476,20.263096722998682],[-66.1952881165289,20.177167476310046],[-66.028609892534121,20.001318313861816],[-65.852760730085834,19.814593525555949],[-65.78072013757378,19.738822195698333],[-65.712627388383055,19.666781603186109],[-65.533234038662044,19.475922421486018],[-65.34237485696201,19.271838033709173],[-65.286318074243184,19.212452512780828],[-65.233640703197125,19.156395730062002],[-65.039567487136594,18.948817226763424],[-64.831988983837903,18.725975665414524],[-64.779482835668773,18.698516005107138],[-64.682239328236278,18.646009856938122],[-64.44844851096758,18.51916445668445],[-64.321603110713909,18.448157422811278],[-64.169244415856781,18.287982678671256],[-64.024617429560976,18.135623983814014],[-63.920923742082039,18.025917479322004],[-63.811217237589915,17.90972366685844],[-63.672391418918949,17.7640639293611],[-63.540178789156755,17.625238110690134],[-63.423613139338215,17.502456335817897],[-63.300831364465921,17.373155720307523],[-63.174469477805815,17.241214124226246],[-63.053405363527872,17.114852237566197],[-62.976563083912083,16.928734644995984],[-62.888928121636866,16.702948994736971],[-62.849666889785681,16.604466364442146],[-62.820917613777567,16.573994242006449],[-62.790445491341927,16.54176478054751],[-62.572190588331921,16.312335394328102],[-62.364162536927438,16.094080491318209],[-62.323105616689872,16.051034492846213],[-62.280059618217933,16.006024881616952],[-62.139545147547381,15.953566020647486],[-61.971769239664752,15.891984996747226],[-61.769673745093939,15.815005645636631],[-61.654904792954426,15.698463570333729],[-61.54162923668855,15.583694618194102],[-61.401184545446483,15.441797944717678],[-61.259287871969946,15.29881815177265],[-61.146812354145766,15.185784262894288],[-61.034667497620944,15.073308745070051],[-60.891700304540677,14.930510439375496],[-60.748901998845952,14.788191968854107],[-60.63601562479522,14.675809245996959],[-60.522457186587928,14.562922871946114],[-60.379705901576529,14.421733096091543],[-60.238516125721958,14.282272760198907],[-60.122951434775302,14.168101689768775],[-60.005897238721957,14.052536998822063],[-59.86573490359325,13.914932347826834],[-59.728130252597964,13.779881078143205],[-59.618609754944657,13.651671623351433],[-59.553174397334658,13.542151125698126],[-59.424866067499636,13.335029437672461],[-59.21774437947397,13.094984146899776],[-59.185915733923594,13.063593898124509],[-59.153670157563226,13.031765252574075],[-58.899230527957002,12.83989323096705],[-58.707358506349976,12.758501897261056],[-58.559470445414831,12.669267440385113],[-58.307753252131135,12.521379379450138],[-58.251377945228228,12.46697406744795],[-58.196972633225982,12.414335814694766],[-57.992203629153892,12.215762510398122],[-57.781601715407248,12.010993506326031],[-57.73332190266774,11.964258363760337],[-57.686586760101875,11.918873986437802],[-57.474616209921578,11.712578183382448],[-57.257497728444946,11.500607633202151],[-57.216287987113787,11.460520533066415],[-57.176200886977881,11.421383925475652],[-56.958248940159024,11.208173706897014],[-56.736225293777693,10.990221760078043],[-56.70064620410875,10.955390569823351],[-56.665815013853944,10.921159719295531],[-56.468974376283086,10.676676524524964],[-56.266727576989638,10.479835886954163],[-56.224437697025337,10.410827330658719],[-56.15542914072995,10.356669110822281],[-55.96123963832548,10.163639516234525],[-55.766601834701589,9.9694500138300555],[-55.705722683339616,9.908770598096396],[-55.645043267605956,9.8480577155123115],[-55.450689047221545,9.6534183610903028],[-55.2573156583436,9.4590641407061753],[-55.196135910175258,9.3975856250127663],[-55.134657394481962,9.3355804072568276],[-54.968291592112848,9.1150440699511819],[-54.899274991069319,8.9486782675820677],[-54.816813755183375,8.7561360337565475],[-54.624271521357969,8.4998102168880791],[-54.593949871135408,8.4686140446806348],[-54.564557332591733,8.4382923944581876],[-54.342872706252308,8.2093053364396837],[-54.113885648233975,7.9721537064327208],[-54.092147907892183,7.9496442616758713],[-54.071204993596496,7.92790652133408],[-53.841918023769722,7.689488272674339],[-53.603499775109981,7.4410254096202948],[-53.591987853300907,7.429032570019217],[-53.580960100600862,7.417520648210143],[-53.342550106506565,7.1680844436895086],[-53.10349143360213,6.9175123067023492],[-53.093590311218748,6.9071347750860923],[-53.093358036728432,6.9068906403435903],[-53.093113901985987,6.9066336151124688],[-52.846562331938799,6.6433004720093436],[-52.62307884682599,6.3967489019621553],[-52.60390193366328,6.3755749971607543],[-52.582728028861993,6.3528458463973152],[-52.353831333083122,6.1152597246169194]]},"properties":{"OBJECTID":16,"Id":16,"Contour":660,"Shape_Length":111.17239901782617}},{"type":"Feature","id":17,"geometry":{"type":"LineString","coordinates":[[-37.78329901363702,3.332672357847116],[-37.781537708265887,3.3308175209743922],[-37.538074228474841,3.0675112698852445],[-37.312378729041939,2.8240477900940846],[-37.292545596044704,2.8026540291913875],[-37.27115183514195,2.7796365926088811],[-37.046711331066945,2.5381024210450391],[-36.837590081521853,2.3136619169702044],[-36.800540802172293,2.2738870768159245],[-36.760765962017956,2.2313024273915403],[-36.622147294831677,2.1750432497839824],[-36.480279638677018,2.0837623671870347],[-36.250380088893962,2.0437595357608416],[-36.045792121040904,2.0078640116990982],[-35.766735510874582,1.8300173389507677],[-35.739994215769968,1.8192520695624808],[-35.732207202071834,1.8110630575441178],[-35.724769872740012,1.8032760438460969],[-35.645506269105226,1.7087880971815252],[-35.497333767987925,1.5355506185040895],[-35.331463896306673,1.2928901707222167],[-35.286942192789411,1.2355563205786098],[-35.229608342645975,1.1619109015751405],[-35.043927919802286,0.96818472044179771],[-34.865182124563034,0.78250429759810913],[-34.793636487014851,0.70809028010523889],[-34.719222469521981,0.63102607563763513],[-34.542791593547179,0.44854930044886032],[-34.371441663759526,0.27211842447400159],[-34.287874649144214,0.19308037172777404],[-34.208836596397987,0.13037546014930967],[-34.0030157254904,-0.032446577742291538],[-33.782891385791515,-0.23826744864987859],[-33.741115994786981,-0.28093272016286619],[-33.698450723273993,-0.3243059915350841],[-33.487802072295153,-0.53800467079514647],[-33.279169522789175,-0.74865332177387245],[-33.233894835894091,-0.79448330751807816],[-33.188064850149999,-0.84065799566951682],[-32.979388445314157,-1.0503627900621382],[-32.77073307075301,-1.2590391948978663],[-32.724279339204486,-1.3056395570764607],[-32.677678977025892,-1.3521662853141265],[-32.468565668126246,-1.5603117591222144],[-32.257453364004562,-1.7694250680218602],[-32.212239061615492,-1.8143710257353973],[-32.167293103902011,-1.8588385673742209],[-31.95530618133688,-2.0678240185807795],[-31.739220037476684,-2.279810941145854],[-31.697752628560465,-2.3206563389284156],[-31.656907230777904,-2.3606986250980526],[-31.43958901241615,-2.5728785959080369],[-31.215916956388355,-2.7901968142699616],[-31.180798370086222,-2.8244738267022171],[-31.14652135765391,-2.8577718901738649],[-30.921398995661036,-3.075460325400968],[-30.687458079747671,-3.3005826873937849],[-30.661368672122137,-3.3258158749860627],[-30.636135484529916,-3.3501071086338357],[-30.400728913821524,-3.5755619898095574],[-30.153753782187891,-3.8109685605179493],[-30.139454896589086,-3.8246738457010565],[-30.125749611405922,-3.8377497595847103],[-29.897632415861835,-4.0932372380977426],[-29.617979167245039,-4.3187390046787755],[-29.615363738281985,-4.32091325363956],[-29.615121657289933,-4.3211123526498341],[-29.61489830274121,-4.3213544336419432],[-29.613211957399642,-4.3235062145242296],[-29.390920876739244,-4.6072974452230824],[-29.214362951858561,-4.831740306765937],[-29.162144426076452,-4.8889068676843976],[-29.104977865157991,-4.936190451412017],[-28.881665167656422,-5.1188134823883615],[-28.674106157212918,-5.3421261798899309],[-28.63901229946066,-5.3865464873165934],[-28.594591992033997,-5.4425201572759079],[-28.380643782514653,-5.6385638434945804],[-28.146163671744205,-5.8525120530139247],[-28.111520351832326,-5.8798262859362467],[-28.084206118909947,-5.90934720267785],[-27.846518733170853,-6.1252105403987684],[-27.583723483248264,-6.3628979261379186],[-27.578542752958015,-6.3676204333099236],[-27.57382024578601,-6.3719081419149006],[-27.483400068331719,-6.453318103592153],[-27.310004354327361,-6.6094679078033778],[-27.063434372661845,-6.8306295376045227],[-27.040854656354668,-6.8507040829545645],[-27.015355674885427,-6.8732837992618556],[-26.673908249632404,-6.9941435493564086],[-26.553048499537852,-7.0349463144419246],[-26.385287317093855,-7.0410449817059089],[-26.116297268913286,-6.9469184417612837],[-26.042662626413914,-6.9531771255952322],[-25.796577536789414,-7.1375845827613489],[-25.725203693688513,-7.1907427319874273],[-25.532276753289921,-7.3345603424046999],[-25.504019358893004,-7.3554122779889326],[-25.465492050505134,-7.3836696723858495],[-25.210245208429285,-7.5720240006492077],[-25.021890880165927,-7.710177727628718],[-24.915342706642946,-7.7875073719869192],[-24.767649445977327,-7.8940555455098433],[-24.619250228069518,-8.0018007665374284],[-24.511505007041933,-8.0795636674808406],[-24.321942125152987,-8.2148785367449477],[-24.054801605301293,-8.4044414186339509],[-24.023487891743059,-8.4268101764589574],[-24.001119133917939,-8.4426954016335003],[-23.872707167655733,-8.5328533848960433],[-23.723800091711269,-8.6375082495512174],[-23.490733260793945,-8.8003548353622136],[-23.243672360796211,-8.6515023186316853],[-23.203865984511708,-8.6279600154756508],[-22.980347387669951,-8.4951398538207172],[-22.73043822184485,-8.6649181259327293],[-22.697902390609443,-8.6868864156943459],[-22.469961514545957,-8.8409755782139996],[-22.425702026245574,-8.8705678034576181],[-22.359102838016156,-8.9148272917579447],[-22.119801014007066,-9.0750526643430476],[-21.959575641421964,-9.1816889248241296],[-21.766276614207982,-9.2319141376679568],[-21.653790809352756,-9.2206121238270384],[-21.44918976829797,-9.2501283661482603],[-21.294268671302916,-9.270292067886885],[-21.039622191818125,-9.4252131648819386],[-20.984031756635716,-9.4704410263436785],[-20.938803895173976,-9.501689589851253],[-20.738550516090299,-9.6254665439655582],[-20.670682664707329,-9.6674778075392851],[-20.428418022049982,-9.8165069615211564],[-20.35433174529237,-9.8615127612484343],[-20.231620616648115,-9.9355990380059325],[-20.036679092887368,-10.054245981967426],[-19.918032148925988,-10.126010222153525],[-19.733807711045188,-10.261760473249126],[-19.437598037574332,-10.416033149357531],[-19.407646275801994,-10.433220483617333],[-19.399107999263379,-10.437446634591424],[-19.385652565646296,-10.445984911129926],[-19.102673538219449,-10.651398046671318],[-18.897260402677887,-10.790346543192754],[-18.785817360080443,-10.84492774165642],[-18.557564329491186,-10.95637078425392],[-18.448431260824577,-11.017927515524605],[-18.386874529553893,-11.076015684141908],[-18.18169079878777,-11.26157292661162],[-17.949212824618712,-11.394032489189101],[-17.876488656429956,-11.440144249834589],[-17.858513364145267,-11.448781365093225],[-17.820985892931276,-11.466756657377914],[-17.514185631724501,-11.614839505796454],[-17.366102783305962,-11.686084958154424],[-17.168893695750967,-11.779933442946913],[-16.948291136772752,-11.884568303911124],[-16.855716910181968,-11.928529235752592],[-16.826202690694686,-11.947628311014682]]},"properties":{"OBJECTID":17,"Id":17,"Contour":600,"Shape_Length":26.856039007166384}},{"type":"Feature","id":18,"geometry":{"type":"LineString","coordinates":[[4.0701038879020075,-19.147370390412732],[4.136800149845385,-19.566234365418609],[4.1465146924349483,-19.632930627361873],[4.2845661875205678,-19.847392926980262],[4.3035822396698791,-19.909838148718109],[4.3487365528877717,-19.91156329234758],[4.580489761026115,-20.016499655058794],[4.6699502499394043,-20.053856011572464],[4.7282321267790621,-20.143316500485867],[4.7539418937633968,-20.316768633223262],[4.7762383013886733,-20.457953833247302],[4.8045995939088471,-20.65370237360986],[4.9166609074014787,-20.827917100358604],[5.0908756341501658,-20.906649927337753],[5.2727169019816529,-20.982246978902197],[5.3913813166087721,-21.164088246733854],[5.4183717866554275,-21.346977967352586],[5.440942977383088,-21.51415558996689],[5.4640899649366474,-21.674474119857848],[5.5177756124198822,-21.757960014712125],[5.6012615072741028,-21.795607085448978],[5.8365839785761864,-21.909796591160045],[5.8786892888635975,-21.907432211392347],[5.8764913206794631,-21.949703933263322],[5.9913482566341258,-22.184859992981956],[6.00481314497938,-22.291694228400615],[6.0436781324299318,-22.627276618137785],[6.0520905300070353,-22.695245866105779],[6.0585941207245924,-22.748299125779283],[6.1100005186541466,-23.203984877485993],[6.1101989155064871,-23.205631739229943],[6.1103532413728772,-23.206925878255049],[6.1116473803981535,-23.218702567708533],[6.1219524762896071,-23.215936835121397],[6.1613721392204752,-23.205631739229943],[6.5272414721919745,-23.110839957899771],[6.6220332535220905,-23.08690891444337],[6.7799532359588852,-23.047711756793205],[6.9353116025118311,-23.008524215095804],[7.1324191266459707,-22.960122164626398],[7.3459111748235841,-22.908737914283392],[7.4547895610967885,-22.883261304779126],[7.6428049997700782,-22.838494513034505],[7.7590269102414595,-22.811467776577331],[8.118039251540381,-22.730397487459584],[8.1531908728939584,-22.722311956072645],[8.1753083691363031,-22.717363362348067],[8.2772274192699911,-22.695245866105779],[8.5950528666602963,-22.62672198674818],[8.6635767460180659,-22.612381718058259],[8.7674375158806015,-22.591385096243243],[9.0183257840041051,-22.539609030967995],[9.1739626191420029,-22.50847558780481],[9.4051614177069496,-22.464047067541003],[9.4452713573386404,-22.456168731178423],[9.6843484922660537,-22.410707439693169],[9.875500985991323,-22.376012486707225],[10.030797360767224,-22.348796997604779],[10.194734365389991,-22.319355178787703],[10.299044168239277,-22.289169795831071],[10.668222575587095,-22.184859992981956],[10.697014884039504,-22.176754638507248],[10.705120238514041,-22.174525526007244],[10.717169631563593,-22.172810599932291],[11.141296666067376,-22.110650547411183],[11.215506111637978,-22.10019251001728],[11.312827307321243,-22.087538797298691],[11.591193413873725,-22.050161422093538],[11.725891984762029,-22.032818341546545],[11.898103671443607,-22.012648306300207],[12.046100823214147,-21.994682958309852],[12.236277857886137,-21.972622994621133],[12.473041978370645,-21.948095872497277],[12.506311035089254,-21.944507297061136],[12.746663731010074,-21.919844628943622],[12.971877954896854,-21.899688343744685],[13.03736369104206,-21.894160032950026],[13.257049604134124,-21.874680958143983],[13.415164260092865,-21.832588775816703],[13.67786785448277,-21.76404174263314],[13.767435477258061,-21.74039584768235],[13.830062512909308,-21.737101155509208],[14.234645214527802,-21.717650255712101],[14.277821350382112,-21.715398313290564],[14.317269647659941,-21.713922417135791],[14.763537747905616,-21.699143595458338],[14.788207223506049,-21.698228240074116],[14.811453405929456,-21.697720302281311],[15.28375887423249,-21.689308342255515],[15.2985930966301,-21.688986761811293],[15.313018716476506,-21.688899739704425],[15.795648601148287,-21.687804488463712],[15.808978969754037,-21.687724672779495],[15.822363516886867,-21.687858666990792],[16.299548046357415,-21.69429091637852],[16.319364842878144,-21.69448791929301],[16.339915286540077,-21.695024563520008],[16.795850061502961,-21.708374774357026],[16.829750716002025,-21.709254299673603],[16.866992717269454,-21.711716121125278],[17.274869853432449,-21.739740855551531],[17.340136589126132,-21.744031200578036],[17.413774351915094,-21.748111882646924],[17.756984275884463,-21.768012306223397],[17.850522462250012,-21.773167678893969],[17.956795912327948,-21.780747569935727],[18.234231836764764,-21.801150618467091],[18.36090833537412,-21.810142707671446],[18.509481417602615,-21.823047202086457],[18.705337849657383,-21.840430478698579],[18.871294208498,-21.854784990317853],[19.072057919184772,-21.875237830544449],[19.170711917551046,-21.885442283928853],[19.381680081622108,-21.906860094809701],[19.63073693875765,-21.935803135846413],[19.644598406528758,-21.937392444764669],[19.892065954746045,-21.966070829037449],[20.085719112160575,-21.991206835567311],[20.226964934738135,-22.009373099850052],[20.402451827870095,-22.032103426556432],[20.536162041329987,-22.05114977952195],[20.819222373661432,-22.091244665649299],[20.912837700994032,-22.104561105407072],[20.982416409066616,-22.115281284909315],[21.421055367537065,-22.182691786400824],[21.423223574118083,-22.18302562119311],[21.424798814353267,-22.183284752746715],[21.434373332380744,-22.184859992981956],[21.86309669313863,-22.255372747085346],[21.93360944724202,-22.267000950666329],[22.033152670624361,-22.284403216364296],[22.298272212090581,-22.330583101257275],[22.443995320366071,-22.356097893734045],[22.653699064138038,-22.39456373675381],[22.730639418184182,-22.408601768287667],[22.954381193490008,-22.449740826944037],[23.160600338867425,-22.489026720728532],[23.281883311275465,-22.512362110767242],[23.464767066614115,-22.54731380643176],[23.588730842519908,-22.571282090200157],[23.915104088004284,-22.635197014372068],[23.975152939737995,-22.646855855656554],[24.015505140291964,-22.654893665552095],[24.215201939959798,-22.695245866105779],[24.439947503963083,-22.740837175004913],[24.485538812862103,-22.750250480036755],[24.554962578847665,-22.764669632091511],[24.863303606990655,-22.827866945101164],[24.995924685985983,-22.855603102222688],[25.198318351203056,-22.897639531322795],[25.285981075185475,-22.915575350030451],[25.506310559110091,-22.961696031261283],[25.7087701003706,-23.003172197969434],[25.842268320895982,-23.031203627891955],[26.016696432233971,-23.067241900047463],[26.132144983352475,-23.090183188111496],[26.483255095520235,-23.1618045293921],[26.527082305358078,-23.170590556661921],[26.556558044878557,-23.176155999709408],[26.708589175736165,-23.205631739229943],[26.983517459442737,-23.259582458269222],[27.037468178481959,-23.270532920338042],[27.117200292015923,-23.285363852763794],[27.414102247981248,-23.339383542854648],[27.547854051606066,-23.364512386503065],[27.738405114513284,-23.396182802137162],[27.849550960344914,-23.414320703614976],[28.058239924730003,-23.4492574066619],[28.291733132903914,-23.482524404180197],[28.342460314571895,-23.489852129071608],[28.568625797854054,-23.522186900145073],[28.742127137888986,-23.542516272318949],[28.927171349091111,-23.564177290466887],[29.079011670978161,-23.581965025757256],[29.201682107450551,-23.59334717588149],[29.493367895692359,-23.619987963944084],[29.589397544102042,-23.628874554831668],[29.670777440363281,-23.634637716092698],[30.044137775821071,-23.660371970948916],[30.099783417226149,-23.664298783322693],[30.148963641819194,-23.666837387760722],[30.582611365915,-23.688459687918794],[30.610169290350029,-23.689877438595488],[30.635430942738651,-23.690755959965259],[31.111231363335435,-23.706693812215235],[31.120555163474137,-23.707017263696628],[31.12953895371669,-23.707033822111271],[31.622733396735384,-23.707809972491248],[31.630941036598074,-23.707825092214932],[31.639099760418333,-23.707858888533679],[32.135163543918964,-23.70985424655089],[32.141326909722125,-23.709879771291355],[32.147519556789973,-23.709824965285918],[32.641368860321847,-23.705673689829723],[32.651712782846062,-23.7055820622179],[32.662375483785297,-23.705354911414702],[33.141683620166077,-23.695602576549845],[33.162098655970112,-23.695166817728818],[33.180833621279419,-23.697282647044574],[33.242062626902907,-23.716017612353937],[33.58228707860718,-23.806215062840806],[33.672484529094049,-23.830456190050256],[33.783780260535366,-23.827313343795311],[34.078271863422572,-23.820616151149409],[34.182870402217929,-23.817693839268941],[34.281423963177019,-23.8145711733128],[34.605784113535208,-23.803489774160767],[34.693256275342037,-23.8007048709988],[34.774456841783319,-23.79721817879522],[35.139122765859611,-23.780536994960357],[35.203642148465917,-23.777751640880354],[35.262200521462944,-23.774575985350793],[35.679395996856556,-23.75064963708752],[35.714028021590025,-23.748760372657898],[35.74475549443406,-23.746745085197972],[36.190226094341028,-23.716017612353937],[36.222239099076319,-23.713842816716237],[36.224413894714132,-23.71368798153776],[36.227028784822664,-23.713402722245348],[36.68377856024108,-23.664996404756891],[36.734799767838012,-23.659391482613273],[36.797274399095329,-23.653542981096678],[37.15072925904019,-23.621561230432008],[37.24518564096212,-23.612657491382492],[37.360682507356103,-23.600520745959898],[37.614251100887486,-23.57469719915531],[37.755571514086,-23.559738839110935],[37.932461075010224,-23.539128051429714],[38.073147171339883,-23.523207396483713],[38.265957387210108,-23.500570370951493],[38.513006583271817,-23.468968416292171],[38.527491023215418,-23.467165375235254],[38.776343260333988,-23.435080916314575],[38.977741161987524,-23.407029640883366],[39.103416474913331,-23.388944397774594],[39.286729133458095,-23.3632040929906],[39.42367707695746,-23.342579682729195],[39.703680934215129,-23.299065811596904],[39.797115006582032,-23.284876608676143],[39.865318060437971,-23.273834793085882],[40.27411483495365,-23.205631739229943],[40.302597916977106,-23.200728776500966],[40.307500879706083,-23.199559132345144],[40.314939476872951,-23.198193142063076],[40.73929278715292,-23.1270377735529],[40.81788675283002,-23.112029712277888],[40.926901492281559,-23.096616999778291],[41.171212875988658,-23.048571989264531],[41.328272625954071,-23.029052585112197],[41.563146635228463,-22.97075772995538],[41.596862472967246,-22.963835713119011],[41.838658499078008,-22.896560859380997],[41.994749826136399,-22.851337193164341],[42.250852154755478,-22.79343808355253],[42.349044372202059,-22.767665108338576],[42.410556292347621,-22.756757786251512],[42.747892199768501,-22.695245866105779],[42.84278063332755,-22.678596254107333],[42.859430245326166,-22.675172286983184],[42.885908561843507,-22.668767549588438],[43.255115654192309,-22.580545401848212],[43.369816118450103,-22.552585233078673],[43.551630093209724,-22.513431891346215],[43.670309098952032,-22.485352973483828],[43.880201991574154,-22.442536239746005],[44.092563498660638,-22.397221500068497],[44.207725776497568,-22.367722081182364],[44.390587864698091,-22.32585075242298],[44.501560209274942,-22.295832337558807],[44.899724476108361,-22.186109254695566],[44.900973737822142,-22.185768617719873],[44.901682687093171,-22.185568942253042],[44.904154703064307,-22.184859992981956],[45.300004597817576,-22.073504979853396],[45.411359610946079,-22.04165602057418],[45.614463095505982,-21.981756508421881],[45.695075880395962,-21.958190389307788],[45.921745484069959,-21.890848960000596],[46.087409191708844,-21.840137827496733],[46.347264715755443,-21.759340761296585],[46.432131357194066,-21.733169805438592],[46.476679658253488,-21.71902242091727],[46.614812197706442,-21.674474119857848],[46.863886377338076,-21.595843266877978],[46.942517230317947,-21.570683193296986],[47.097238463611347,-21.519752886564675],[47.248667243248008,-21.470238259663802],[47.452903103442054,-21.402568253052607],[47.630765485795564,-21.341950629087364],[47.866990735765796,-21.260386487534106],[47.963288976565991,-21.227347372922736],[48.01066228922906,-21.211461559396867],[48.149936898985402,-21.164088246733854],[48.392985201827514,-21.08339859887144],[48.473674849690042,-21.056293784405909],[48.637589932999674,-21.000173163424336],[48.775228235736904,-20.955255759656723],[48.984060722813979,-20.880183170207317],[49.147668442431552,-20.817310093227377],[49.433482989656113,-20.714665979891947],[49.49444659593803,-20.692074698069632],[49.522376828956169,-20.681632606628],[49.596277454032986,-20.65370237360986],[49.895098699533833,-20.543968604081556],[50.004832469062137,-20.503369770951394],[50.253931177606376,-20.404603665065508],[50.262666981871064,-20.401151013294907],[50.515218342186017,-20.300595665006881],[50.629361504285043,-20.257459662584779],[50.928768652236727,-20.143316500485867],[50.999789861567706,-20.117502146743618],[51.025604215310125,-20.107510928618865],[51.083860788533343,-20.085059927262648],[51.368298002401559,-19.975624414453478],[51.535990088434062,-19.910864813366231],[51.730507133015863,-19.827447671943787],[51.94338563770242,-19.735920951217622],[52.046375961558113,-19.691685924161845],[52.08714730899851,-19.67370197480227],[52.17940389283973,-19.632930627361873],[52.444129949438661,-19.520298742118541],[52.55676183468205,-19.472530190302109],[52.800713647804457,-19.366496567360286],[52.840333997599885,-19.349358464444094],[53.0671477078061,-19.251060977146608],[53.156635385936909,-19.212032432368744],[53.363208863029399,-19.122544754237879],[53.514562753357268,-19.059573926664996],[53.577533580930037,-19.033692233211809],[53.732275061844064,-18.967803273323852],[53.87290696366864,-18.907532263852488],[54.087919454054088,-18.816859780979769],[54.230692020910624,-18.754931447970478],[54.566519689202096,-18.612158881113885],[54.589076963927027,-18.602930517862717],[54.598305327178025,-18.59924043926668],[54.619507846215413,-18.590956362076611],[54.954790004708173,-18.458257685520039],[55.108691200302133,-18.399119148987552],[55.32460623827626,-18.317688045964132],[55.448038491973421,-18.272811589442597],[55.619077073426013,-18.209564472325951],[55.698650112284724,-18.181346046848603],[55.932908526702988,-18.101773007989891],[56.080507966782193,-18.052818028222021],[56.12946294655012,-18.037124073223367],[56.221248394616453,-18.009987559923445],[56.472486960350977,-17.934411148666868],[56.639848819674,-17.885650579643652],[56.874408761019936,-17.825947076211889],[56.929125868913104,-17.812495958750787],[57.150234692798108,-17.75699177522398],[57.287049077887787,-17.728201519955462],[57.588099134224422,-17.663908566563634],[57.660620565921988,-17.648568553637858],[57.709604789821299,-17.640371358765094],[57.990412846917991,-17.591387134865954],[58.144283310142782,-17.564664005962584],[58.171006439046096,-17.559853442879387],[58.207871085618251,-17.554522488293628],[58.59200293007649,-17.501997752772297],[58.681392312169976,-17.488831106133091],[58.797404656939364,-17.475374790096566],[59.049251962609844,-17.448860912181772],[59.191778185294083,-17.431923651204443],[59.367654761297274,-17.415510558862536],[59.51444222416319,-17.40366530061101],[59.70216405841802,-17.385652029027256],[59.883963639553599,-17.262800842877482],[60.14725672509627,-17.081001261741903],[60.185801536032329,-17.054252866232162],[60.212549931542071,-17.036207994833887],[60.278585859291752,-17.014965333992222],[60.586169120074771,-16.94423457715061],[60.722935804666008,-16.886479547280885],[60.945448920803074,-16.793128504754975],[61.034903451085995,-16.769033615321973],[61.233321677790059,-16.701719064303461],[61.339646502445135,-16.676940213272871],[61.734778040260437,-16.579544899271525],[61.743707550913996,-16.577418025100087],[61.74918947916575,-16.576097316869664],[61.770750208235995,-16.57061538861791],[62.157584066721142,-16.474106031301005],[62.254093424038047,-16.448757523676022],[62.420171205863937,-16.404537606792076],[62.561773190082874,-16.367909281538687],[62.764479297161984,-16.312808517736698],[62.890551695287172,-16.186301913619104],[63.016782836988398,-16.060229515493916],[63.15974773286905,-15.945112078076761],[63.274865170286091,-15.884384425911435],[63.51217943743768,-15.787157909521568],[63.622252451331008,-15.712842234448942],[63.785251043409971,-15.615077898316031],[63.832391194232287,-15.596983793192123],[63.951612380717904,-15.549843642369922],[64.19914573163021,-15.45335245746611],[64.295636916534079,-15.414617089460194],[64.515267116754842,-15.330213442149102],[64.566280998387242,-15.310101851099148],[64.806022789657959,-15.220896512954255],[64.937788065643304,-15.171223045231159],[65.250289293301535,-15.039457769245814],[65.296634663114844,-15.019683769578705],[65.316408662782067,-15.011015276751152],[65.367756529699193,-14.988109902328745],[65.650558273709919,-14.863221507049786],[65.826794535905947,-14.783326141365137],[66.000784500135353,-14.70306186035117],[66.308937078211102,-14.557315226940943],[66.337180409030054,-14.544076663193493],[66.351716846228896,-14.543608333320662],[66.706273017842989,-14.52907189612182],[66.842063992304418,-14.52356960627219],[66.847566282154162,-14.523297379211499],[66.858667223808766,-14.517970954467273],[67.189485850807444,-14.360605591651279],[67.357952155278042,-14.2784778640235],[67.530722978099504,-14.191456845819346],[67.865869414747294,-14.018686022997883],[67.867504187885515,-14.017852182481249],[67.86833802840215,-14.017416950690574],[67.870991106364954,-14.016032945034965],[68.203732384034993,-13.843694505506789],[68.37872390152603,-13.750975403692792],[68.536523282622909,-13.666099530970769],[68.823562353182467,-13.508300149873889],[68.866004247492242,-13.485194622716222],[68.889109774650137,-13.472340484862912],[68.971608292354119,-13.425801632169794],[69.192899982283222,-13.301704484382981],[69.399495647774017,-13.183364727169817],[69.520690881038149,-13.119109510014084],[69.744495304928535,-12.997914276749896],[69.833383198291699,-12.92141595414347],[69.909881520898125,-12.850664090207715]]},"properties":{"OBJECTID":18,"Id":18,"Contour":600,"Shape_Length":71.194553975143762}},{"type":"Feature","id":19,"geometry":{"type":"LineString","coordinates":[[75.842829178246404,-7.8940555455098433],[75.945202348204703,-7.8047458953284377],[76.034511998386108,-7.7258007267208768],[76.234104831540833,-7.5832625055406879],[76.508212890916468,-7.3836696723858495],[76.52948608700558,-7.3682578878814411],[76.544897871509988,-7.3568614512239492],[76.796963153933973,-7.1253490816858402],[76.88717128381063,-7.0413962600852074],[77.055283744634096,-6.8850158089455249],[77.061336358612436,-6.8793364132403099],[77.067701412822373,-6.8732837992618556],[77.323576029484968,-6.6311902109887342],[77.565669617757976,-6.3990859212608484],[77.584068894084169,-6.3812972024641113],[77.602848427991489,-6.3628979261379186],[77.837377860993115,-6.1242202962488932],[78.076055490882084,-5.8558319719186898],[78.077646815082858,-5.8541033772146989],[78.079095078581304,-5.8525120530139247],[78.332776056854414,-5.5988467458621471],[78.561706913491207,-5.3668606304048012],[78.586117752029679,-5.3421261798899309],[78.586278787876552,-5.3419636037605187],[78.586441364006021,-5.3417972822592219],[78.837544325860222,-5.0828432686200244],[79.077804450540384,-4.831740306765937],[79.087618127014878,-4.8225311966507434],[79.096827237130071,-4.813754205358407],[79.296780141621696,-4.6317874022744263],[79.354789037519311,-4.5793162340311255],[79.546716244266861,-4.3818512996292043],[79.605617745141785,-4.3213544336419432],[79.606383189348833,-4.3205245127367107],[79.607213110254008,-4.3196125023342233],[79.848668080947391,-4.0524235312112751],[80.06392944478273,-3.8109685605179493],[80.089243184818031,-3.7826127619579211],[80.117598983378059,-3.7504134115106922],[80.367903952542463,-3.5508876565583023],[80.423165902978383,-3.5054016409175119],[80.627984856502167,-3.3373467375377004],[80.644787479628462,-3.3173853105204216],[80.658350039195795,-3.3005826873937849],[80.758339095604811,-3.1702284482911409],[80.86775137626239,-3.0299633340302421],[81.032247721728595,-2.7901968142699616],[81.075012318372046,-2.7268384030158472],[81.138370729626047,-2.6455790678730295],[81.303392078104764,-2.4448322896246282],[81.437118511221399,-2.279810941145854],[81.53178630705014,-2.1628406454459537],[81.648756602750154,-2.0162045929329224],[81.757970958568535,-1.8786394238403545],[81.843428696110436,-1.7694250680218602],[81.981846656574817,-1.5921292487226424],[82.159142475874091,-1.3616623729233766],[82.219477476803149,-1.3193741958268674],[82.301139235835365,-1.2590391948978663],[82.512673726886078,-1.1021845727859159],[82.669528348998142,-0.97951282064531142],[82.766708089789688,-0.84583306256558899],[82.836295524987861,-0.74865332177387245],[82.979254349210635,-0.54799344886237122],[83.179914222122079,-0.2619709902418208],[83.189671539320898,-0.24802476584864053],[83.196394299162876,-0.23826744864987859],[83.232170446456621,-0.18601122431533668],[83.397401359418723,0.05463128717735799],[83.544427873823395,0.27211842447400159],[83.603006735293548,0.35941178442681121],[83.69030009524613,0.49158387909631074],[83.805899048493416,0.66690534435065274],[83.880923542419225,0.78250429759810913],[84.008126667669558,0.97506359829861822],[84.200685968370067,1.258608237263104],[84.214555099207644,1.2790210398846398],[84.223397962207343,1.2928901707222167],[84.259249693574986,1.3514538959271363],[84.408938939906704,1.5950230723094592],[84.534871131226794,1.8032760438460969],[84.600768150476313,1.913579734863788],[84.711071841493947,2.1012948902694575],[84.789718751592488,2.235015006871663],[84.835235020995469,2.3136619169702044],[84.972038113320536,2.5630815182677225],[84.983872871126664,2.586462946602694],[85.107250608296681,2.8240477900940846],[85.145972218773977,2.899533285938162],[85.221457714618055,3.040415712210347],[85.325633775853987,3.2302576019820322],[85.38189462911231,3.3344336632181921],[85.503191730447327,3.5630855205128],[85.561183500623713,3.67415944922368],[85.650729769200552,3.8448195363420723],[85.6782837748475,3.898379349236734],[85.731843587741935,4.0041220220625178],[85.850230393456854,4.2368186037512601],[85.909569794467529,4.3552054094661798],[86.019097159939633,4.5783377103924181],[86.079205364691006,4.702567186415024],[86.158478336083704,4.8655912825901169],[86.185468341025967,4.9223524024301355],[86.242229460866042,5.0433460859704837],[86.362999016677179,5.2552075999028602],[86.480221119547537,5.3759771557141676],[86.604682706840265,5.5239097828636545],[86.752615333989979,5.8518510789613174],[86.762032161073193,5.8769462017548335],[86.765527118585055,5.8863630288381046],[86.772964563723235,5.90671225857119],[86.899109219360753,6.2502550165915522],[86.952365608001003,6.3967489019621553],[87.034270650250448,6.6254794588257937],[87.06339381529051,6.7075273832624021],[87.134541345967079,6.9071347750860923],[87.167943607221389,7.0021923749787334],[87.26300120711403,7.2747092989199018],[87.300075041108244,7.3804468142159294],[87.312972694946723,7.417520648210143],[87.339888390051954,7.4944078311480666],[87.431814567669846,7.7590931607782636],[87.491415361342547,7.92790652133408],[87.564381078947008,8.1369125226251526],[87.611815241830811,8.2767205560508614],[87.667405465694571,8.4382923944581876],[87.694034997362337,8.5176444773337607],[87.773387080238138,8.7555308854148279],[87.821770272695233,8.9002950751249728],[87.838027565837479,8.9486782675820677],[87.874071624991245,9.049362812335346],[87.953451109725393,9.2790001112189202],[88.020433924342456,9.4590641407061753],[88.091772134627433,9.6510649594407596],[88.15771512993615,9.8433921904041881],[88.20263326734289,9.9694500138300555],[88.217967144602198,10.035255822589875],[88.283772953362018,10.315409678329502],[88.316356910233878,10.447251930082302],[88.326571255318129,10.479835886954163],[88.355535239329697,10.551598172921615],[88.464379621278226,10.809615092162062],[88.532947869875272,10.990221760078043],[88.601494187253763,11.182886399310462],[88.670732324157598,11.377181130873794],[88.714682375972359,11.500607633202151],[88.735854261667669,11.558912198020607],[88.794158826486125,11.719049290561259],[88.869769007714353,11.935383325097689],[88.896186015008709,12.010993506326031],[88.947971644334245,12.164806324174378],[88.997390500787333,12.318147705148931],[89.068851105891781,12.521379379450138],[89.134102642686003,12.691821436374141],[89.239873243653904,12.967093796617917],[89.264682155378864,13.031765252574075],[89.27458901662078,13.061720935563471],[89.304544699610005,13.132539585279176],[89.417009726701224,13.429686098606965],[89.459670249097996,13.542151125698126],[89.519293998107457,13.756900424195578],[89.536835705967803,13.820245992464436],[89.601458970040596,14.052536998822063],[89.663279431651404,14.204188139904772],[89.806863099259772,14.554855398472],[89.810160263003581,14.562922871946114],[89.811514701476995,14.566338743203289],[89.814930572734113,14.574188502530603],[89.963441221364576,14.924798096439531],[90.026664170867662,15.073308745070051],[90.117917188868432,15.280708002059612],[90.19383778314284,15.452215955478948],[90.25190227654258,15.583694618194102],[90.274903516707866,15.634107547344286],[90.32531644585805,15.743830101749666],[90.435462238403431,15.983934698772771],[90.486341103090126,16.094080491318209],[90.607669701448117,16.322113108852022],[90.698182418967008,16.466946464427053],[90.780796111240306,16.604466364442146],[90.801764890867616,16.63840379255663],[90.835702318982101,16.703301235903325],[90.971391806134477,16.979162750413821],[91.038728171173545,17.114852237566197],[91.142776276611016,17.318164153061218],[91.253687125761701,17.532837044345797],[91.301281407487238,17.625238110690134],[91.316813200767001,17.654513102029114],[91.346088192106038,17.70913959026791],[91.496574222716959,17.985137953203036],[91.581022753604827,18.135623983814014],[91.6809572589396,18.31114079010456],[91.856474065230088,18.617248498100253],[91.866744000672441,18.63573992149577],[91.872507029494784,18.646009856938122],[91.894323764916749,18.683859556624725],[92.052982439042012,18.959887356250135],[92.167116165207005,19.156395730062002],[92.241690597251363,19.281565071164835],[92.366859938354025,19.489529800476873],[92.433578031189143,19.600063510350992],[92.474251873359208,19.666781603186109],[92.629407968177702,19.91461944648654],[92.654367479522705,19.954289144354846],[92.794438665485472,20.177167476310046],[92.827007001896675,20.227406285891448],[92.877245811478076,20.302823440380678],[93.031938100781531,20.532861060130699],[93.134799308684251,20.687553349434097],[93.234465556821249,20.840719477214861],[93.387631684602013,21.062731247306203],[93.442040220556862,21.143530686603356],[93.478969741986703,21.197939222558205],[93.643558128964401,21.452398651319868],[93.646277677764431,21.456585215720622],[93.809656462135138,21.708325095682085],[93.846323181001935,21.76001947240627],[93.898017557726121,21.832487377375003],[94.061237465492809,22.055491061039277],[94.174429435817046,22.218710968806192],[94.273122102097318,22.353992297558875],[94.408403430850001,22.538605525789194],[94.490191405060614,22.64730886771946],[94.548417232988129,22.729096841930073],[94.706851505393274,22.941034640510964],[94.918789303974108,23.223696476908344],[94.925659309597847,23.232612709430271],[94.930655924488065,23.23948271505418],[94.968839662922619,23.28953307400252],[95.146374603397874,23.522283288754295],[95.320200376873629,23.749868588178117],[95.367753005909833,23.811290759366216],[95.429175177098159,23.890589954746531],[95.590601429089361,24.098828209310852],[95.715676529763869,24.260254461302168],[95.814112794722973,24.38570271680112],[95.939561050222096,24.545788178376654],[96.038386947549725,24.671814437098476],[96.115701548735274,24.770640334426105],[96.263380450856914,24.957206806915337],[96.449946923345976,25.193641882035195],[96.488499840730412,25.242473290165776],[96.518813070710394,25.281026207550156],[96.717245907828897,25.5241130961914],[96.822207858100626,25.653287142304634],[96.934496193582902,25.791412080674093],[96.945992936660787,25.805751940483333],[96.960332796470084,25.823741545261612],[97.183698716592801,26.078432033675426],[97.379696824431392,26.301797953798143],[97.422460286422279,26.350056336969885],[97.470718669593964,26.404531989294071],[97.649675534063249,26.633226962452966],[97.780905146781777,26.81218382692208],[97.865855680288632,26.927432689351519],[97.981104542718072,27.076067235568928],[98.090305540264467,27.213368702499793],[98.176412875749975,27.322569700046188],[98.315935191900735,27.498124923987405],[98.491490415842009,27.721073048054109],[98.540768102364723,27.783677886647297],[98.57918282147017,27.832955573170068],[98.765060450357339,28.069771411778788],[98.893038862800495,28.234504020128441],[98.977701700711123,28.343341446294176],[98.988316699930294,28.35690103532994],[99.001876288966059,28.37440971497773],[99.211007302810742,28.64459630557343],[99.371101012086626,28.853727319418056],[99.435947297259986,28.930042184248066],[99.512262162089996,29.020962561094962],[99.668819440077073,29.207555914555087],[99.798529832492818,29.364113192542163],[99.895120510960112,29.491640716796098],[100.02264803521405,29.662101518327063],[100.11353541129421,29.783611689585939],[100.18067766309366,29.874499065666043],[100.33064314129064,30.076889832713562],[100.53303390833798,30.353557788258513],[100.54626957474761,30.371649272380694],[100.5558291227232,30.384884938790151],[100.6155099772372,30.467361007689192],[100.76070844273318,30.66759627751901],[100.92364876385523,30.895270811914031],[100.97364279688117,30.965047796494957],[101.04341978146203,31.063751847633455],[101.18978477385355,31.259291692646627],[101.28390545035347,31.405656685038139],[101.39483990370132,31.564622435922786],[101.55380565458597,31.795548842719938],[101.60659614903273,31.863252063715436],[101.64724725520892,31.916042558162076],[101.82848161888501,32.151752466987091],[101.95091705843947,32.313153962015349],[102.03700292649592,32.426428431286126],[102.04969305875773,32.44092690023848],[102.06419152771008,32.456926561686089],[102.2755974078932,32.725408424226885],[102.43933283232127,32.936814304410063],[102.4927344891089,33.018657216135466],[102.57457740083413,33.145822058146962],[102.68874140269861,33.333036175669463],[102.76785615289714,33.447200177534114],[102.89072470494909,33.641438746543088],[103.08496327395807,33.952713531859445],[103.08683796461088,33.955711360005353],[103.08799471883822,33.957586050658051],[103.0927958562292,33.965418632929357],[103.28117641447682,34.271758783263181],[103.40023144797829,34.467971923782102],[103.47306905798854,34.590252012875567],[103.59534914708195,34.798287535771749],[103.6621266901023,34.911580253885859],[103.70097831707642,34.978357796906039],[103.84855162683726,35.231560276661298],[103.85002071005709,35.234072107054942],[103.99700681467107,35.488743670030146],[104.03608906312564,35.558389627110557],[104.10573502020605,35.684136564802202],[104.22761172029601,35.87725284306407],[104.30337940393662,35.999129543154197],[104.4234131557476,36.191837280736536],[104.61612089333011,36.508986937788507],[104.61630586305466,36.509330446553406],[104.61640411708851,36.509515416278134],[104.61671590163428,36.510110424582251],[104.79228386029314,36.843738322438981],[104.88372915667367,37.019901289402185],[104.96030900351315,37.186099052343081],[105.11741491030557,37.521195306377479],[105.12165071645956,37.530287162526122],[105.12329029258632,37.533503636393789],[105.12650676645404,37.539900566783842],[105.29515291569021,37.872026886413835],[105.37458077991306,38.040673035650002],[105.46003897489243,38.217526700335895],[105.60268639036701,38.516852659563028],[105.61906773572139,38.55105890877411],[105.62453253128251,38.563419017069748],[105.63689263957815,38.589231909629177],[105.78720612473614,38.911131296740166],[105.85641952228383,39.06144478189799],[105.94316155892494,39.265561735675249],[106.03012972547771,39.454681867797774],[106.08241296472465,39.571830655022097],[106.102227577468,39.616881590256185],[106.14727851270203,39.73133927212308],[106.24655290252736,39.98294213832088],[106.28905657891187,40.082216528146205],[106.39271411517484,40.327652130618844],[106.39867909788103,40.341201816091086],[106.49847714557313,40.592602401270085],[106.54532634804485,40.70494043905137],[106.65766438582614,40.977801455955159],[106.69463222152967,41.06602043869043],[106.70917765534034,41.102988274394193],[106.74390131610198,41.189225204670038],[106.84127175653504,41.429766776809174],[106.91467358650067,41.613374147518073],[106.98646689318485,41.794957513283293],[107.0809699618585,42.036679723550435],[107.11518197468973,42.12376002064218],[107.12998395707439,42.161826322517641],[107.16805025895002,42.260679548283917],[107.2720472573244,42.530148895391903],[107.31177800984022,42.63414589376606],[107.39960039857738,42.865696033393419],[107.41263857880364,42.899943447036549],[107.50498103502764,43.144531766890168],[107.55228714400562,43.270680754958505],[107.67843613207413,43.609259589294652],[107.69084386130999,43.642509910778188],[107.69544385932824,43.654917640014105],[107.70540590610432,43.681887414044468],[107.82871114485323,44.015028500358881],[107.88408741239789,44.165303513138156],[107.96590989655402,44.388215621782194],[108.00321061985773,44.490078000921756],[108.07125435877037,44.675689386262093],[108.10269034790929,44.76182104355081],[108.18882200519801,44.997933180944699],[108.23917071831619,45.13572654626779],[108.25756933203371,45.186075259386143],[108.2969935019629,45.294246756150869],[108.37548440069372,45.509798737014421],[108.44358406756447,45.69646113251008],[108.51171942057584,45.88394959025635],[108.5894511252726,46.097090252584621],[108.62941323265051,46.206847005634131],[108.64797065764913,46.258084226306948],[108.69920787832211,46.398854056586174],[108.78433456268874,46.63210619439144],[108.81558026021281,46.717232878758068],[108.88254575249573,46.900570752931685],[108.92090265004902,47.005923980155103],[109.00217946803741,47.227618751882176],[109.05755530160508,47.379657201723091],[109.17723034202999,47.705641215590049],[109.18906799153825,47.738004625006056],[109.19453232000069,47.75306605645136],[109.20959375144599,47.794217256596653],[109.33165161074078,48.126332638835379],[109.37693402821714,48.248390498130163],[109.46918174631907,48.499188376381198],[109.47437804298664,48.513174789670813],[109.56520554056499,48.758776371254044],[109.60668239782575,48.872073597998394],[109.7199796245701,49.178296627747557],[109.7446118325613,49.244530036386948],[109.75387390791116,49.269162244378151],[109.77394556760032,49.323128187408543],[109.88263600039784,49.616891741674294],[109.9435078147967,49.779548117502031],[110.020937019786,49.988976595410236],[110.07563418158765,50.135202674519746],[110.13320479116283,50.289933990626139],[110.15805421346437,50.362245274855752],[110.23036549769404,50.552292928927443],[110.29785917148632,50.732826189957962],[110.32339906635974,50.800319863750019],[110.37350168997841,50.943456056034449],[110.42941110886693,51.111660125701235],[110.50297225279439,51.310705736874127],[110.56649389975269,51.484963207939586],[110.6488979584804,51.729238197660493],[110.68107291807178,51.821091609998064],[110.69710769144808,51.86473528936807],[110.74075137081809,51.982043544956412],[110.83756830020013,52.234660553740127],[110.87210384692008,52.331477483122114],[110.95033138178297,52.54105749408717],[110.97502330344014,52.607591423624001],[111.0630667406574,52.841863356246051],[111.11382235862618,52.979178241562067],[111.25113724394203,53.345996905444849],[111.25284934013627,53.350537133175862],[111.25350301957536,53.352249229370102],[111.25492494550048,53.356036930928553],[111.39159288237215,53.722179464064084],[111.44468362081335,53.86263510249421],[111.53050485214214,54.093653367417971],[111.55966801117597,54.171165869728156],[111.6351762857401,54.37302097561809],[111.66912956511413,54.46541452757009],[111.76152311706608,54.713616467887391],[111.80783318569627,54.837096780112006],[111.82542014960654,54.883406848742197],[111.86344164159016,54.985325373266278],[111.94637751525772,55.208938323674317],[112.01581734525757,55.393792721866134],[112.0848318482989,55.580869863757243],[112.16611379650215,55.798383401302146],[112.2054160072488,55.904178594990185],[112.22318612466211,55.952901460517921],[112.27190899019001,56.084757861264563],[112.36137727928519,56.325096179018942],[112.39510684028755,56.414564468114122],[112.46751726246907,56.610172740392954],[112.49957363035492,56.697285701073326],[112.5844400751098,56.924950341238002],[112.63744684675214,57.069798357800096],[112.76747746921944,57.420518820267489],[112.77293814409654,57.43533621436211],[112.77542354504965,57.442207532626526],[112.78229486331406,57.460954429840513],[112.91301274072566,57.815004210074562],[112.9618992677099,57.94572208748599],[113.05073341719958,58.187669406724467],[113.06642318020874,58.229850404380784],[113.15008196511485,58.456107960610098],[113.18805314270139,58.560735554346877],[113.292680736438,58.845243938762735],[113.32545505701034,58.933719513161861],[113.33775205409052,58.966493833734205],[113.36404052423791,59.037853621533884],[113.46258606405513,59.306974379241126],[113.52561909331416,59.476879706858085],[113.59969177290975,59.680254543510273],[113.66031079285392,59.844509763274004],[113.7126749259603,59.987265579982193],[113.73660441100571,60.053727778538587],[113.80306660956205,60.235858122140655],[113.87342222924349,60.427295833424637],[113.89961755825948,60.497651453106073],[113.95525541605014,60.649840259594157],[114.01015769931735,60.800946236474886],[114.08640546024662,61.00803732623018],[114.14669017441781,61.174799634498356],[114.24896013667558,61.453930853343479],[114.27244210478239,61.518423199354061],[114.28324073839462,61.548634943645823],[114.31345248268599,61.632014923440522],[114.41952296895374,61.922738586210244],[114.45873858255959,62.028809072478168],[114.54155781173415,62.256914401526103],[114.55592145496382,62.296725973324442],[114.64458936372125,62.539194945602048],[114.69194955374223,62.671083747669968],[114.82383835581004,63.033415260973641],[114.82817414435567,63.045245030180354],[114.82978441764533,63.049580818726156],[114.83319933736652,63.058941800282639],[114.96401666841109,63.419788379249098],[115.01552178531676,63.559966691850093]]},"properties":{"OBJECTID":19,"Id":19,"Contour":600,"Shape_Length":82.528295868427151}},{"type":"Feature","id":20,"geometry":{"type":"LineString","coordinates":[[-113.62081713153469,87.548102728678032],[-113.46994324491698,87.396806414379114],[-113.31864693061794,87.244255089815908],[-113.21644405709475,87.139919729077292],[-113.11687238833196,87.037716855554152],[-112.96386406125936,86.882113851788631],[-112.80826105749395,86.723004315391222],[-112.71210833201332,86.623483707910736],[-112.61970747704618,86.527330982430044],[-112.46124818035673,86.363957986443381],[-112.29787518436996,86.194615373669478],[-112.21115841046412,86.103661883211885],[-112.12892473606433,86.016945109306164],[-111.96194705477012,85.842487365782006],[-111.78748931124596,85.659246751818557],[-111.7134563115257,85.580592235902373],[-111.64414355133397,85.506559236182056],[-111.46582381182498,85.317838862479164],[-111.27710343812197,85.117049162551041],[-111.21887517470719,85.054401626472838],[-111.16503922450192,84.996173363058119],[-110.97276112119903,84.79012980685701],[-110.76671756499798,84.568172737001476],[-110.72727942151823,84.525225633413925],[-110.69125445528738,84.485787489934069],[-110.48261819530177,84.259500986506168],[-110.25633169187398,84.012776430623035],[-110.23854963691133,83.99318367177267],[-110.2224961836551,83.975401616810132],[-109.99528785066218,83.726059584897655],[-109.88184374400345,83.600913668939711],[-109.75862158185168,83.465015743686081],[-109.75256438601428,83.45839717642184],[-109.74594581874999,83.451128120199314],[-109.51059505734793,83.18998063196409],[-109.29959474414113,82.954629870562144],[-109.26917688925715,82.921012926930871],[-109.23555994562588,82.883671648167194],[-109.02846714738359,82.65133679568055],[-108.84482446341485,82.444243997438093],[-108.78831413864663,82.381103931293524],[-108.725174072502,82.310192869104753],[-108.54882069557357,82.110211501242475],[-108.39408849858444,81.933858124314156],[-108.30987769289277,81.838768630799393],[-108.21478819937789,81.730846800875838],[-108.07154230535122,81.566718145216896],[-107.9471547423816,81.423472251190049],[-107.8337697416344,81.294104835809719],[-107.7044023262539,81.145755010818959],[-107.5965510950208,81.020937609299267],[-107.50382214512553,80.913086378066168],[-107.35988240118144,80.747220430014636],[-107.19401645312996,80.555129013394037],[-107.12372817044547,80.472988787626548],[-107.06388094800201,80.402700504942061],[-106.88812736089807,80.198203724050018],[-106.68363058000597,79.959078887188639],[-106.65299897752124,79.922946234302742],[-106.62716047755168,79.892314631818181],[-106.41841110483301,79.647148233867142],[-106.30711919288422,79.515803244696372],[-106.19363842985848,79.381928758694073],[-106.18423542602096,79.370938039555028],[-106.17324470688197,79.358028559638171],[-105.95056314037402,79.094224452077867],[-105.76350728511881,78.871542885570193],[-105.71732558165405,78.817076137674121],[-105.66285883375798,78.752529274654307],[-105.48455227017644,78.539463576027742],[-105.33606173923943,78.361157012446085],[-105.25221800630936,78.261411966770652],[-105.15247296063399,78.142184136521621],[-105.02031345338077,77.982930646575255],[-104.91116299751462,77.850771139322205],[-104.78883040390446,77.704027822927628],[-104.64208708750999,77.527160702678145],[-104.55775905818041,77.424713295527681],[-104.48867147448675,77.340385266198098],[-104.32708971754238,77.144996763041604],[-104.131701214386,76.907619522648986],[-104.09680566835067,76.86489493910932],[-104.06843726313508,76.829999393074161],[-103.86690402742801,76.584410706908102],[-103.78125741503248,76.479555593720761],[-103.65055418321646,76.31961351995011],[-103.63733758132969,76.303591279882426],[-103.62131534126189,76.284079024090147],[-103.40809145405177,76.022451534036236],[-103.23511356306932,75.809227646826173],[-103.17920521807361,75.740951896890351],[-103.11092946813801,75.65719469895464],[-102.95065056792885,75.459120673911173],[-102.82153907100871,75.298841773702122],[-102.72242931768028,75.176956051035859],[-102.6005435950139,75.026385399917672],[-102.49452749245427,74.894472003137935],[-102.40970101797609,74.788455900578185],[-102.27309733740441,74.605516285063686],[-102.09015772188991,74.391882277618265],[-102.0396265071214,74.328601242222703],[-101.99945327595981,74.278070027454135],[-101.82969608617242,74.028145790047688],[-101.80792108173023,73.995833387294397],[-101.65393754717365,73.767684154330198],[-101.62083211695534,73.726623886140771],[-101.57977184876592,73.675481178817279],[-101.39425184102458,73.442818288947421],[-101.24694608013561,73.25729828120609],[-101.16794368267892,73.158740574169087],[-101.06938597564192,73.035269059228426],[-100.94186334154591,72.874435042177993],[-100.84117086725661,72.746912408082039],[-100.71600340436578,72.589909106234245],[-100.55900010251793,72.392158880978798],[-100.49037427721959,72.305152360256443],[-100.43646831129081,72.236526534958102],[-100.26491583443334,72.020224929918697],[-100.04861422939393,71.74639630226244],[-100.03970751129583,71.735047379932212],[-100.03274594073991,71.726140661834052],[-99.973334534904666,71.650860967344784],[-99.814575957744523,71.449793060359639],[-99.630514661139671,71.215754788710115],[-99.589667241427321,71.164315903552733],[-99.538228356269997,71.099280480402626],[-99.364877329323178,70.878719942532939],[-99.229165221662583,70.705368915586064],[-99.140277742361832,70.592933656370349],[-99.027842483145946,70.450162194497693],[-98.915809954738108,70.307015570869851],[-98.828469972420635,70.194983042462127],[-98.691471925953294,70.020967726530671],[-98.517456610022009,69.799094693171867],[-98.46730138402944,69.734752395330702],[-98.428356179180241,69.684597169338019],[-98.243189974593236,69.448477931642799],[-98.106907668186466,69.274048227502647],[-98.028869375172576,69.174211296214139],[-98.019253060441997,69.162028972670043],[-98.007070736897958,69.146538959797681],[-97.795281061892808,68.875615098095238],[-97.630318222181643,68.663825423090032],[-97.571479031746605,68.589031255117561],[-97.496684863773964,68.493607332673946],[-97.347711876752044,68.302412536988015],[-97.232054256836761,68.153439549966151],[-97.11687417055407,68.022864370062052],[-96.986298990649857,67.874939701719995],[-96.877921547736491,67.751431119755409],[-96.782759413999145,67.643053676842214],[-96.64758329532242,67.471383499045658],[-96.475913117525863,67.25255958623967],[-96.424897586174609,67.183683335069475],[-96.382565658935903,67.132667803718164],[-96.218071981768787,66.880123066351246],[-96.208346307827753,66.86510099401994],[-96.050936333487641,66.622281930594056],[-96.01327929939248,66.574529875603673],[-95.965527244401926,66.513766706460842],[-95.782361678742973,66.295061623129129],[-95.651994922565223,66.111896057470176],[-95.565319403935007,66.001718024812988],[-95.455141371277932,65.861189262505263],[-95.341387522035632,65.715264033588483],[-95.253011739834164,65.601510184346068],[-95.117456902878871,65.428808779621136],[-94.944755498153938,65.208040106691328],[-94.893603389351938,65.142276420024018],[-94.853947956475736,65.091124311222131],[-94.669644013465131,64.855849922787002],[-94.527786642313174,64.674155455381367],[-94.454821666722182,64.580738438098081],[-94.44580011591961,64.569307947208415],[-94.434369625029944,64.554778481759001],[-94.221749485086036,64.282972704917938],[-94.055969215192306,64.070352564974144],[-93.997803856898827,63.996532459981267],[-93.923983751905951,63.902539696321867],[-93.773768047171984,63.710182396584173],[-93.656840870199915,63.559966691850093],[-93.549737995970759,63.423826574661291],[-93.413597878781957,63.250218528865503],[-93.325695695077059,63.137483002431054],[-93.257379467160149,63.049580818726156],[-93.101560554735784,62.851232269648222],[-92.903212005657963,62.597926785743027],[-92.87750164341503,62.564905307844981],[-92.857549139362789,62.539194945602048],[-92.691313316964738,62.327296256908994],[-92.653238942952441,62.278782135183576],[-92.457686032942604,62.028809072478168],[-92.429042921391385,61.992592283620638],[-92.392826132533969,61.946650935402715],[-92.204663425791239,61.706585906096734],[-92.057669194473647,61.518423199354061],[-91.980341829588099,61.420521629176051],[-91.882440259409975,61.29616304988167],[-91.755928840118827,61.134548745521272],[-91.657229006651733,61.00803732623018],[-91.531471292920344,60.848620419595591],[-91.372054386285981,60.645848842385476],[-91.30703413474015,60.562671704651962],[-91.256381119334378,60.497651453106073],[-91.082836771601137,60.276483194666923],[-90.861668513161987,59.993611111286157],[-90.858893117492755,59.990040975651368],[-90.856743509815431,59.987265579982193],[-90.837958655975228,59.963555722795434],[-90.633047729129999,59.70550049088996],[-90.454990603273757,59.476879706858085],[-90.40930927128943,59.418853075606648],[-90.351282640037994,59.346039795711363],[-90.182840576346962,59.134935897425123],[-90.048932697493854,58.966493833734205],[-89.957120470399616,58.850270130248362],[-89.840896766913886,58.702575558975582],[-89.733112217206269,58.563892510317828],[-89.648382797226873,58.456107960610098],[-89.508259839922516,58.27835901447753],[-89.330510893790006,58.051961256452671],[-89.283932145817118,57.992300835458991],[-89.247718435395882,57.94572208748599],[-89.059493441522648,57.706353666629525],[-88.945326474331978,57.560537668028189],[-88.847248271749322,57.43533621436211],[-88.835258064870516,57.420203170157492],[-88.820125020665898,57.40101771069601],[-88.610853826526863,57.134221535377264],[-88.447462882210402,56.924950341238002],[-88.386698560186119,56.847990928593958],[-88.309739147541904,56.750050914169378],[-88.162557829544198,56.561745786111999],[-88.048087407633659,56.414564468114122],[-87.938598995296729,56.27531874723519],[-87.799353274417967,56.097305439476372],[-87.714828651344703,55.988703218063392],[-87.649389072672761,55.904178594990185],[-87.491177089034124,55.701968907249977],[-87.288967401293974,55.442067647682052],[-87.26789829892715,55.414861824232901],[-87.251672488629993,55.393792721866134],[-87.1210354855736,55.225860806145818],[-87.044642264648758,55.1277319853873],[-86.855572752402793,54.883406848742197],[-86.8217974964424,54.840190880469606],[-86.77858152816998,54.784532371317141],[-86.599119092037881,54.552483411750131],[-86.461214682646983,54.37302097561809],[-86.376909556320868,54.264307074343151],[-86.268195655045986,54.12313197590197],[-86.155068004404484,53.975762753135541],[-86.068811989901178,53.86263510249421],[-85.933650546142928,53.68679433827316],[-85.757809781921992,53.456324902895688],[-85.712821664467981,53.397237346824056],[-85.67880799681825,53.352249229370102],[-85.492356501039126,53.107316637128804],[-85.429006110066439,53.023445557514435],[-85.29170305436719,52.841863356246051],[-85.272570331968495,52.816716933075611],[-85.247423908797828,52.783377312760649],[-85.053144780521052,52.525756611399004],[-84.907785847582545,52.331477483122114],[-84.835851244574883,52.232664274221179],[-84.737038035674004,52.095682524080246],[-84.621855194338707,51.936274451333247],[-84.539285784759215,51.821091609998064],[-84.405981871082702,51.641761901465429],[-84.226652162549897,51.3984113860256],[-84.189106883129966,51.348251016294171],[-84.161967530509457,51.310705736874127],[-83.983368944992662,51.067422519316779],[-83.973278270175854,51.053693756124176],[-83.788505371220651,50.800319863750019],[-83.758087134905281,50.758499018270754],[-83.716266289425903,50.700485110614636],[-83.543468857618961,50.462731422433023],[-83.418658812153751,50.289933990626139],[-83.32974540000788,50.166069006920168],[-83.205880416301909,49.992293996321905],[-83.116767610324814,49.86866092347924],[-83.052764654364751,49.779548117502031],[-82.904287679361801,49.570754981318373],[-82.695494543177915,49.276044420623407],[-82.692617232292889,49.272039555263177],[-82.690549296213931,49.269162244378151],[-82.678484525225088,49.25215222642521],[-82.480837275523584,48.973433638908489],[-82.328433261452517,48.758776371254044],[-82.27026232948316,48.673622711824919],[-82.185108670053921,48.549293605104253],[-82.061324765928987,48.372174402254984],[-81.974116371772823,48.248390498130163],[-81.850114668455262,48.072998626604772],[-81.674722796929927,47.827639295958818],[-81.636911965403442,47.775815456532598],[-81.608886329510312,47.738004625006056],[-81.433366588970046,47.496648417046288],[-81.421737792831152,47.480603755980781],[-81.234431842830872,47.227618751882176],[-81.205003101326724,47.186952574361442],[-81.164336923805934,47.132356092594819],[-80.985213802146973,46.896356000417029],[-80.844961215801845,46.717232878758068],[-80.761781275670728,46.609402653769337],[-80.65395105068194,46.475288437237054],[-80.534127511263364,46.326670545052821],[-80.433961811344773,46.206847005634131],[-80.301800247368533,46.048611935823544],[-80.143565177557946,45.867982402703774],[-80.064635777281467,45.775390532786503],[-79.995408140928362,45.69646113251008],[-79.824654565877438,45.504985871066651],[-79.633179304433952,45.297834201782962],[-79.581418895046795,45.237835668773357],[-79.536947047163892,45.186075259386143],[-79.343020790020034,44.965847900675953],[-79.122793431310015,44.710243223461418],[-79.107525397633935,44.690957419938172],[-79.096133683795756,44.675689386262093],[-79.024515685221729,44.577411640173864],[-78.891078796225884,44.39701814822223],[-78.73534567673812,44.165303513138156],[-78.689672553959099,44.088038517365021],[-78.612407558185964,43.945865371503828],[-78.509985685435765,43.757339512764361],[-78.457266592468613,43.654917640014105],[-78.347432184320496,43.409507140755522],[-78.33146384562383,43.373973927451857],[-78.228515013847698,43.144531766890168],[-78.190798526271578,43.055754925680446],[-78.10202168506197,42.853735139256742],[-78.035978258575085,42.700189320253003],[-78.007917247507692,42.63414589376606],[-77.928767475229165,42.460891683933312],[-77.877290294981208,42.348491410722829],[-77.775053303554614,42.12376002064218],[-77.711852601296414,42.003543231283743],[-77.591635811937977,41.774422419277244],[-77.537909563898779,41.667100395557327],[-77.511809137499597,41.613374147518073],[-77.395966887678753,41.417705223258906],[-77.351645049426168,41.342979036905888],[-77.210320973256273,41.102988274394193],[-77.156406561830806,41.027831651377198],[-77.081249938813869,40.925224109521935],[-76.945677992152582,40.728174347931372],[-76.850966386499806,40.592602401270085],[-76.722170351424836,40.441296115535238],[-76.570864065689932,40.272509295612167],[-76.482674152531047,40.170406441305033],[-76.399685050277924,40.082216528146205],[-76.223855357513912,39.918839363198174],[-76.060478192565938,39.781996323230715],[-75.942136497781064,39.690172349807085],[-75.758260548565318,39.571830655022097],[-75.632139965912984,39.489783008551058],[-75.550092319441944,39.442337301376085],[-75.336432925253916,39.358171260834013],[-75.277546099734991,39.33399100160517],[-75.03970644631795,39.245323407684566],[-74.86936693487371,39.231784293342344],[-74.671481693894236,39.203605902598383],[-74.529320573193957,39.19090787377263],[-74.359842609474981,39.230922745617079],[-74.191467105246772,39.233977187074913],[-74.018934700069963,39.307241633441322],[-73.795581059655149,39.348477014607283],[-73.53375172836769,39.571830655022097],[-73.525005651758875,39.588287479835003],[-73.655074995214818,39.935690359877242],[-73.635087250610752,40.082216528146205],[-73.604989786479223,40.178657487679516],[-73.673145808633421,40.428005419582689],[-73.653474132149597,40.592602401270085],[-73.601810147853826,40.685863722177999],[-73.508548826945969,40.780080298451708],[-73.387821107137995,40.713330121077945],[-73.257980119744332,40.592602401270085],[-73.268944150481843,40.352997724805959],[-73.294921154323276,40.295844200768784],[-73.317241822102574,40.082216528146205],[-73.342214394194059,39.915882095394352],[-73.486260815319611,39.594118666648455],[-73.491942583197954,39.571830655022097],[-73.483445520646683,39.546727348722811],[-73.367398776272921,39.202594832571037],[-73.319438185015713,39.06144478189799],[-73.182841690856606,38.876766044863473],[-72.998162953821975,38.593649105473787],[-72.985829263055678,38.563392599540236],[-72.979785155416835,38.55105890877411],[-72.950069732246334,38.502965687198468],[-72.793327796843016,38.245508192629075],[-72.660615913778088,38.040673035650002],[-72.586273230213237,37.942176886134916],[-72.487777080697981,37.814428435031914],[-72.374111384732885,37.643952858491105],[-72.292675360620365,37.530287162526122],[-72.155042327175636,37.352636042924473],[-71.977391207573987,37.13250637876024],[-71.929301563898321,37.067990933077738],[-71.891304657446085,37.019901289402185],[-71.699378753851249,36.787527870000758],[-71.467005334449993,36.516820063040598],[-71.463715158083403,36.512805592644668],[-71.46089755116185,36.509515416278134],[-71.415567562655838,36.458077644483978],[-71.224877931043693,36.241256946560497],[-71.005013670703818,35.999129543154197],[-70.981613011192451,35.974135993287689],[-70.956619461326,35.948045292295603],[-70.735074612336518,35.710288519019514],[-70.523529004953048,35.488743670030146],[-70.488239568752988,35.446737689478937],[-70.446233588201892,35.410436003190682],[-70.232724210053789,35.191867175054313],[-70.02037807829339,34.978357796906039],[-69.981270496494346,34.932935015489704],[-69.935847715078012,34.895647900953065],[-69.720516878237788,34.683302760622212],[-69.499398897349636,34.467971923782102],[-69.468974715239142,34.424459050496978],[-69.425461841953904,34.361802276131129],[-69.241025905509048,34.142021987102964],[-68.99135942582808,33.957586050658051],[-68.947543171045254,33.925118848442764],[-68.91507596882991,33.8863016581343],[-68.713673139397031,33.64860300696688],[-68.427873349899528,33.447200177534114],[-68.414281473262008,33.437608799977966],[-68.404690095705973,33.426194909878404],[-68.20734294097889,33.13416145913726],[-68.075546867599826,32.936814304410063],[-67.981584326569475,32.849534200422681],[-67.89430422258198,32.768527414167806],[-67.697790205877027,32.622942447990908],[-67.528412438669648,32.426428431286126],[-67.453179498084864,32.357167282659077],[-67.383918349457986,32.293320249844271],[-67.165701230258492,32.13425967736157],[-66.977759847133143,31.916042558162076],[-66.923369770709712,31.866205263786242],[-66.873532476333992,31.820399321048569],[-66.644933269863088,31.634255891508985],[-66.364970905229256,31.405656685038139],[-66.363960504046133,31.404842784202003],[-66.363146603209998,31.404184441303244],[-66.345194440453383,31.387704522281638],[-66.097785807068931,31.160631608055212],[-65.852760730085834,30.934680461429025],[-65.838524165591707,30.909507376408442],[-65.830514702312712,30.895270811914031],[-65.80107588346408,30.843585965292107],[-65.653247537556297,30.584398131319801],[-65.540013525815652,30.384884938790151],[-65.467898641146974,30.259361154605017],[-65.34237485696201,30.039850423353528],[-65.258431024623349,29.958442898004648],[-65.172380847381419,29.874499065666043],[-64.999077004705043,29.70741104479896],[-64.831988983837903,29.545261767469356],[-64.740246074820561,29.455856101559561],[-64.646702300986419,29.364113192542163],[-64.47251715300024,29.213199150255832],[-64.321603110713909,29.108982014979517],[-64.137829719639285,29.037500710492793],[-63.995859721516752,28.853727319418056],[-63.90194138284761,28.76300317416036],[-63.811217237589915,28.674736115053236],[-63.643470489319782,28.511088194564195],[-63.472689011489365,28.343341446294176],[-63.38561726281813,28.258555547941853],[-63.300831364465921,28.175403033870225],[-63.128126707263846,28.005660230372257],[-62.953602411249278,27.832955573170068],[-62.871275939918235,27.752125124593704],[-62.790445491341927,27.672204301661623],[-62.614779959445116,27.498235231942886],[-62.438580520613414,27.322569700046188],[-62.358917722847934,27.243711595416073],[-62.280059618217933,27.16511870456776],[-62.139644726969266,27.182154808797463],[-61.875670800576302,27.216572644563769],[-61.769673745093939,27.229642366887219],[-61.557361942537113,27.024495629478963],[-61.339116260614844,26.81218382692208],[-61.298540426784996,26.77293127210703],[-61.259287871969946,26.734700919240311],[-61.039998991079642,26.521086834688447],[-60.816328944325051,26.301797953798143],[-60.782195955321527,26.268503997322455],[-60.748901998845952,26.235820049847803],[-60.524636976592319,26.015677102927668],[-60.297549000727656,25.791412080674093],[-60.267778890051034,25.762149316345074],[-60.238516125721958,25.733212698775787],[-60.011131770571751,25.508410562700305],[-59.782431751273577,25.281026207550156],[-59.755143520904255,25.254012939243864],[-59.728130252597964,25.227123160887913],[-59.499326968962805,24.99944361806115],[-59.270596264967992,24.770640334426105],[-59.244120276314959,24.74426443758523],[-59.21774437947397,24.717854186650754],[-58.989051856464528,24.488946984311497],[-58.761675195378189,24.260254461302168],[-58.734541965394499,24.233071002257532],[-58.707358506349976,24.205710687281282],[-58.480133924478082,23.977093170049898],[-58.255296333345825,23.749868588178117],[-58.226233138324403,23.720608083079753],[-58.196972633225982,23.69102404283251],[-57.972410484379225,23.464044863900824],[-57.751141448233341,23.23948271505418],[-57.721748861835351,23.204320613320817],[-57.686586760101875,23.161837285275453],[-57.498451753665108,22.917231848366896],[-57.329982201202483,22.729096841930073],[-57.254142422058464,22.651155306849489],[-57.176200886977881,22.57074123923519],[-57.002940075498316,22.391971780285644],[-56.835647409868727,22.218710968806192],[-56.752037949208727,22.132488033451295],[-56.665815013853944,22.043250724031168],[-56.501250234982365,21.872889874553607],[-56.342838182772994,21.708325095682085],[-56.25071538601901,21.613038850392968],[-56.15542914072995,21.514157344158036],[-56.000280978731723,21.353087384556261],[-55.851321806411704,21.197939222558205],[-55.750058578091057,21.092923912073104],[-55.645043267605956,20.983683976029681],[-55.503126250198534,20.82947036684152],[-55.383896325358023,20.687553349434097],[-55.266916969085344,20.555293774830716],[-55.134657394481962,20.405365900725997],[-55.022953677559485,20.288871193232524],[-54.916162633703038,20.177167476310046],[-54.789973785161521,20.011465212506494],[-54.624271521357969,19.791917491604181],[-54.57047440964476,19.720578714899204],[-54.530264799781605,19.666781603186109],[-54.326460128966801,19.454207122453283],[-54.113885648233975,19.231921811139955],[-54.076982765960508,19.193298612335582],[-54.041812948842562,19.156395730062002],[-53.827426012826436,18.932469492345547],[-53.603499775109981,18.698002536725028],[-53.578115110317469,18.67139452173069],[-53.553957115080948,18.646009856938122],[-53.328717230920859,18.41040652800325],[-53.093113901985987,18.163379142734868],[-53.079572661729344,18.149165224070771],[-53.066703321945511,18.135623983814014],[-52.830333213924462,17.888018798751716],[-52.582728028861993,17.628037670621723],[-52.581363244783063,17.626602894768951],[-52.580068066711533,17.625238110690134],[-52.525924885236748,17.568434967064888],[-52.332286105111564,17.365294161316569],[-52.09410305527291,17.114852237566197],[-52.083472764615578,17.103721628688447],[-52.072342155737999,17.092041366460933],[-51.83458708222031,16.842221437959722],[-51.608823651666853,16.604466364442146],[-51.585948388650195,16.580474258405843],[-51.561956282614005,16.555255248738604],[-51.337266789408829,16.318769984523215],[-51.124254522102717,16.094080491318209],[-51.088810693392816,16.056840207415178],[-51.051570409489898,16.017627163916472],[-50.913725026870452,15.956235108698706],[-50.751223329711479,15.884041697972577],[-50.541184536365904,15.790122958069162],[-50.440261215952944,15.684617938607062],[-50.343919038244906,15.583694618194102],[-50.190702014802582,15.42379126663343],[-50.03079866324191,15.256574305787638],[-49.941283213934128,15.162824194378004],[-49.855982516030224,15.073308745070051],[-49.691944241217072,14.901777293971008],[-49.520412790117916,14.722054723152723],[-49.304229270886708,14.857125225838956],[-49.044464859813104,15.038870802250983],[-49.010026916993979,15.062465930022256],[-48.786753806420279,14.786195982519644],[-48.633954137440071,14.562922871946114],[-48.573706352625322,14.488857563190891],[-48.499641043869985,14.397886776320661],[-48.332396379699844,14.219781662992261],[-48.175556143138579,14.052536998822063],[-48.081662998153547,13.960129171414565],[-47.989255170745992,13.854317562877441],[-47.838236900782533,13.693169395661414],[-47.696884354498195,13.542151125698126],[-47.583152923425018,13.437867499895162],[-47.478869297621998,13.366629098889916],[-47.279834124070078,13.230800426126052],[-47.063698604833121,13.031765252574075],[-47.017693811137519,12.982554865934446],[-46.968483424498004,12.929864405849628],[-46.771459318235316,12.718403485712713],[-46.58806015342833,12.521379379450138],[-46.525330473446274,12.454146457377817],[-46.458097551373839,12.38202532150234],[-46.27929924041257,12.189791817287414],[-46.113135503753654,12.010993506326031],[-46.033364477574082,11.925340707001965],[-45.947711678249846,11.833304225839811],[-45.79142252252359,11.656896788928293],[-45.652905588076237,11.500607633202151],[-45.549727512427694,11.388205925900365]]},"properties":{"OBJECTID":20,"Id":20,"Contour":600,"Shape_Length":106.99806644478163}},{"type":"Feature","id":21,"geometry":{"type":"LineString","coordinates":[[-51.118128888743058,28.920285798671102],[-51.051570409489898,28.99230387751328],[-50.990156228484125,28.915141500423999],[-50.941575955996257,28.853727319418056],[-50.954219505658102,28.756376415586146],[-51.051570409489898,28.749137788353266],[-51.164021575015681,28.7412761538925],[-51.180181514190565,28.853727319418056],[-51.118128888743058,28.920285798671102]]},"properties":{"OBJECTID":21,"Id":21,"Contour":540,"Shape_Length":0.7881067971038731}},{"type":"Feature","id":22,"geometry":{"type":"LineString","coordinates":[[-32.677678977025892,9.9967319013424003],[-32.665220161595187,9.9819088292609308],[-32.654723941394991,9.9694500138300555],[-32.525991463808737,9.8177625006129006],[-32.430970165869724,9.7057729518623432],[-32.221082707268124,9.4590641407061753],[-32.196264164960837,9.4300930796472358],[-32.167293103902011,9.3963748122034758],[-31.960527957090108,9.1554434143939716],[-31.782522508082195,8.9486782675820677],[-31.724198787963815,8.8813867103962707],[-31.656907230777904,8.804016047548032],[-31.486866429755366,8.6083331954806113],[-31.33856119471443,8.4382923944581876],[-31.248787658298454,8.3360260938136435],[-31.14652135765391,8.219988991005323],[-31.009727384044368,8.0647004949437928],[-30.888713141528115,7.92790652133408],[-30.769767614642376,7.7942743912216201],[-30.636135484529916,7.6448142654673461],[-30.52884511013832,7.5248110226017388],[-30.432460419972188,7.417520648210143],[-30.286881273579638,7.256388986036427],[-30.125749611405922,7.0789384623069509],[-30.044399444159467,6.9884849423325477],[-29.972394618980331,6.9071347750860923],[-29.804441657340476,6.7180568560277152],[-29.615363738281985,6.5107772451759161],[-29.497287404111944,6.5148252361320829],[-29.253235076407805,6.5450061132120823],[-29.104977865157991,6.5492276323512897],[-29.024987459567114,6.4767393075529753],[-28.934990570038678,6.3967489019621553],[-28.767378539888739,6.223962354107357],[-28.594591992033997,6.0473004129312358],[-28.51498213057539,5.9659728902967117],[-28.436376757318556,5.8863630288381046],[-28.260999188450342,5.7095699592978235],[-28.084206118909947,5.5328884663238682],[-28.005657100408598,5.4545261742154594],[-27.92620122229016,5.3759771557141676],[-27.785139156788716,5.1646582447113474],[-27.601462294061832,4.8932333308659963],[-27.582806028041091,4.8655912825901169],[-27.578261484646362,4.8611500437297082],[-27.57382024578601,4.8568472811790002],[-27.319786223558879,4.6115572603630994],[-27.318607106163597,4.6104185490885357],[-27.063434372661845,4.3662024236514867],[-27.057804114480462,4.3608356676476205],[-27.051841766702296,4.3552054094661798],[-26.795069091769392,4.1131848172346963],[-26.553048499537852,3.8871535288836299],[-26.531103801947211,3.8667642339329404],[-26.507258957310171,3.8448195363420723],[-26.265223183338492,3.6222589794175519],[-26.042662626413914,3.4194910903944447],[-25.998021308999341,3.3790749806327653],[-25.948239290885624,3.3344336632181921],[-25.728952627375918,3.1377577891321948],[-25.532276753289921,2.9629851997617607],[-25.455804383206043,2.9005201601780755],[-25.346331875862688,2.8240477900940846],[-25.155286323685402,2.6906523465746091],[-25.021890880165927,2.5836374640607005],[-24.876771139015773,2.4587816581203583],[-24.70650533563537,2.3136619169702044],[-24.601338472125917,2.2238284518860496],[-24.511505007041933,2.1477809589969752],[-24.324108499258614,1.9906725516295296],[-24.098539944534423,1.8032760438460969],[-24.045403944069506,1.7589912336945304],[-24.001119133917939,1.7224034519701945],[-23.86009067767634,1.4339186269638162],[-23.500859739974828,1.3030166499029292],[-23.490733260793945,1.2970373403165922],[-23.488031787614318,1.2955916439017301],[-23.486035884331841,1.2928901707222167],[-23.483657067792535,1.2858139777208635],[-23.360314356943604,0.91292320144845007],[-23.315752397895665,0.78250429759810913],[-23.177559897382025,0.58529178788603531],[-22.980347387669951,0.46891091411083607],[-22.852057982528095,0.40040782961597188],[-22.75422370662119,0.27211842447400159],[-22.678060791711403,0.064019147308727042],[-22.620753043955688,-0.087475919240148414],[-22.564562435535265,-0.23826744864987859],[-22.538970100588131,-0.30727603469205178],[-22.469961514545957,-0.4870213049865697],[-22.305943074384572,-0.58463488161254418],[-22.029371309535293,-0.74865332177387245],[-21.976212232121838,-0.76528991247369049],[-21.959575641421964,-0.7901736658251366],[-21.858770492867166,-0.8494584703286705],[-21.664397687606765,-0.96386124108272497],[-21.44918976829797,-1.0901447304368617],[-21.34234308592994,-1.1521925125299504],[-21.157824366470493,-1.2590391948978663],[-21.019382006599869,-1.3396173063238166],[-20.938803895173976,-1.3863999169044519],[-20.695489104302624,-1.526110277150508],[-20.639873726325334,-1.5579693637465653],[-20.428418022049982,-1.6791784175785551],[-20.370806717700077,-1.7118137636720121],[-20.26888529163773,-1.7694250680218602],[-20.045216201587493,-1.8966091206834221],[-19.918032148925988,-1.9687972635542224],[-19.718744977068013,-2.0805237692879359],[-19.464791445443211,-2.222665771504694],[-19.407646275801994,-2.2546655989187911],[-19.391451924343983,-2.2636165896880129],[-19.362112260517449,-2.279810941145854],[-19.063292508723748,-2.4458430471917154],[-18.897260402677887,-2.5379942874064341],[-18.734302198183627,-2.6272386097755316],[-18.436496362187199,-2.7901968142699616],[-18.404503765097104,-2.8078260498130589],[-18.386874529553893,-2.8175342106434869],[-18.32702639009284,-2.8500449537310146],[-18.073870603882938,-2.9875787617228298],[-17.876488656429956,-3.0947740660026284],[-17.742450745410849,-3.1665447763748489],[-17.492109817763549,-3.3005826873937849],[-17.410257686898603,-3.3447375909865968],[-17.366102783305962,-3.3685587937652599],[-17.220902006601705,-3.4457834640980423],[-17.077289319878787,-3.5221550970907174],[-16.855716910181968,-3.6400273345707888],[-16.743566869006656,-3.6988185193426943],[-16.529767210085424,-3.8109685605179493],[-16.373870706560524,-3.8395082300203853],[-16.345331037057974,-3.8405319379309049],[-16.317562690782552,-3.838736906793315],[-16.239816046794999,-3.8109685605179493],[-15.975922678594884,-3.6699910458570457],[-15.83494516393398,-3.6583818026489894],[-15.681972015414885,-3.6579954119988543],[-15.495754395778704,-3.639773455549232],[-15.324559290809987,-3.6394164796859627],[-15.167848734196411,-3.6542580039043742],[-14.950810248756284,-3.6743317294476583],[-14.814173417685993,-3.6872198230321942],[-14.707951824036627,-3.7047469668685835],[-14.352495495367748,-3.7622606097120865],[-14.303787544561999,-3.7702536131057514],[-14.255773554168911,-3.7629545701248617],[-14.048480640954267,-3.8109685605179493],[-13.869468455117158,-3.8870353441970451],[-13.793401671438005,-3.9193159789174956],[-13.606737081567417,-3.9976331503884239],[-13.510201019971305,-4.0381537821753],[-13.283015798313897,-4.1334110480143522],[-13.150161458009734,-4.1885000933376091],[-12.829492761175175,-4.3213544336419432],[-12.791254888638036,-4.339979397090076],[-12.772629925190017,-4.3547436977403891],[-12.693406114186985,-4.400578244644862],[-12.470599995613725,-4.5297103771895877],[-12.26224405206591,-4.6496678269364793],[-12.159142179676792,-4.7286384343766485],[-11.941353880432928,-4.831740306765937],[-11.806737835788567,-4.8866199636124179],[-11.751858178941916,-4.9089694550459626],[-11.622442289560695,-4.9611561961472148],[-11.443200008320673,-5.0334680092685744],[-11.241472305817922,-5.1147647026899108],[-11.089586228125654,-5.1902401021976061],[-10.858892640385079,-5.3421261798899309],[-10.78214716567652,-5.393186912872352],[-10.731086432693928,-5.4186535611402178],[-10.636254749903912,-5.4369578626799466],[-10.367997443879801,-5.489423064199741],[-10.220700559569934,-5.5176743894903666],[-9.9799096307626201,-5.6117211242066105],[-9.9327009095045469,-5.6301258299553183],[-9.7103146864459404,-5.7168947519046469],[-9.6125634685425894,-5.7547608351105168],[-9.3596819629276524,-5.8525120530139247],[-9.244554577371332,-5.8971378170632534],[-9.1999288133220034,-5.9143918701405482],[-9.0994986983716899,-5.9529421679642383],[-8.8759107640012189,-6.0388798768171341],[-8.6895429401979527,-6.1103002323413875],[-8.5065814766713288,-6.1799364626113515],[-8.2738279571132125,-6.2682270360986081],[-8.1791570670740157,-6.3041928423384093],[-8.136538891855821,-6.3202797509197239],[-8.0231868085803058,-6.3628979261379186],[-7.7612432503098034,-6.4553699824977002],[-7.668771193949965,-6.4804437597237552],[-7.5122627297101872,-6.5194063903776964],[-7.3457413438183039,-6.5502539491303082],[-7.1583853208258574,-6.6055414555696075],[-6.9689704617056805,-6.6838689401416786],[-6.758721510208261,-6.7625617367556288],[-6.6479994477019204,-6.8058745099942826],[-6.6403869650821434,-6.8656713166420218],[-6.6395697878416513,-6.8732837992618556],[-6.6270404493308774,-6.8942427976328986],[-6.539457914660602,-7.2751281393445879],[-6.2225119855615958,-7.2987712614022939],[-6.1376135745779266,-7.3400004293583834],[-6.0949186536432762,-7.340974751451256],[-5.6513470478313366,-7.3595503260084456],[-5.6272277014539327,-7.3601216426765745],[-5.6111090387724971,-7.3675510097043571],[-5.6015352051540503,-7.3836696723858495],[-5.5615321577795385,-7.4493652160603574],[-5.4852614936413602,-7.7520893376973277],[-5.2404737737967366,-7.7704236000431592],[-5.1168418283299388,-7.8299342190014727],[-5.074042917727013,-7.8512566349070312],[-5.0496132725621123,-7.8940555455098433],[-5.0428568931505993,-7.9680404806892966],[-5.0032088702570832,-8.2908084605611521],[-4.9935274981179987,-8.4044414186339509]]},"properties":{"OBJECTID":22,"Id":22,"Contour":540,"Shape_Length":35.245819267427905}},{"type":"Feature","id":23,"geometry":{"type":"LineString","coordinates":[[-88.674597112737047,88.56887447492602],[-88.558406226848206,88.320207395619889],[-88.54712597360907,88.295875427869191],[-88.436757341689429,88.058488601802139],[-88.396032922249049,87.972194827095052],[-88.309739147541904,87.787915680404637],[-88.233482459953393,87.624359416266714],[-88.198206262538861,87.548102728678032],[-88.099460587281385,87.337824168417455],[-88.070702533093367,87.276753470002689],[-87.959002453748042,87.037716855554152],[-87.907641517896309,86.92942861207581],[-87.799353274417967,86.699352184128486],[-87.744458904141482,86.582225352706644],[-87.718928833804512,86.527330982430044],[-87.647010446631555,86.374988154643688],[-87.580922023321818,86.235376360402029],[-87.478307265171964,86.016945109306164],[-87.417182920059076,85.888729590541061],[-87.288967401293974,85.617758827621117],[-87.253352570994252,85.542174066481891],[-87.236697795534667,85.506559236182056],[-87.189476335498625,85.407068170386765],[-87.089065536483758,85.196075227868278],[-86.994642369207611,84.996173363058119],[-86.924634775102277,84.850120116125765],[-86.77858152816998,84.543164143458057],[-86.760134720323151,84.504234297780783],[-86.75145854264747,84.485787489934069],[-86.726691719367693,84.433897681131953],[-86.595092871465454,84.158890273514601],[-86.507926214760857,83.975401616810132],[-86.429954713534471,83.81364255832159],[-86.268195655045986,83.475598966285133],[-86.26477988635304,83.468431512379027],[-86.26316380026185,83.465015743686081],[-86.258516830664746,83.455336919304784],[-86.098965056470206,83.123860469137924],[-86.018094842279652,82.954629870562144],[-85.933106078845015,82.779333573639008],[-85.784779344665935,82.471213560182036],[-85.771764097550772,82.444243997438093],[-85.767177872053708,82.434875907306321],[-85.757809781921992,82.415606225977911],[-85.600647660952347,82.091020245283687],[-85.525084907883752,81.933858124314156],[-85.434051117905653,81.74723091520633],[-85.305240433309109,81.48128877570133],[-85.277168114753408,81.423472251190049],[-85.267352506694692,81.403543653293355],[-85.247423908797828,81.36280698947553],[-85.100086385610894,81.060423901253273],[-85.028794985980085,80.913086378066168],[-84.93273478092118,80.717389632818822],[-84.819532669168609,80.485195138436666],[-84.779219693885068,80.402700504942061],[-84.765240728619176,80.374497811996775],[-84.737038035674004,80.31721066529343],[-84.597240811386825,80.032111856105189],[-84.529152300678902,79.892314631818181],[-84.429115496607722,79.68985129776047],[-84.32747789793757,79.482754494081632],[-84.277881304619427,79.381928758694073],[-84.260829549019661,79.347751372224366],[-84.226652162549897,79.278793580281445],[-84.092050326003459,79.006144722116517],[-84.026042546428073,78.871542885570193],[-83.923138552046908,78.664670622949075],[-83.828726188893427,78.473616911913609],[-83.773028645358181,78.361157012446085],[-83.754049213676865,78.323374088195294],[-83.716266289425903,78.247667532085131],[-83.584477034693577,77.982560394054531],[-83.519391381547223,77.850771139322205],[-83.414759106582324,77.641892449041677],[-83.322980416702876,77.457485266599122],[-83.264574009390799,77.340385266198098],[-83.244857132215316,77.301408550284805],[-83.205880416301909,77.223864307259646],[-83.074470481990431,76.961409327385581],[-83.00909766081088,76.829999393074161],[-82.903924241175332,76.621569695076687],[-82.809871295210712,76.433990271983021],[-82.75240154424614,76.31961351995011],[-82.733192845352278,76.281915217775747],[-82.695494543177915,76.207463390747307],[-82.561972483039654,75.942749706964378],[-82.495046029183754,75.809227646826173],[-82.390586717140081,75.603749599739956],[-82.289063996676532,75.402797100324733],[-82.236437292706228,75.298841773702122],[-82.219024703667685,75.264925740088358],[-82.185108670053921,75.198458795073464],[-82.046937457201466,74.926627113430527],[-81.977142137343208,74.788455900578185],[-81.874696681913179,74.588482015594934],[-81.760123864114064,74.363471094638157],[-81.716552760086472,74.278070027454135],[-81.702290069340961,74.250502755043158],[-81.674722796929927,74.196895554083824],[-81.529330203318693,73.913076747941375],[-81.455296705934302,73.767684154330198],[-81.356212610401315,73.57580846773476],[-81.222661259870733,73.31562261727089],[-81.192665826226175,73.25729828120609],[-81.182955835712221,73.238679369299803],[-81.164336923805934,73.202763900242189],[-81.009092875122974,72.902156456764999],[-80.929396808277374,72.746912408082039],[-80.835089427462606,72.565774031301544],[-80.676198247967648,72.258773732243753],[-80.664662307647063,72.236526534958102],[-80.660971223634931,72.229506362005111],[-80.65395105068194,72.216075961590946],[-80.486188721796964,71.893902990719084],[-80.399342455727776,71.726140661834052],[-80.311286999180652,71.558418840211402],[-80.143565177557946,71.237087786964253],[-80.136267125405368,71.223052840862579],[-80.132494647241742,71.215754788710115],[-80.120296578208695,71.19248618936075],[-79.960576523827285,70.888357569316668],[-79.865028507504007,70.705368915586064],[-79.784763531177589,70.553784688842484],[-79.633179304433952,70.265867118413098],[-79.608791984934555,70.21937036196141],[-79.596074657961481,70.194983042462127],[-79.554427431245358,70.116231169273476],[-79.432221402024652,69.885555071747433],[-79.326366296689287,69.684597169338019],[-79.255486666157651,69.551903934490383],[-79.122793431310015,69.30210101266573],[-79.07853710310053,69.218467624423567],[-79.055251730247392,69.174211296214139],[-78.977993424481895,69.029411289386019],[-78.901092247251938,68.885526607148222],[-78.783264910648711,68.663825423090032],[-78.723430992186593,68.55280198908946],[-78.612407558185964,68.345663227255443],[-78.545496622758151,68.220350485393851],[-78.509969971214161,68.153439549966151],[-78.390484177164808,67.931516168944938],[-78.367171862439136,67.888289372589043],[-78.235643965725842,67.643053676842214],[-78.188572346152853,67.556503015751161],[-78.10202168506197,67.396495269102161],[-78.009638852309081,67.22505063647111],[-77.960135415429988,67.132667803718164],[-77.830392973113703,66.89391064254238],[-77.791733368231007,66.822379486887144],[-77.683413611901869,66.622281930594056],[-77.650889493380078,66.563028249151898],[-77.591635811937977,66.454494622143557],[-77.470950431836684,66.232581437571355],[-77.40567570267018,66.111896057470176],[-77.290756781601942,65.902389214682046],[-77.181059065562295,65.70131931109438],[-77.126519924156639,65.601510184346068],[-77.107770747195957,65.574989375964151],[-77.081249938813869,65.519525193062918],[-76.929419201227176,65.242955048808938],[-76.84651536509233,65.091124311222131],[-76.719565731281534,64.942422645630472],[-76.570864065689932,64.767746423309347],[-76.485055264504467,64.666547239283545],[-76.412515341789231,64.580738438098081],[-76.287845256300955,64.353371374363178],[-76.22110575265026,64.230980125058409],[-76.133373737157967,64.070352564974144],[-76.107393525877114,64.023437231662911],[-76.060478192565938,63.938255900626189],[-75.9264785531808,63.693966331235345],[-75.85338744482641,63.559966691850093],[-75.745376523046957,63.364682488244966],[-75.598889757452014,63.098378256736169],[-75.572004952362761,63.049580818726156],[-75.564151163563906,63.035521974604251],[-75.550092319441944,63.010217608828839],[-75.382314647923408,62.706972617120641],[-75.290006484298601,62.539194945602048],[-75.200370913011511,62.378530478908488],[-75.03970644631795,62.088958534128722],[-75.018300239815574,62.050215278980488],[-75.006540225148512,62.028809072478168],[-74.975433648937042,61.964536275097146],[-74.857939451250502,61.700190194421623],[-74.755381636353093,61.518423199354061],[-74.671947119479682,61.375796653068335],[-74.529320573193957,61.066938195367641],[-74.511714622552063,61.025643276872074],[-74.50418414163795,61.00803732623018],[-74.470539594060654,60.949256347096764],[-74.327408439588339,60.699563586711747],[-74.212302419347566,60.497651453106073],[-74.15502099171249,60.361565161463602],[-74.018934700069963,60.161901416256626],[-73.955358945473847,60.050841334578251],[-73.919171657765446,59.987265579982193],[-73.884141422242465,59.852472302154695],[-73.833771978104721,59.662042428823327],[-73.786249052335734,59.476879706858085],[-73.683815380540921,59.301613153263133],[-73.508548826945969,58.999976402945776],[-73.49627917277428,58.97876348790578],[-73.489225614352847,58.966493833734205],[-73.462199502344845,58.920144509132911],[-73.308196285967881,58.656460501588072],[-73.191901836073157,58.456107960610098],[-73.120107064458352,58.334163849973606],[-72.998162953821975,58.125741294294016],[-72.931911011820659,58.011974029487476],[-72.893584144398062,57.94572208748599],[-72.745104002378582,57.692663136042597],[-72.743524063947575,57.689975104236396],[-72.594857256974137,57.43533621436211],[-72.555033950763345,57.368079344296859],[-72.487777080697981,57.253698124212065],[-72.366412497548936,57.046314924387161],[-72.295902464107655,56.924950341238002],[-72.177828832649936,56.724512716162053],[-72.023695532834722,56.4608687933748],[-71.996571044506766,56.414564468114122],[-71.989210581800592,56.402745093887575],[-71.977391207573987,56.382113220253132],[-71.800699207074501,56.080870595489671],[-71.697914444110154,55.904178594990185],[-71.607893789471746,55.763290139968262],[-71.467005334449993,55.540249230594668],[-71.410455802645913,55.450342253670158],[-71.375311486328428,55.393792721866134],[-71.249442039173914,55.176229426590112],[-71.221814589590622,55.128597593601341],[-71.08095360302741,54.883406848742197],[-71.035222890409386,54.804803419658697],[-70.956619461326,54.668303727861257],[-70.848971186292715,54.48066925065126],[-70.787850592983091,54.37302097561809],[-70.66323568165302,54.156018882167075],[-70.562838912627114,53.979240426919318],[-70.496414070610626,53.86263510249421],[-70.478076647555838,53.830792043140264],[-70.446233588201892,53.774829750090134],[-70.293217382263265,53.505265435308843],[-70.207369423004138,53.352249229370102],[-70.109225299998059,53.178871644449941],[-69.935847715078012,52.868681869092086],[-69.926237020144242,52.851474051179764],[-69.920933111922011,52.841863356246051],[-69.902288009365009,52.808303650533162],[-69.743601830527496,52.523723367672574],[-69.637767433301462,52.331477483122114],[-69.562133834472434,52.194805490603585],[-69.425461841953904,51.944409044563201],[-69.381859685100039,51.864693766851985],[-69.35830289441742,51.821091609998064],[-69.278990959624878,51.674620727669037],[-69.202418318734033,51.533749260093884],[-69.024185075062178,51.201596630641859],[-68.91507596882991,50.995486350499334],[-68.847248997043266,50.868146835536891],[-68.811519414862801,50.800319863750019],[-68.696991141714079,50.582235036634302],[-68.671379616010995,50.533630343444941],[-68.544357508792643,50.289933990626139],[-68.496695970439987,50.197928115892125],[-68.404690095705973,50.018466734492222],[-68.323124167606352,49.861114045601767],[-68.281134619885961,49.779548117502031],[-68.15215273254222,49.527010754338448],[-68.150355151120891,49.523497188963063],[-68.020915258751074,49.269162244378151],[-67.978567214670989,49.184899252289028],[-67.89430422258198,49.017228355970019],[-67.807014897333886,48.846065696502137],[-67.762458217943731,48.758776371254044],[-67.635733678457939,48.50696104225409],[-67.628836559471267,48.493308708143388],[-67.50526225879895,48.248390498130163],[-67.464682221758494,48.167626625829655],[-67.383918349457986,48.00839559708254],[-67.291734835946329,47.830188138517713],[-67.243752634503039,47.738004625006056],[-67.144063685450135,47.498149960998376],[-67.135069600446286,47.476467500893705],[-67.031354306914864,47.227618751882176],[-66.976778224990539,47.124373003225514],[-66.873532476333992,46.933290838663936],[-66.796994796201602,46.793770558890458],[-66.754116020610468,46.717232878758068],[-66.612368311002569,46.468011170965497],[-66.595659666828453,46.4393600692527],[-66.460962349943145,46.206847005634131],[-66.424553948771916,46.1454396600721],[-66.363146603209998,46.044783225166043],[-66.230554384058166,45.829053351661798],[-66.147045289275241,45.69646113251008],[-66.030922135026458,45.518299727569456],[-65.852760730085834,45.251697294338953],[-65.826462194745375,45.212373794726489],[-65.808511959436373,45.186075259386143],[-65.699677435443448,45.032991964743644],[-65.614978635641705,44.913471480706278],[-65.443222032938706,44.675689386262093],[-65.399779925035489,44.618284318188614],[-65.34237485696201,44.543629174615432],[-65.178663801995413,44.329014568104753],[-65.052248686822679,44.165303513138156],[-64.953767615207028,44.043524881769144],[-64.831988983837903,43.894189868799231],[-64.762134150407007,43.724772473445],[-64.733020371011605,43.654917640014105],[-64.656908785003225,43.47983744117937],[-64.608444087997043,43.368076662730857],[-64.510892580493476,43.144531766890168],[-64.475369476170783,42.990765401433293],[-64.321603110713909,42.729146357157845],[-64.194580970122161,42.761168034357809],[-63.988939598386764,42.81186825456291],[-63.811217237589915,42.857340940321762],[-63.70725233033653,42.738110801019559],[-63.616818427240162,42.63414589376606],[-63.466995576315753,42.467981681916342],[-63.300831364465921,42.282733246541909],[-63.226079403181814,42.198511981926231],[-63.160052992147143,42.12376002064218],[-62.983781006526442,41.930424505457495],[-62.790445491341927,41.716888690612109],[-62.741502491623123,41.662317147236877],[-62.697886481055718,41.613374147518073],[-62.498059090506672,41.395374675229391],[-62.280059618217933,41.155659935209314],[-62.255084245946648,41.127963646665307],[-62.232724774794463,41.102988274394193],[-62.011094489398261,40.861567530089758],[-61.769673745093939,40.596385239893436],[-61.76814629271388,40.594129853650145],[-61.767117406323052,40.592602401270085],[-61.761455895563643,40.584384551739788],[-61.559832516679649,40.292057756560496],[-61.415999902909164,40.082216528146205],[-61.367463840572213,39.974040559543823],[-61.259287871969946,39.857421152013728],[-61.124128958632753,39.706989568359404],[-61.003695706319604,39.571830655022097],[-60.888138166631791,39.432594487236258],[-60.748901998845952,39.262699840463938],[-60.658543334818148,39.151803445925907],[-60.585792745798926,39.06144478189799],[-60.421132505930643,38.878828401689418],[-60.238516125721958,38.674606616686503],[-60.180357499257696,38.609217535238372],[-60.129038003049402,38.55105890877411],[-59.939473330496583,38.339715830875548],[-59.728130252597964,38.102185844280939],[-59.699245977240821,38.069557311007316],[-59.673873138759291,38.040673035650002],[-59.458824640104638,37.799592775019391],[-59.241549359285557,37.554092142337652],[-59.220471176574051,37.530287162526122],[-59.2191807173553,37.528850824644792],[-59.21774437947397,37.527239494289915],[-58.97921666034739,37.258429008528765],[-58.769174304752312,37.019901289402185],[-58.740017026079556,36.987242769672605],[-58.707358506349976,36.950381341955108],[-58.500733790122752,36.716140132505302],[-58.319827844564486,36.509515416278134],[-58.262076276172479,36.444411773331581],[-58.196972633225982,36.370466540598898],[-58.023497985903418,36.172604190476591],[-57.872512855221316,35.999129543154197],[-57.785416068958511,35.900300234297561],[-57.686586760101875,35.787324780805193],[-57.54756787968546,35.627762550446505],[-57.427316389214354,35.488743670030146],[-57.310103077578162,35.354841479429922],[-57.176200886977881,35.200758586086295],[-57.07300607905438,35.081552604829596],[-56.984301033015527,34.978357796906039],[-56.836182690557848,34.807990120202248],[-56.665815013853944,34.610622220057905],[-56.59985758131171,34.53392935632445],[-56.543526599289294,34.467971923782102],[-56.363705121855219,34.259695942656776],[-56.15542914072995,34.016759512604267],[-56.128166660411182,33.98484853097699],[-56.10503556106147,33.957586050658051],[-55.892713356384547,33.709915961879574],[-55.806528430271328,33.608685340199486],[-55.668968386254505,33.447200177534114],[-55.657904156154586,33.434339288985541],[-55.645043267605956,33.41928514748713],[-55.423136657749126,33.158720914267064],[-55.23543264641205,32.936814304410063],[-55.189016400509615,32.882455298382411],[-55.134657394481962,32.818357067276054],[-54.955087732853201,32.605998092914717],[-54.804259831020431,32.426428431286126],[-54.723715071406673,32.326984881237536],[-54.624271521357969,32.192475670117972],[-54.506790842687394,32.033523236832593],[-54.413148732222396,31.916042558162076],[-54.276465738076354,31.753462468319697],[-54.113885648233975,31.558791339928803],[-54.044287274392445,31.475255058879668],[-53.986675506661754,31.405656685038139],[-53.812356510158338,31.196799949989781],[-53.603499775109981,30.944930370274619],[-53.581015323729389,30.917755263294623],[-53.562529503341523,30.895270811914031],[-53.364481284766669,30.656252321570946],[-53.349818246665961,30.638566467234],[-53.140826759079687,30.384884938790151],[-53.119187595106553,30.358811245669472],[-53.093113901985987,30.327193150767755],[-52.888721630303223,30.078891337348864],[-52.721513748627956,29.874499065666043],[-52.658827260158887,29.79839983436932],[-52.582728028861993,29.705440583546817],[-52.42921892777548,29.517622293628676],[-52.304511753837915,29.364113192542163],[-52.200070160946268,29.236385187333894],[-52.072342155737999,29.079229580857998],[-51.971312627836255,28.954756847319857],[-51.889795894085069,28.853727319418056],[-51.742903846269542,28.672779755762519],[-51.561956282614005,28.448559013815952],[-51.465535760989724,28.439761967918344],[-51.477359123414203,28.343341446294176],[-51.287331435170756,28.107580420613317],[-51.130507454147903,27.911892617828187],[-51.067207401042197,27.832955573170068],[-51.060227938081994,27.824298044578086],[-51.051570409489898,27.813496869778191],[-51.041949049069956,27.82333421275024],[-51.032669808304775,27.832955573170068],[-50.791927455830546,28.083698492634824],[-50.628725150324215,28.255800832335865],[-50.545684419903182,28.343341446294176],[-50.546503258457562,28.34866016838572],[-50.541184536365904,28.348134971885372],[-50.53907107039862,28.345454912261573],[-50.537414234542609,28.343341446294176],[-50.523469200360012,28.325626110288169],[-50.314189838732602,28.059950270803483],[-50.136429360509055,27.832955573170068],[-50.08994228354635,27.773811952865572],[-50.03079866324191,27.698122574357853],[-49.866167376002636,27.487200987285348],[-49.738390683843932,27.322569700046188],[-49.642959748195779,27.200022741968382],[-49.520412790117916,27.041764950089146],[-49.420270181337969,26.912326435702084],[-49.343214994201048,26.81218382692208],[-49.198087219720719,26.62412352419534],[-49.010026916993979,26.379102805604646],[-48.961424472778276,26.350400398013733],[-48.880348224616682,26.301797953798143],[-48.642105712842863,26.159333284825209],[-48.499641043869985,26.072832581470777],[-48.378110510920749,25.912942613623272],[-48.28620900111224,25.791412080674093],[-48.160559771965723,25.620107479454362],[-47.989255170745992,25.385317156040855],[-47.937340596944409,25.332940781351795],[-47.924496080180404,25.281026207550156],[-47.80383721667755,25.095608253481714],[-47.748990795937573,25.010904709234524],[-47.589722690928625,24.770640334426105],[-47.530316776535358,24.719192855512745],[-47.478869297621998,24.606140700004801],[-47.327790629552453,24.411333129371712],[-47.211095954222458,24.260254461302168],[-47.077291989204241,24.151445896595988],[-46.968483424498004,23.946129564909938],[-46.883040763375163,23.835311249300958],[-46.817413046730962,23.749868588178117],[-46.552648110188272,23.655318029363741],[-46.458097551373839,23.622240394279402],[-46.261670171724347,23.553441208528511],[-46.174830089590955,23.522750176837178],[-45.947711678249846,23.443973234621978],[-45.809584218011707,23.377610175292375],[-45.61208670302085,23.23948271505418],[-45.539517183223438,23.137291336956594],[-45.437325805125909,23.051178608560406],[-45.194097598409087,22.972325048646951],[-45.17129681433272,22.973453724260878],[-44.926939932001915,22.929105834419943],[-44.769186445088906,22.886850328843252],[-44.462580847619336,22.775123630671487],[-44.416554058877921,22.76076272204017],[-44.39847975319816,22.747171147609947],[-44.387858422586078,22.729096841930073],[-44.338814011063846,22.651356794116055],[-44.227514424801598,22.407750602882402],[-43.920190896522058,22.23273367957421],[-43.906168185753927,22.222714773554003],[-43.903869083330392,22.221010071229671],[-43.902529434244229,22.218710968806192],[-43.896457611997448,22.209000395049713],[-43.745782384848326,21.8687108965878],[-43.455079548958281,21.708325095682085],[-43.427534786768661,21.676572621543414],[-43.395782312629933,21.639880937131693],[-43.19830624906615,21.395415286121874],[-43.060632338516371,21.197939222558205],[-42.984822698819642,21.098512963244332],[-42.885396439505939,20.967936500642907],[-42.755413993319678,20.817535795620302],[-42.643342785410937,20.687553349434097],[-42.518689583213074,20.543874332602968],[-42.375010566381945,20.377879267706419],[-42.289101193761894,20.263076848930211],[-42.242598975088299,20.177167476310046],[-42.091736195367389,19.950055974200666],[-41.980166821821967,19.782323731750125],[-41.903333251480603,19.666781603186109],[-41.886002782845253,19.645403513598808],[-41.864624693257952,19.626163157438782],[-41.621943783012512,19.399076640307612],[-41.431062154347956,19.156395730062002],[-41.400792712457473,19.109841837738713],[-41.354238820133958,19.038465999598372],[-41.171159214067416,18.82908946300455],[-41.011486297018905,18.646009856938122],[-40.933191135674861,18.556671668273111],[-40.843852947009964,18.454517981246795],[-40.695235270719479,18.284241660104499],[-40.56579704352032,18.135623983814014],[-40.457316171060256,18.011774886639785],[-40.33346707388597,17.870086674851621],[-40.219384579213852,17.739320605362138],[-40.120060956770544,17.625238110690134],[-39.981425530352908,17.466893781099088],[-39.823081200761976,17.28567696924182],[-39.731542779410972,17.20639065891703],[-39.625839164124727,17.114852237566197],[-39.447246009084097,16.980301556120082],[-39.312695327637982,16.845107059751854],[-39.196626918724689,16.720534773355382],[-39.088664642204265,16.604466364442146],[-38.950303217369651,16.45647260158654],[-38.802309454513988,16.29791617088955],[-38.604241279679684,16.406398189607842],[-38.348118551375364,16.548271394456719],[-38.291923581389881,16.579298036167643],[-38.07033434998425,16.315669722723896],[-37.88438608638711,16.094080491318209],[-37.890521785359738,15.985096414224245]]},"properties":{"OBJECTID":23,"Id":23,"Contour":540,"Shape_Length":91.658941051609986}},{"type":"Feature","id":24,"geometry":{"type":"LineString","coordinates":[[0.51920030515958615,-12.509325932751494],[0.78885451955011376,-12.487528403625902],[0.9910871614597454,-12.470826915927546],[1.0077886491580443,-12.470156783438142],[1.0419407836158712,-12.453376269168132],[1.3374774592519429,-12.30683134059575],[1.518174522282095,-12.219608660135179],[1.6892909853796709,-12.148258993599597],[1.972288325841248,-12.033414600066862],[2.0285603954060321,-12.010317506264585],[2.0600974160926739,-12.008679551188493],[2.5297054067062845,-11.986383392325649],[2.5389462685300828,-11.985907496694665],[2.5472616000046742,-11.985457861976499],[2.713756050125653,-11.977142530501908],[3.0334992468793871,-11.961309635727275],[3.0493321416540198,-11.960591095737755],[3.0667302399340883,-11.959744432221839],[3.518780615652247,-11.936205131376141],[3.5597180147780705,-11.934227171006853],[3.5983043957831455,-11.938556149496833],[3.717017390830847,-11.977142530501908],[3.9816578621016561,-12.065588556302259],[4.0701038879020075,-12.074375167963467],[4.1624131047966557,-12.069451747396499],[4.5052727127877006,-12.052359578740152],[4.580489761026115,-12.048374243103069],[4.646378862663596,-12.043031632139503],[5.0572279811378849,-12.010790183514018],[5.0908756341501658,-12.008075007660977],[5.1194440372532313,-12.005710933605087],[5.4739187099040691,-11.977142530501908],[5.5918311377974987,-11.967712161025304],[5.6012615072741028,-11.966976328406588],[5.6123178305876991,-11.966086207188312],[6.063692664576763,-11.929187814680574],[6.1116473803981535,-11.925337470666818],[6.168095891811106,-11.920694019088899],[6.5351049498263478,-11.890214226806279],[6.6220332535220905,-11.883075797031893],[6.724660353664774,-11.874515430359281],[7.0062010619081434,-11.850924465763967],[7.1324191266459707,-11.84040504821138],[7.2816627986187541,-11.827898858529238],[7.4771810011710045,-11.811518531902834],[7.6428049997700782,-11.797639170213984],[7.8386254419840498,-11.781322088287936],[7.9482716706077099,-11.772223328215603],[8.1531908728939584,-11.755135260428631],[8.3949890074681548,-11.735344395927882],[8.4197659387510271,-11.733331723234869],[8.6635767460180659,-11.713349286121797],[8.8920495249989244,-11.695229436358829],[8.950151175273902,-11.690568101246015],[9.1739626191420029,-11.672787692934889],[9.3654930312379747,-11.658287069473715],[9.5033921556633345,-11.647712993980633],[9.6843484922660537,-11.633988182224641],[9.8404599603692304,-11.622868125481148],[10.054026425800885,-11.607464596967134],[10.194734365389991,-11.597425019320838],[10.317296259812508,-11.589318551800375],[10.601565419204803,-11.570311476687095],[10.705120238514041,-11.563452899977847],[10.796258349919526,-11.557894768783342],[11.145886126992252,-11.536376642023811],[11.215506111637978,-11.532126326699654],[11.277382443982447,-11.528632989722212],[11.687424430216083,-11.505224211923803],[11.725891984762029,-11.503049858730947],[11.760352821208357,-11.501217493824129],[12.227200210494345,-11.475834304769478],[12.236277857886137,-11.475350524217333],[12.244452964276377,-11.474931763768154],[12.396451135996585,-11.466756657377914],[12.72874623451537,-11.448839160883324],[12.746663731010074,-11.447832156513471],[12.766778913241922,-11.446641475145952],[13.212688248484824,-11.42239530172867],[13.257049604134124,-11.419742376217414],[13.307979626234783,-11.415826635277199],[13.68955310771662,-11.388874287836359],[13.767435477258061,-11.382804686868781],[13.85613585618006,-11.378056278455915],[14.175349346351027,-11.364284653346886],[14.277821350382112,-11.358677221783978],[14.390249183870594,-11.354328823889432],[14.668038587092155,-11.34658802096402],[14.788207223506049,-11.341834498376841],[14.906238538425214,-11.348725342458863],[15.202446982164076,-11.370610542911891],[15.2985930966301,-11.376390581655926],[15.386359522894168,-11.378990231113789],[15.733839715072975,-11.391617402696909],[15.808978969754037,-11.393872273363513],[15.876907004779525,-11.398828622352426],[16.282745004632261,-11.430136819131974],[16.319364842878144,-11.432829674064237],[16.3496423647548,-11.436479135501145],[16.601394880571149,-11.466756657377914],[16.805857122706811,-11.490650250673127],[16.829750716002025,-11.493442177976931],[16.861467800521154,-11.49847374189693],[17.246523342543298,-11.560369903960634],[17.340136589126132,-11.57514640813821],[17.475506601070947,-11.602126669322843],[17.674700265710953,-11.642578853917144],[17.850522462250012,-11.677292907483263],[18.092856805285862,-11.734808187466115],[18.126222229080895,-11.742456424208683],[18.36090833537412,-11.79743088910493],[18.485808662064926,-11.852242203811102],[18.661466669803474,-11.977142530501908],[18.783753270362581,-12.064683468637327],[18.871294208498,-12.101548341595276],[19.045816438506222,-12.151664760510187],[19.170551252271878,-12.188271359852138],[19.381680081622108,-12.247835601595227],[19.564780342237725,-12.304428143010284],[19.769710095862138,-12.365172544741938],[19.892065954746045,-12.402265562765024],[19.956324868599836,-12.42326948977211],[20.161437193649931,-12.487528403625902],[20.345439913033374,-12.544540318462452],[20.402451827870095,-12.561520724264369],[20.510753256639703,-12.595829832395566],[20.732746122718652,-12.667619981901282],[20.912837700994032,-12.723580503098162],[21.119614504907872,-12.791137472836056],[21.260677197445204,-12.835367900077188],[21.423223574118083,-12.887430723637408],[21.506428012319304,-12.914709838548731],[21.770912832837382,-12.997914276749896],[21.894825603991649,-13.036698120000381],[21.93360944724202,-13.048374544686169],[22.007343742520561,-13.071648572028437],[22.281854133815557,-13.160055463300466],[22.443995320366071,-13.21028565931681],[22.67031437508416,-13.281981095155743],[22.75334084227319,-13.307259798657014],[22.954381193490008,-13.369766187004586],[23.059700848225873,-13.402980495137967],[23.407152514871996,-13.508300149873889],[23.451367474341509,-13.521699742146382],[23.464767066614115,-13.525611430965],[23.489278022355961,-13.532811105615849],[23.844236372403373,-13.639216717208512],[23.975152939737995,-13.677019463078409],[24.21220213695841,-13.745349347094248],[24.240239701977998,-13.753599260757937],[24.485538812862103,-13.823126382945588],[24.638238953336156,-13.865985882523773],[24.919077283047272,-13.941838620059173],[24.995924685985983,-13.963054382010853],[25.039689255867131,-13.974921453116849],[25.207449721543071,-14.018686022997883],[25.444211301978896,-14.080785280129078],[25.506310559110091,-14.096492981721326],[25.609513213267519,-14.121888677155368],[25.852396016922512,-14.182986438309399],[26.016696432233971,-14.222833695299926],[26.264927900867804,-14.280840427488215],[26.282893581666315,-14.284883172430114],[26.527082305358078,-14.341150214186371],[26.681155203169624,-14.374998998310332],[26.937629115547338,-14.429232833187257],[27.037468178481959,-14.450872651080488],[27.102407194448347,-14.464132880155603],[27.432988482960411,-14.52907189612182],[27.52882944658279,-14.548096501145153],[27.547854051606066,-14.551739684157667],[27.575417175005953,-14.556635019521764],[27.960520384413144,-14.626791436438737],[28.058239924730003,-14.643955002627024],[28.195035038937363,-14.66586701032918],[28.398372794601471,-14.699324899374517],[28.568625797854054,-14.726314389936192],[28.794118882219607,-14.75456498048743],[28.846710247962278,-14.761373319137704],[29.079011670978161,-14.790200465692521],[29.301277390666314,-14.817192049557661],[29.375821776236933,-14.825882001380592],[29.589397544102042,-14.851594269730413],[29.760058008370208,-14.868797304977761],[29.947196261100714,-14.88687061312055],[30.099783417226149,-14.902134181279223],[30.227014669439939,-14.912226517031911],[30.503924339527885,-14.933212818423783],[30.610169290350029,-14.941585434606111],[30.702755407351106,-14.946871652244965],[31.046637600368229,-14.965540206139963],[31.120555163474137,-14.969738182135757],[31.187966569202217,-14.972046363517734],[31.576019420960847,-14.984536153608587],[31.630941036598074,-14.986409225641978],[31.683419333976246,-14.986979471867755],[32.092785588124855,-14.990916447648715],[32.141326909722125,-14.991442611496836],[32.189968768795723,-14.990815910172216],[32.59763022719369,-14.985375213593613],[32.651712782846062,-14.984679066491424],[32.708568781509655,-14.982601770582392],[33.091538430771436,-14.968897544047195],[33.162098655970112,-14.966315521880404],[33.244106408446214,-14.957450016769826],[33.556992847278309,-14.923966087430188],[33.672484529094049,-14.911450239678231],[33.811841522679742,-14.900100775660292],[34.026449348083872,-14.8830367151117],[34.182870402217929,-14.870243910790805],[34.371928145611946,-14.850400025852082],[34.4919274714793,-14.838128965383078],[34.693256275342037,-14.816869080542119],[34.948410006785366,-14.784225627564979],[34.948500377292532,-14.784213667295376],[35.203642148465917,-14.751315459177533],[35.396872413734286,-14.722302161390076],[35.543635007513842,-14.699464910198174],[35.714028021590025,-14.67363662500253],[35.885546120505353,-14.700589995037149],[36.031305713658185,-14.722180077177882],[36.224413894714132,-14.753183129239403],[36.40767794634661,-14.712335947754468],[36.608996623497262,-14.654875040462798],[36.734799767838012,-14.623812805177351],[36.80984609456732,-14.604118222851184],[37.161470711862478,-14.52907189612182],[37.231165867653772,-14.515052122813643],[37.24518564096212,-14.512103495905137],[37.267043775230377,-14.50721376185362],[37.650329586336966,-14.423829968372843],[37.755571514086,-14.399910809566165],[37.925051718077953,-14.359591692130039],[38.064218580574448,-14.327333089486274],[38.265957387210108,-14.278565112249908],[38.468992853834209,-14.221721489622155],[38.627006247533359,-14.168023035798626],[38.776343260333988,-14.122110418368777],[38.858398516245757,-14.100741278909481],[39.230757822717067,-14.018686022997883],[39.276938605196221,-14.008895494736123],[39.286729133458095,-14.006604752543183],[39.303810402897852,-14.001604753558127],[39.671973381391069,-13.893544397806977],[39.797115006582032,-13.85699532050694],[40.010030345256723,-13.805770684323193],[40.078500942898359,-13.789686086190159],[40.307500879706083,-13.733762169644535],[40.483039188152588,-13.683838458320452],[40.707896367130559,-13.618290535573465],[40.81788675283002,-13.586660843018308],[40.878849019420556,-13.569262416464426],[41.088152434712811,-13.508300149873889],[41.274955341613463,-13.454982865533282],[41.328272625954071,-13.440691243718334],[41.419486259192411,-13.417086516635493],[41.68354150300172,-13.353183153797602],[41.838658499078008,-13.311181863515969],[42.082803283289991,-13.242059060961822],[42.113744263452134,-13.233214385499764],[42.349044372202059,-13.166311188816621],[42.480891507943738,-13.129761412491575],[42.822886773119137,-13.034457748956868],[42.859430245326166,-13.024304285956532],[42.880186195248712,-13.018670226672441],[42.956542915724242,-12.997914276749896],[43.281659500481112,-12.909757658781132],[43.369816118450103,-12.885866612917368],[43.52208150467925,-12.845648890520806],[43.68485078865632,-12.802563073832175],[43.880201991574154,-12.751045805960132],[44.089670172304523,-12.69699658435627],[44.212645119879653,-12.66547114844434],[44.390587864698091,-12.619678497152677],[44.495882536655756,-12.592823075583681],[44.897298026098213,-12.491204115349717],[44.900973737822142,-12.490269456632348],[44.903164389768733,-12.489719055572607],[44.911879572181306,-12.487528403625902],[45.312088105878388,-12.388256898558268],[45.411359610946079,-12.364676848355543],[45.570891361066799,-12.327996653505068],[45.726761587280407,-12.29254450683618],[45.921745484069959,-12.247423607348424],[46.169856238349155,-12.225253284781047],[46.185409343044171,-12.223864544651803],[46.432131357194066,-12.201820999989138],[46.616190044664222,-12.161201217972121],[46.794451648408938,-12.125208112410974],[46.942517230317947,-12.093521703190959],[47.038386587441096,-12.073011887624943],[47.449805502488175,-11.980240131455901],[47.452903103442054,-11.97956470669709],[47.454870402768677,-11.979109829828474],[47.463546586704808,-11.977142530501908],[47.871302682116379,-11.885156236052239],[47.963288976565991,-11.86481655305829],[48.107562829847041,-11.832868677220915],[48.288737715359957,-11.79220539617171],[48.473674849690042,-11.751567783563871],[48.70700598438043,-11.700087792068246],[48.762755520781639,-11.688061859410254],[48.984060722813979,-11.639626952357162],[49.125720183972362,-11.608416118536127],[49.415063703907947,-11.546139549408053],[49.49444659593803,-11.528794940231762],[49.542431788335932,-11.514741849775817],[49.666349265869826,-11.466756657377914],[49.910788476639652,-11.372712664955486],[50.004832469062137,-11.346688856854939],[50.155879275812197,-11.315709850627741],[50.328217863293901,-11.279756178485684],[50.515218342186017,-11.241742070216844],[50.751837314795694,-11.192989756863483],[50.798308650074091,-11.183666349489954],[51.025604215310125,-11.13725328924545],[51.175384241246661,-11.106150810190513],[51.439665090346125,-11.052695782341743],[51.535990088434062,-11.032871176570382],[51.599214083678362,-11.019594779498163],[51.9079528876685,-10.95637078425392],[52.022976800896231,-10.932971623592039],[52.046375961558113,-10.928381316588457],[52.081460749426697,-10.921285996385279],[52.447007245440318,-10.846616195012189],[52.55676183468205,-10.824533112486733],[52.723496534149604,-10.789636084786309],[52.869426993541651,-10.758650069989585],[53.0671477078061,-10.717584483306041],[53.2906747924971,-10.669511995820926],[53.370954260763597,-10.652564231296424],[53.577533580930037,-10.608424782595307],[53.710473228704188,-10.578924558903964],[54.023484926460753,-10.510419438723261],[54.087919454054088,-10.496192149859098],[54.128748049330511,-10.486813506406293],[54.307969728415344,-10.445984911129926],[54.542528381714249,-10.390207965665979],[54.598305327178025,-10.373419167399902],[54.703473656304254,-10.340816582003697],[54.926238372973557,-10.263532083801351],[55.108691200302133,-10.21271786845665],[55.332050694276688,-10.158958531980488],[55.416039491461333,-10.138636619970612],[55.619077073426013,-10.089667961574946],[55.741966929876071,-10.058488894455877],[56.0980033874215,-9.96705859713461],[56.12946294655012,-9.9590374418346528],[56.147964084971363,-9.9541001764271186],[56.216034583560486,-9.9355990380059325],[56.549687656987999,-9.8454378753198171],[56.639848819674,-9.8205744583393653],[56.801675440835879,-9.7737724168441673],[56.946985365521812,-9.7323497107296362],[57.150234692798108,-9.6728779176246462],[57.34013318265886,-9.6151116547425204],[57.530346327393374,-9.5554874034105524],[57.660620565921988,-9.5152915109285345],[57.728966506622896,-9.4935591055827331],[57.936875118476337,-9.4252131648819386],[58.113124130564188,-9.3673308564001445],[58.171006439046096,-9.3476248518666125],[58.290166330163629,-9.3060532737644053],[58.492817975242815,-9.2366388279546641],[58.681392312169976,-9.1695564426461829],[58.868492297578257,-9.101927277166169],[59.086539604397274,-9.0200658726546976],[59.191778185294083,-8.9812376150067053],[59.240172661106214,-8.9632217675700758],[59.365270419731701,-8.9148272917579447],[59.607839503023513,-8.8205027363633803],[59.70216405841802,-8.7823504134987616],[59.925001355362951,-8.6919899948130706],[59.971261902845981,-8.6735392630617412],[60.212549931542071,-8.5734814874035692],[60.332117725079911,-8.5240092121717339],[60.610416800122266,-8.4044414186339509],[60.68890987095341,-8.3704154849211818],[60.722935804666008,-8.3551060857703874],[60.812107613478531,-8.3152696098214278],[61.042606892580466,-8.213726633424244],[61.233321677790059,-8.1265947033061252],[61.393419284123013,-8.0541531518429679],[61.735068154507019,-7.8940555455098433],[61.740929879341934,-7.8912778739377814],[61.743707550913996,-7.8899165289836901],[61.75039233868921,-7.8873707577348],[62.111263362098214,-7.7512254835700674],[62.254093424038047,-7.6962019685877294],[62.386902650322611,-7.5164788986704707],[62.457658060986091,-7.3836696723858495],[62.560531036975362,-7.1797214121991715],[62.764479297161984,-6.9230323627214148],[62.796295070211499,-6.9050995723113715],[62.851578189809004,-6.8732837992618556],[63.119345827607674,-6.7177644565835521],[63.274865170286091,-6.6256839506662004],[63.440394730001742,-6.5284274858536264],[63.716869056176904,-6.3628979261379186],[63.759491972810395,-6.337138855538285],[63.785251043409971,-6.3213014177561035],[63.892000252077764,-6.2561487174701256],[64.07665487267775,-6.1439158822816466],[64.295636916534079,-6.0085128721162846],[64.392279729001928,-5.9491548654818303],[64.54697129365411,-5.8525120530139247],[64.705910195202819,-5.7523994585587275],[64.806022789657959,-5.6883546602360866],[64.989355787389911,-5.5254591776218263],[65.196590448728273,-5.3421261798899309],[65.259933287366209,-5.2856508044741304],[65.316408662782067,-5.2355858138122926],[65.559530077444606,-5.0748617214284764],[65.630335221244593,-5.0281996214274045],[65.826794535905947,-4.8986455935832964],[65.867124678625999,-4.8720704494859319],[65.926684737977496,-4.831740306765937],[66.17022828069679,-4.6647881784325023],[66.337180409030054,-4.549035234037774],[66.487935192283715,-4.4721092168955465],[66.776821952956027,-4.3213544336419432],[66.822965859447208,-4.2967540109350466],[66.847566282154162,-4.2827583221634882],[66.967699978533005,-4.2012207372630428],[67.128218118069071,-4.0916203964328588],[67.357952155278042,-3.9395931113544407],[67.422381508804904,-3.8753979140448109],[67.487479537980278,-3.8109685605179493],[67.669919794811108,-3.6125503269270212],[67.86833802840215,-3.4334246313902099],[67.950090663772471,-3.3823353227642201],[68.048320154272005,-3.3005826873937849],[68.237708868476943,-3.1595676543447553],[68.37872390152603,-3.0537600659608302],[68.55049178763818,-2.9619647003818272],[68.866100742058393,-2.7901968142699616],[68.880974016341838,-2.7820610559617762],[68.889109774650137,-2.7775339288892269],[68.944599287555945,-2.7347073013639829],[69.170127541644604,-2.5608287081404342],[69.399495647774017,-2.3825370545878286],[69.457183024788719,-2.3374983181605558],[69.53046399807215,-2.279810941145854],[69.742357348295116,-2.1122867685429583],[69.909881520898125,-1.9788635140605493],[70.026396457230533,-1.8859400043543246],[70.183047256060945,-1.7694250680218602],[70.318017283228926,-1.6671749572287808],[70.420267394022062,-1.5855474737777513],[70.580802533170129,-1.4195743340460467],[70.815015377581744,-1.2590391948978663],[70.878089155891871,-1.2064750836437383],[70.930653267146113,-1.1624102012493154],[71.131953173867657,-0.94995322849541708],[71.410791650897977,-0.74865332177387245],[71.426943733400265,-0.73455791490420097],[71.44103914027005,-0.72237379906800925],[71.676679162967275,-0.47390747134710409],[71.823235073167609,-0.36645738887642665],[71.9514250133941,-0.26784709678361196],[71.967665781447522,-0.25450821670330015],[71.982802645298761,-0.23826744864987859],[72.120518008410784,-0.069174453633138455],[72.197327576074144,0.026215861794185003],[72.418546627761145,0.27211842447400159],[72.438675638841119,0.295253672151091],[72.461810886518037,0.32155607534093633],[72.695059396418912,0.54925578769723415],[72.936618365636946,0.78250429759810913],[72.955563489690178,0.79913756755007626],[72.972196759641918,0.81722818693674526],[73.217284793786291,1.0478021365778432],[73.480489726901396,1.2928901707222167],[73.481574738353117,1.2938980651351244],[73.482582632766025,1.2948361112987072],[73.537741945182461,1.3480494831386522],[73.741405411754954,1.5444532648571681],[73.992968505890133,1.7922432006074587],[73.998451311270685,1.7977932384653741],[74.003896994202478,1.8032760438460969],[74.248848689810643,2.0577817330494668],[74.275830104257125,2.0861376422131457],[74.492386709682876,2.3136619169702044],[74.497822491966019,2.3191938040180275],[74.503354379014013,2.3249418133055997],[74.747479639541666,2.5799225295664883],[74.974792063437064,2.8240477900940846],[74.993304509850759,2.8444835323814459],[75.01374025213812,2.8677969353072967],[75.228527891982878,3.1196460233733774],[75.408098143017867,3.3344336632181921],[75.459289562176821,3.3992702263033721],[75.524126125262001,3.4811277225227855],[75.684037857023213,3.6849078045808596],[75.808390222173557,3.8448195363420723],[75.904351229641236,3.9749803050869446],[76.034511998386108,4.1516910247490273],[76.12091782301701,4.2687995848352784],[76.184750300699818,4.3552054094661798],[76.333237079811852,4.5668662011643733],[76.543394367622909,4.8640877787030377],[76.544456015413402,4.8655912825901169],[76.544632786811803,4.8658563672884725],[76.544897871509988,4.8662497640876836],[76.750259935654583,5.170615091569573],[76.891053565587754,5.3759771557141676],[76.956061970056908,5.4751989302913557],[77.055283744634096,5.6239206582632164],[77.160760972231571,5.780885801240629],[77.231902937751954,5.8863630288381046],[77.360750157930511,6.0912824886657404],[77.5393355086714,6.3704147928755788],[77.556119139843531,6.3967489019621553],[77.559669535486591,6.4027489842335399],[77.565669617757976,6.4127928638319531],[77.751143222050928,6.7216611707933112],[77.864592093359931,6.9071347750860923],[77.92830873026935,7.0548815356988257],[78.076055490882084,7.3810038968221079],[78.08746716753177,7.4061089715604567],[78.092854395972893,7.417520648210143],[78.106228624287212,7.4476937816154987],[78.245837057768824,7.7581249544473394],[78.319362421672622,7.92790652133408],[78.39421297480402,8.1201349105361942],[78.47019511919882,8.3220461496508165],[78.514615883813178,8.4382923944581876],[78.533538527440669,8.4911952310234824],[78.586441364006021,8.6461424216903993],[78.662159220107299,8.872960411480733],[78.686155884141499,8.9486782675820677],[78.731114555486386,9.0933514590624895],[78.784313919407623,9.2611915853045161],[78.844707671692106,9.4590641407061753],[78.904537790186339,9.6513535876499077],[78.961285913706433,9.8339086904064175],[79.003440332976709,9.9694500138300555],[79.021330880439393,10.044946370520734],[79.096827237130071,10.275020407368515],[79.143380335298275,10.433282788785959],[79.156923867241858,10.479835886954163],[79.17425155125818,10.557260201082272],[79.22410026986887,10.862948727339244],[79.257419797834757,10.990221760078043],[79.337845925611191,11.231240448559333],[79.34512626497667,11.252308605355552],[79.425081671783175,11.500607633202151],[79.472996153031431,11.634824590424728],[79.607213110254008,12.002950838156892],[79.609290065434436,12.008916551145603],[79.609827340430854,12.010993506326031],[79.61121890534605,12.014999301418129],[79.742391064222375,12.386201425481943],[79.788497011392224,12.521379379450138],[79.872944502921769,12.766033859906486],[79.884124754893094,12.798291024089053],[79.964884324088871,13.031765252574075],[79.997135961194715,13.152228274757363],[80.049494279038186,13.474046421358253],[80.064937738594381,13.542151125698126],[80.075112283810313,13.584637825265929],[80.117598983378059,13.709043655683445],[80.210885592368527,13.959250389831595],[80.245753072454818,14.052536998822063],[80.329413565813013,14.26435158125696],[80.354088989149091,14.326432866175139],[80.446727053949246,14.562922871946114],[80.498890431390066,14.692017297058044],[80.627984856502167,15.010916690901922],[80.642188095420636,15.059105506151354],[80.64625390808834,15.073308745070051],[80.654055071728578,15.099378960296633],[80.760807413523594,15.450872061172561],[80.800048456186857,15.583694618194102],[80.834798989166586,15.790508750858692],[80.838411878779993,15.883653469039984],[80.886774754533064,16.094080491318209],[80.962795719480482,16.269655501463774],[81.084184629334004,16.550280264150047],[81.107632656042711,16.604466364442146],[81.116187089534776,16.626650004533417],[81.138370729626047,16.672488193488846],[81.275727985290018,16.977494981902055],[81.337507606765655,17.114852237566197],[81.426925847001883,17.336682993314298],[81.493902431760887,17.470383939700866],[81.565681992285647,17.625238110690134],[81.593013872867004,17.680980840573113],[81.648756602750154,17.827298596500782],[81.734437202298068,18.049943384266101],[81.777667350295928,18.135623983814014],[81.919800281840935,18.37496617784717],[81.964616787141949,18.45148416820598],[82.078960243338543,18.646009856938122],[82.106690356964464,18.698461975847692],[82.159142475874091,18.827243938337972],[82.254456261077166,19.061081944858927],[82.303857347253825,19.156395730062002],[82.44408087525477,19.381843203805431],[82.538065108220337,19.535318362408475],[82.618869782138006,19.666781603186109],[82.637573743325333,19.698736208858918],[82.669528348998142,19.766593335207631],[82.80022293143918,20.046472893869009],[82.872160352546302,20.177167476310046],[82.984485697657874,20.372596000774195],[83.097161457629795,20.60480058494187],[83.139607990954801,20.687553349434097],[83.154405037000686,20.71306253455549],[83.179914222122079,20.757220071114716],[83.345142832020485,21.032710612659571],[83.443448510758117,21.197939222558205],[83.535729284530078,21.352510033274086],[83.69030009524613,21.622109461890091],[83.721926452581613,21.676698738346431],[83.740826282287344,21.708325095682085],[83.824814954028511,21.842839954464637],[83.917681564471366,21.991329499580786],[84.058880777515981,22.218710968806192],[84.113372602975176,22.306024334201084],[84.200685968370067,22.450395424956923],[84.320115091540401,22.609667718759908],[84.409975915875407,22.729096841930073],[84.541811853421848,22.898356830002399],[84.711071841493947,23.122075120464615],[84.755907272393301,23.194647284154883],[84.781754068935982,23.23948271505418],[84.88111400502595,23.409524878586012],[84.943001839966996,23.517938589705238],[85.087606345865197,23.749868588178117],[85.141232120971381,23.830094181824961],[85.221457714618055,23.951010321334707],[85.346532441468753,24.135179734451299],[85.42726282676216,24.260254461302168],[85.549931679886527,24.442166369157633],[85.731843587741935,24.711526171379546],[85.756288071895597,24.746195850272443],[85.772962330030339,24.770640334426105],[85.872416042731516,24.911212789415458],[85.967313920332231,25.045555874960087],[86.135171847640549,25.281026207550156],[86.180101609814585,25.343154058601669],[86.242229460866042,25.427956770253843],[86.398853927911205,25.63478761362893],[86.519728102018746,25.791412080674093],[86.62268435345544,25.921343061208802],[86.752615333989979,26.081101528652141],[86.852986603494458,26.201426684293835],[86.939253332602902,26.301797953798143],[87.092549014382826,26.472250146529404],[87.26300120711403,26.657958174445412],[87.336862010352945,26.738323023683336],[87.405894310960321,26.81218382692208],[87.588074741494893,26.997496165665325],[87.773387080238138,27.184392407238931],[87.84223492185879,27.253721858425365],[87.909434108268329,27.322569700046188],[88.100525661436279,27.505816991971926],[88.283772953362018,27.681887790273322],[88.357002831280965,27.759725695251177],[88.411407180455967,27.832955573170068],[88.589151015364564,28.037963384291459],[88.794158826486125,28.283887436364012],[88.823425559416251,28.31407471336388],[88.85153377134526,28.343341446294176],[89.077803225237517,28.570082920666721],[89.304544699610005,28.800204720698957],[89.330823802099133,28.827448216929156],[89.355566778262016,28.853727319418056],[89.581860953502598,29.08679693864957],[89.814930572734113,29.327545311731114],[89.83284278167298,29.346200983603296],[89.84983882482021,29.364113192542163],[90.084471003843873,29.604958634556283],[90.32531644585805,29.855485060559829],[90.334577825244594,29.865237686279443],[90.34326802418019,29.874499065666043],[90.584388263455367,30.125813121192778],[90.723047487762642,30.272230107570635],[90.829771013817378,30.384884938790151],[90.832685362636369,30.387901895135712],[90.835702318982101,30.391067600588315],[91.080430429956834,30.650542700939354],[91.308304853125833,30.895270811914031],[91.327005141475468,30.914353862544772],[91.346088192106038,30.932802397923751],[91.581568662885275,31.170176214258902],[91.813015614729636,31.405656685038139],[91.833993611648793,31.428137138619491],[91.856474065230088,31.452545793707202],[92.07760232746665,31.694914295925514],[92.276774028034822,31.916042558162076],[92.319725677404449,31.963176819111595],[92.366859938354025,32.015596403853635],[92.58556588923318,32.207722480406971],[92.832695433566187,32.426428431286126],[92.854934301342155,32.448739941421934],[92.877245811478076,32.478939050940937],[93.072484381618722,32.741575734269418],[93.263378729599708,32.936814304410063],[93.329161708569586,32.995284280442661],[93.387631684602013,33.047803270137763],[93.572156134549061,33.262675727587066],[93.728353495932993,33.447200177534114],[93.805781486092656,33.539436249167352],[93.898017557726121,33.650927784491728],[94.036764564375289,33.818839044008882],[94.151070004949759,33.957586050658051],[94.267248987111884,34.098740494396168],[94.408403430850001,34.274973782584141],[94.493722256356762,34.382653098275512],[94.560303489614228,34.467971923782102],[94.718668520152505,34.668092707603705],[94.918789303974108,34.92497475633121],[94.945565998638301,34.951581102242017],[94.972093144534767,34.978357796906039],[95.199357958756593,35.208175015247605],[95.429175177098159,35.444647531730539],[95.448134665520058,35.46978418160802],[95.462211365033681,35.488743670030146],[95.555791485821715,35.615359978753645],[95.665228672482272,35.763076047769971],[95.837331101566747,35.999129543154197],[95.880278971381699,36.058411621994367],[95.939561050222096,36.141592516894377],[96.092515403043308,36.356561063456866],[96.199624987900791,36.509515416278134],[96.302197677674314,36.657264661949966],[96.449946923345976,36.873558420567917],[96.509326453471431,36.96052175927673],[96.549241809159355,37.019901289402185],[96.713418074953665,37.266816010918603],[96.744785082444992,37.31473944850103],[96.886327809679699,37.530287162526122],[96.914872654137071,37.575747304859135],[96.960332796470084,37.649419030761692],[97.109754882775064,37.891250949345022],[97.20056150394521,38.040673035650002],[97.303763784723856,38.207627920520338],[97.470718669593964,38.48173371550439],[97.508501397819373,38.513276180548758],[97.552407413837443,38.55105890877411],[97.724362220469686,38.804702459649832],[97.72572245072007,38.806441000771883],[97.81392104739632,39.06144478189799],[97.874915936245543,39.167633388370575],[97.981104542718072,39.35496431248697],[98.094624550658239,39.45831064708193],[98.215633824602378,39.571830655022097],[98.318625325083588,39.744695745780461],[98.335102449271687,39.925828561575713],[98.383493219907393,40.082216528146205],[98.421040047650138,40.152666896338019],[98.491490415842009,40.286334594701202],[98.644960010261059,40.439132806851205],[98.79472373358584,40.592602401270085],[98.895751758472727,40.698726931763474],[99.001876288966059,40.813381841424473],[99.099197977609833,41.005666585750248],[99.14797143162582,41.102988274394193],[99.199573098654753,41.300685084082886],[99.204750042808314,41.410500393675818],[99.30083699781926,41.613374147518073],[99.39041525955588,41.73522105005236],[99.512262162089996,41.972505744124305],[99.551404564052689,42.084617618679488],[99.569486641084268,42.12376002064218],[99.616261578424542,42.227759436976612],[99.71628116651334,42.430126889342887],[99.794313635881565,42.63414589376606],[99.864338805065472,42.792455123914635],[100.01670880847394,43.138592540150057],[100.01932816567142,43.144531766890168],[100.02032292029446,43.146856881809811],[100.02264803521405,43.152309730971524],[100.18969401836318,43.487871656864968],[100.27109559666548,43.654917640014105],[100.35516131240126,43.832790235950995],[100.48834212095136,44.120611725751587],[100.50918221873661,44.165303513138156],[100.51296283150828,44.185374589968035],[100.53303390833798,44.258548348019815],[100.61519349090725,44.593529803692945],[100.64552885469834,44.675689386262093],[100.70847754293169,44.851133020855798],[100.75537724657897,44.963731921145154],[100.82197631019898,45.186075259386143],[100.8818069324783,45.347688108369937],[100.99218145750501,45.645222808553058],[101.01117126229821,45.69646113251008],[101.01968470078947,45.720196213182703],[101.04341978146203,45.786127683398149],[101.15517011569989,46.095096671396334],[101.19572422561936,46.206847005634131],[101.27840916630458,46.441836390476681],[101.28890809107077,46.471744569149507],[101.37550826930118,46.717232878758068],[101.42093231918358,46.850106214160462],[101.54927005619135,47.223083153487494],[101.5508257581904,47.227618751882176],[101.5515689194209,47.229855487047416],[101.55380565458597,47.236533593342017],[101.68001602430286,47.611794255289169],[101.72278950420679,47.738004625006056],[101.80563531314607,47.989834283566154],[101.80729464545726,47.994901507258874],[101.89106293784272,48.248390498130163],[101.93310240167978,48.379479624160467],[102.05211298581094,48.746697829354957],[102.05600645338222,48.758776371254044],[102.05795654855115,48.765011350412976],[102.06419152771008,48.784709778442334],[102.18099037536194,49.15236339672623],[102.21852267725768,49.269162244378151],[102.2886418317845,49.493612548452575],[102.30320304866279,49.540536596549316],[102.37832633983635,49.779548117502031],[102.36537405531283,49.988751463023334],[102.3434821888668,50.05883877865881],[102.33520416957936,50.289933990626139],[102.32229501555662,50.542216375903649],[102.32373613789366,50.549478600809721],[102.30173665416947,50.800319863750019],[102.35758581184547,51.017311452738738],[102.38462177591828,51.120750111958444],[102.43382391044616,51.310705736874127],[102.47143850225331,51.41384463545495],[102.57457740083413,51.602482892022181],[102.65219575521775,51.74347325561439],[102.68124175188609,51.821091609998064],[102.71664142643101,51.963155635595058],[102.76139565960995,52.144659224346299],[102.80827154587843,52.331477483122114],[102.86237761181997,52.554063145260216],[102.88383492583512,52.640735008123272],[102.93307960087083,52.841863356246051],[102.96219809484171,52.964628535362522],[103.04667554827637,53.313961503688461],[103.05582528107624,53.352249229370102],[103.06089717695374,53.376315326374424],[103.08496327395807,53.47606342828692],[103.15896838134694,53.788629995105168],[103.17683869705678,53.86263510249421],[103.2049512554766,53.98262308401263],[103.25574812267007,54.202236126906257],[103.29607617483214,54.37302097561809],[103.35185903343717,54.616511089263099],[103.35900978852402,54.647067490184099],[103.4135897564172,54.883406848742197],[103.44685950886105,55.031896486963262],[103.51026438866603,55.308707963450047],[103.52948438113634,55.393792721866134],[103.53985828041618,55.449283588531898],[103.59534914708195,55.688780962738406],[103.63486245438418,55.864665287688013],[103.64393905022996,55.904178594990185],[103.64725400363506,55.956083451543122],[103.59534914708195,56.392031430223085],[103.59324373687082,56.412459057902936],[103.59309543641922,56.414564468114122],[103.59347613307318,56.416437482123058],[103.59534914708195,56.425423742010366],[103.69501246235751,56.825287025962609],[103.70012575458804,56.924950341238002],[103.72754894391153,57.057150138067584],[103.76923172532713,57.261453636116926],[103.80561353923105,57.43533621436211],[103.85621382676476,57.684857407803406],[103.85919356367248,57.699180630952412],[103.909627605553,57.94572208748599],[103.94207158794291,58.10938551974931],[103.98885002221624,58.339222962620283],[104.01222642463966,58.456107960610098],[104.02740733993642,58.534435640879735],[104.10573502020605,58.927779743366557],[104.11217432330977,58.960054530630487],[104.11349316663336,58.966493833734205],[104.11541749363954,58.976176307167691],[104.19560505191566,59.387009675148647],[104.21362557289791,59.476879706858085],[104.23968881842683,59.610833505078858],[104.27856888546756,59.814431714720627],[104.31249930229791,59.987265579982193],[104.36107822052395,60.242308252788177],[104.3611514084003,60.242681968176271],[104.41015608261824,60.497651453106073],[104.44252739723765,60.671244949198581],[104.48127298435304,60.873189417253286],[104.50664840591122,61.00803732623018],[104.52355030250817,61.100607917052116],[104.59883762778094,61.501139933805064],[104.60202214073024,61.518423199354061],[104.60416024728642,61.530383845397807],[104.61612089333011,61.595324479127328],[104.68363568106872,61.961294284739381],[104.69645485122561,62.028809072478168],[104.71462120902925,62.127309388177252],[104.7625868026235,62.392729036308538],[104.78984653540635,62.539194945602048],[104.82818561133774,62.751259663609687],[104.8411595747715,62.824542137284652],[104.88221829791894,63.049580818726156],[104.91899284403848,63.257094741141543],[104.94029770102236,63.373757626418353],[104.97360107915119,63.559966691850093],[104.99623477190016,63.690238686404086],[105.05075727350987,63.994603072029975],[105.0640396448062,64.070352564974144],[105.07313081992828,64.123728511499905],[105.12650676645404,64.427468414454893],[105.14944453096939,64.557800673582733],[105.15360500491784,64.580738438098081],[105.15940818222543,64.613639853869472],[105.22485046866723,64.992780609008946],[105.24235610225458,65.091124311222131]]},"properties":{"OBJECTID":24,"Id":24,"Contour":540,"Shape_Length":150.96281424463538}},{"type":"Feature","id":25,"geometry":{"type":"LineString","coordinates":[[-40.500286592112673,30.895270811914031],[-40.431563151697219,30.797174734102896],[-40.33346707388597,30.656714216161788],[-40.296822648168757,30.858626386197102],[-40.290311657813618,30.895270811914031],[-40.293116223592619,30.935621662207495],[-40.33346707388597,31.033041690628636],[-40.466212643201175,31.028016381229293],[-40.500286592112673,30.895270811914031]]},"properties":{"OBJECTID":25,"Id":25,"Contour":480,"Shape_Length":0.94931063681804173}},{"type":"Feature","id":26,"geometry":{"type":"LineString","coordinates":[[-40.856310289280316,31.405656685038139],[-40.85117551599285,31.39833411605531],[-40.843852947009964,31.387856604561364],[-40.824800738355407,31.386604476383525],[-40.830184770372512,31.405656685038139],[-40.8334981425607,31.416011489487403],[-40.843852947009964,31.415575188287619],[-40.853592858534455,31.415396596562573],[-40.856310289280316,31.405656685038139]]},"properties":{"OBJECTID":26,"Id":26,"Contour":480,"Shape_Length":0.10170730347811531}},{"type":"Feature","id":27,"geometry":{"type":"LineString","coordinates":[[-41.03702834497949,34.661147321751685],[-40.843852947009964,34.573122385867862],[-40.802598280808525,34.509226589983541],[-40.776079571220748,34.467971923782102],[-40.796519885093517,34.420638861865768],[-40.843852947009964,34.423031499712181],[-40.885686551947629,34.426138318844494],[-40.901185806171497,34.467971923782102],[-41.03702834497949,34.661147321751685]]},"properties":{"OBJECTID":27,"Id":27,"Contour":480,"Shape_Length":0.75905428916788731}},{"type":"Feature","id":28,"geometry":{"type":"LineString","coordinates":[[-43.931757367929549,35.999129543154197],[-43.915021063982579,35.990276664925489],[-43.906168185753927,35.976350728435989],[-43.896471016856026,35.989432374256296],[-43.889319884047154,35.999129543154197],[-43.893306923411785,36.011990805496282],[-43.906168185753927,36.011613024018516],[-43.923591303819649,36.016552661219862],[-43.931757367929549,35.999129543154197]]},"properties":{"OBJECTID":28,"Id":28,"Contour":480,"Shape_Length":0.12745142469477308}},{"type":"Feature","id":29,"geometry":{"type":"LineString","coordinates":[[-45.437860096257793,39.572364946153982],[-45.437325805125909,39.572614558927967],[-45.436699118875765,39.572457341272354],[-45.435936076219491,39.571830655022097],[-45.436151203470615,39.570656053366861],[-45.437325805125909,39.571023525633734],[-45.438187119633028,39.570969340515092],[-45.438328114246701,39.571830655022097],[-45.437860096257793,39.572364946153982]]},"properties":{"OBJECTID":29,"Id":29,"Contour":480,"Shape_Length":0.0070941986615440135}},{"type":"Feature","id":30,"geometry":{"type":"LineString","coordinates":[[-50.603414680197318,46.779463022589482],[-50.541184536365904,46.799796767369514],[-50.501511604862458,46.756905810261571],[-50.47859646731149,46.717232878758068],[-50.489155582109049,46.665203924501157],[-50.541184536365904,46.6399885832584],[-50.600579915376329,46.657837499747757],[-50.615173254980277,46.717232878758068],[-50.603414680197318,46.779463022589482]]},"properties":{"OBJECTID":30,"Id":30,"Contour":480,"Shape_Length":0.4671283912966902}},{"type":"Feature","id":31,"geometry":{"type":"LineString","coordinates":[[-40.562657260440858,32.426428431286126],[-40.471372434981276,32.288523070190763],[-40.33346707388597,32.079371758374407],[-40.248634547542338,32.341595904942608],[-40.221133285671783,32.426428431286126],[-40.254938857968057,32.504956647203983],[-40.33346707388597,32.52124616159233],[-40.455476622912329,32.548437980312599],[-40.562657260440858,32.426428431286126]]},"properties":{"OBJECTID":31,"Id":31,"Contour":480,"Shape_Length":1.2337875994007441}},{"type":"Feature","id":32,"geometry":{"type":"LineString","coordinates":[[-41.527705668444753,32.426428431286126],[-41.464755268094166,32.315911983325918],[-41.354238820133958,32.120483660457637],[-41.226280661076714,32.298470272228826],[-41.136572991462401,32.426428431286126],[-41.190665977810568,32.59000127360963],[-41.354238820133958,32.587818258083075],[-41.441359275413561,32.513548886565729],[-41.527705668444753,32.426428431286126]]},"properties":{"OBJECTID":32,"Id":32,"Contour":480,"Shape_Length":1.3001950433801155}},{"type":"Feature","id":33,"geometry":{"type":"LineString","coordinates":[[-57.748167030274317,60.048845850154521],[-57.686586760101875,60.182148803296172],[-57.62902958441407,60.044822755669941],[-57.604990047433489,59.987265579982193],[-57.605375023514625,59.906053843394659],[-57.686586760101875,59.729200153876945],[-57.75728970818227,59.916562631901797],[-57.753998832419143,59.987265579982193],[-57.748167030274317,60.048845850154521]]},"properties":{"OBJECTID":33,"Id":33,"Contour":480,"Shape_Length":0.96683085369236765}},{"type":"Feature","id":34,"geometry":{"type":"LineString","coordinates":[[-58.196972633225982,61.413390636052952],[-58.079092068067666,61.125917891388383],[-58.030948028126716,61.00803732623018],[-58.077427721580875,60.888492414585016],[-58.196972633225982,60.868738070757274],[-58.300425769015646,60.90458419044046],[-58.332800726319761,61.00803732623018],[-58.32192097244041,61.132985665444551],[-58.196972633225982,61.413390636052952]]},"properties":{"OBJECTID":34,"Id":34,"Contour":480,"Shape_Length":1.3377578153007987}},{"type":"Feature","id":35,"geometry":{"type":"LineString","coordinates":[[-57.686586760101875,57.599629821118413],[-57.511774251673444,57.770909579057673],[-57.335705997928983,57.94572208748599],[-57.472689342172714,58.159619505415264],[-57.686586760101875,58.100719966525901],[-57.807822311454117,58.066957638838346],[-57.84161645035806,57.94572208748599],[-57.793568467742546,57.838740379845433],[-57.686586760101875,57.599629821118413]]},"properties":{"OBJECTID":35,"Id":35,"Contour":480,"Shape_Length":1.5996431394911106}},{"type":"Feature","id":36,"geometry":{"type":"LineString","coordinates":[[-61.807912515113685,75.337080543721868],[-61.771739697558758,75.807161694361241],[-61.771573097712405,75.809227646826173],[-61.771435192280364,75.810989094012712],[-61.769673745093939,75.834734292558778],[-61.765455132566728,75.813446259353384],[-61.764632135656086,75.809227646826173],[-61.763364767328994,75.802918669061114],[-61.679396525190157,75.389118993605791],[-61.661353546387545,75.298841773702122],[-61.727679970722988,75.256847999331171],[-61.769673745093939,75.266622996548506],[-61.795552649550302,75.27296286924576],[-61.811020972666881,75.298841773702122],[-61.807912515113685,75.337080543721868]]},"properties":{"OBJECTID":36,"Id":36,"Contour":480,"Shape_Length":1.2626293304033069}},{"type":"Feature","id":37,"geometry":{"type":"LineString","coordinates":[[-44.117607347561943,37.019901289402185],[-44.258122280828047,37.178333067452002],[-44.416554058877921,37.205108232000839],[-44.613510107359048,37.216857337883141],[-44.81887258191955,37.019901289402185],[-44.740493089007714,36.83345444640787],[-44.71664273147735,36.719812616802642],[-44.527395031271965,36.509515416278134],[-44.460908989897916,36.465160485258139],[-44.416554058877921,36.434917175102726],[-44.36755371378365,36.46051507118375],[-44.378174806886193,36.509515416278134],[-44.338178220542773,36.587891254613226],[-44.218783820146541,36.822131050670748],[-44.117607347561943,37.019901289402185]]},"properties":{"OBJECTID":37,"Id":37,"Contour":480,"Shape_Length":2.2676598219180688}},{"type":"Feature","id":38,"geometry":{"type":"LineString","coordinates":[[-42.045228101778093,37.019901289402185],[-42.20344734559319,36.848338068613316],[-42.375010566381945,36.89142812105564],[-42.499769798958596,36.895142056825364],[-42.642494164020434,37.019901289402185],[-42.568859019328386,37.213749742348682],[-42.54644300914515,37.358854719762974],[-42.499608768864448,37.530287162526122],[-42.463042598574816,37.618319194719049],[-42.375010566381945,37.826518586603868],[-42.278219093683276,37.627078635224791],[-42.231656762389434,37.530287162526122],[-42.165057677406253,37.320334273550316],[-42.151071134840436,37.243840720943581],[-42.045228101778093,37.019901289402185]]},"properties":{"OBJECTID":38,"Id":38,"Contour":480,"Shape_Length":2.4527400166210156}},{"type":"Feature","id":39,"geometry":{"type":"LineString","coordinates":[[-62.352504773101316,77.41283042108148],[-62.326044942652402,77.804785814887623],[-62.322802479974598,77.850771139322205],[-62.320067371491348,77.890778892595506],[-62.290092957402408,78.351123673261725],[-62.289411196035303,78.361157012446085],[-62.288833500140186,78.369930894368224],[-62.280059618217933,78.509631173449975],[-62.257354630352665,78.38386200031141],[-62.253328789566751,78.361157012446085],[-62.247347142424587,78.328444536652853],[-62.177862830911181,77.952967926629015],[-62.159276016160334,77.850771139322205],[-62.131408219482637,77.702119740586795],[-62.097440592099872,77.523004292316159],[-62.063387249229891,77.340385266198098],[-62.199205690774193,77.2595313387543],[-62.280059618217933,77.279334198817708],[-62.328638043219485,77.291806841196546],[-62.35764606021246,77.340385266198098],[-62.352504773101316,77.41283042108148]]},"properties":{"OBJECTID":39,"Id":39,"Contour":480,"Shape_Length":2.7090182730509751}},{"type":"Feature","id":40,"geometry":{"type":"LineString","coordinates":[[-64.762327372726645,89.079260348050127],[-64.752251369793896,88.999522734006121],[-64.712086880124389,88.688776578639647],[-64.697035329529967,88.56887447492602],[-64.676734276219179,88.413619767307296],[-64.653173193923806,88.237304391716179],[-64.62994523063503,88.058488601802139],[-64.598377092180613,87.824876710144906],[-64.593144085189749,87.786947627326356],[-64.561079893930128,87.548102728678032],[-64.730668191353288,87.446781936193474],[-64.831988983837903,87.470340695246023],[-65.05582292656311,87.324268785952768],[-65.105033190547488,87.31076106226368],[-65.102859740333543,87.277231972182449],[-65.200574138354057,87.037716855554152],[-65.236932954581505,86.932274953173533],[-65.34237485696201,86.842031606880255],[-65.473368969841999,86.906722742674049],[-65.534304596663901,87.037716855554152],[-65.525422791138624,87.220764789730765],[-65.518021031387377,87.372456554252665],[-65.509493933149201,87.548102728678032],[-65.640444586131196,87.760418872632783],[-65.852760730085834,87.816162589176258],[-66.04385360578209,87.86739572610594],[-66.160695352467371,88.058488601802139],[-66.150851421418395,88.270783783593629],[-66.147096850775938,88.352824722492073],[-66.137066115504297,88.56887447492602],[-66.126538589491645,88.805482488644486],[-66.124981766758879,88.841095511599121],[-66.114367689580661,89.079260348050127]]},"properties":{"OBJECTID":40,"Id":40,"Contour":480,"Shape_Length":5.4209911194554286}},{"type":"Feature","id":41,"geometry":{"type":"LineString","coordinates":[[-63.032968522220358,89.079260348050127],[-63.010352885275324,88.85935295411673],[-63.002578173511324,88.781007157095416],[-62.98090429299782,88.56887447492602],[-62.962579910147156,88.396740056120848],[-62.943529831152603,88.211572941612872],[-62.927338328168901,88.058488601802139],[-62.913766648829892,87.935167444314175],[-62.882336837515993,87.639994074852098],[-62.872288937119379,87.548102728678032],[-62.863935618394464,87.474612601625608],[-62.81897223052232,87.066243594734431],[-62.815750384565092,87.037716855554152],[-62.813094145886737,87.015068201009228],[-62.790445491341927,86.815906715926076],[-62.760989230916266,86.556787242855705],[-62.757744853715678,86.527330982430044],[-62.753515431575352,86.490400922663525],[-62.707674133805597,86.099716466842494],[-62.698254716892734,86.016945109306164],[-62.685898037092386,85.912397655056566],[-62.653385166957889,85.643619560566094],[-62.637287303313769,85.506559236182056],[-62.616029822392477,85.332143567232663],[-62.59812748015537,85.18849137424462],[-62.574834154727682,84.996173363058119],[-62.54387122878876,84.749599100504952],[-62.541911311044203,84.734321670231793],[-62.510895547628138,84.485787489934069],[-62.48446723868858,84.281379869463592],[-62.469850097165533,84.165192095757618],[-62.445462698936751,83.975401616810132],[-62.571029686990755,83.755985812458789],[-62.790445491341927,83.704720594570745],[-62.986141540383187,83.660711792727284],[-63.096666126403591,83.465015743686081],[-63.060602045274948,83.224786424495051],[-63.056638901586155,83.19882233344191],[-63.020196259063823,82.954629870562144],[-62.989463046681806,82.755612315222095],[-62.969474911700843,82.623273417797009],[-62.941990117794546,82.444243997438093],[-62.921229525397621,82.3134599633824],[-62.875455988249882,82.018868621222168],[-62.862039491886776,81.933858124314156],[-62.852001492561328,81.872302123094698],[-62.790445491341927,81.486922621458518],[-62.781710533709713,81.432207208822319],[-62.780345331719673,81.423472251190049],[-62.778398493146199,81.411425252994263],[-62.709881216934548,80.993650652473434],[-62.696936118508745,80.913086378066168],[-62.67832326362651,80.800964150350751],[-62.637087640828099,80.556058355456003],[-62.61177364676206,80.402700504942061],[-62.575062684560692,80.187317698160768],[-62.563333404351283,80.119426718808825],[-62.524839271883479,79.892314631818181],[-62.488399749189341,79.683974500846659],[-62.468984233790479,79.57085337426679],[-62.436123945227848,79.381928758694073],[-62.662879039613927,79.254362306966073],[-62.790445491341927,79.28697999509518],[-62.865381543990964,79.30699270604498],[-62.910090488534593,79.381928758694073],[-62.903087406391876,79.494570673743908],[-62.8850439494434,79.797716173716594],[-62.879191928409227,79.892314631818181],[-62.8741777882571,79.97604692873324],[-62.853283162131959,80.339862834152143],[-62.849537618938655,80.402700504942061],[-62.846315830373499,80.458570843973746],[-62.822931144297684,80.880600725110412],[-62.821065816794032,80.913086378066168],[-62.868788696987508,80.991429583711636],[-62.802035004037407,81.411882738494569],[-63.119600148163499,81.242241034887741],[-63.300831364465921,81.290303753500893],[-63.405189069993583,81.319114545662501],[-63.467410795812953,81.423472251190049],[-63.458785974342959,81.5814268610672],[-63.447964059013202,81.786725429766761],[-63.439958894296865,81.933858124314156],[-63.43300899695754,82.066035756805604],[-63.419821388254888,82.325253973649296],[-63.413585136414554,82.444243997438093],[-63.408153836046154,82.551566469018212],[-63.392887442979941,82.862573792048181],[-63.388242197631882,82.954629870562144],[-63.523442292682432,83.177240798778712],[-63.513071594848157,83.252775513303845],[-63.569978740208171,83.22377724630428],[-63.811217237589915,83.289771305872648],[-63.947709575205408,83.328523406070758],[-64.02906058033841,83.465015743686081],[-64.019074621626203,83.672873127722369],[-64.014419163909395,83.772199690490595],[-64.004678676427204,83.975401616810132],[-63.936718657020606,84.100903036240823],[-63.811217237589915,84.138567949786363],[-63.600225260668992,84.186393593731054],[-63.426221413587882,84.100791665932093],[-63.376123147247768,84.410495707152279],[-63.321027576950996,84.485787489934069],[-63.326385705382847,84.511341830850995],[-63.451197360285619,84.845807367238365],[-63.471917139252753,84.996173363058119],[-63.466695252578234,85.162037251170432],[-63.461032218031789,85.346358382616302],[-63.455996039683725,85.506559236182056],[-63.45144276503521,85.657170636751346],[-63.445050899644571,85.872725574127401],[-63.440695760390156,86.016945109306164],[-63.57769226970197,86.250470077194223],[-63.811217237589915,86.325222071037615],[-64.031479861788966,86.307068358230993],[-64.280102203158435,86.527330982430044],[-64.277540862085175,86.571393231058835],[-64.25362371700669,86.969737461846876],[-64.2496880766098,87.037716855554152],[-64.245436723833052,87.113883242434895],[-64.225947426069979,87.452447044034102],[-64.220627978288235,87.548102728678032],[-64.214915025677612,87.654790813714555],[-64.199395429819049,87.936280920907222],[-64.192873320050069,88.058488601802139],[-64.185904651280111,88.194187061235937],[-64.173923643348928,88.421195007561039],[-64.166362432784183,88.56887447492602],[-64.158328116451685,88.732149469188471],[-64.149494410332636,88.907151647668741],[-64.141048013375041,89.079260348050127]]},"properties":{"OBJECTID":41,"Id":41,"Contour":480,"Shape_Length":22.830308487152543}},{"type":"Feature","id":42,"geometry":{"type":"LineString","coordinates":[[-67.157757056067737,89.079260348050127],[-67.120737466067339,88.832055358316779],[-67.118007165206905,88.813349163798932],[-67.081637367682788,88.56887447492602],[-67.053630613283985,88.38877633797614],[-67.026768555544379,88.211724681012583],[-67.003094862575153,88.058488601802139],[-66.985104101951549,87.946916976184468],[-66.931429400141383,87.605999652485593],[-66.922154611254086,87.548102728678032],[-66.915197512953227,87.506437692058967],[-66.873532476333992,87.251118399263646],[-66.843607035977868,87.067642295910105],[-66.838839724684476,87.037716855554152],[-66.831929968414045,86.996114347634261],[-66.770234901194272,86.630628557569878],[-66.753189489645024,86.527330982430044],[-66.728220463110176,86.382018969206399],[-66.695568424416706,86.194909161223393],[-66.665185834442241,86.016945109306164],[-66.620212460203163,85.763625093175222],[-66.619640541415606,85.760451171100328],[-66.574855954700524,85.506559236182056],[-66.565759923210294,85.30394591618176],[-66.538113871159112,85.171140631007233],[-66.527349500128821,84.996173363058119],[-66.511980368571017,84.84733959769693],[-66.526810118919002,84.64945100564313],[-66.514610054292916,84.485787489934069],[-66.487571656372722,84.361362436771344],[-66.416523193820638,84.028778207420714],[-66.404994044577279,83.975401616810132],[-66.397370463445895,83.941177756574064],[-66.363146603209998,83.784953867812192],[-66.299922814288209,83.528239532607756],[-66.293338416605536,83.465015743686081],[-66.273425801158453,83.375294941634593],[-66.212796494429256,83.104979979342716],[-66.179628918823425,82.954629870562144],[-66.125612334137202,82.717095601489348],[-66.119014834635379,82.688375766012769],[-66.06382948238678,82.444243997438093],[-66.023962462022041,82.273042265502113],[-65.974010383304062,82.055107777532271],[-65.945942586489934,81.933858124314156],[-65.928008707795925,81.858610146604121],[-65.852760730085834,81.537965192792228],[-65.828331141543856,81.447901839732197],[-65.822142510931712,81.423472251190049],[-65.814497202231109,81.385208723335268],[-65.726081308075265,81.039765800076736],[-65.704088818638809,80.913086378066168],[-65.656335359082391,80.716661007062612],[-65.633180881555973,80.622280353472206],[-65.580110271463752,80.402700504942061],[-65.532778146083842,80.212297215820229],[-65.490740425122908,80.040680199979249],[-65.454072709051502,79.892314631818181],[-65.431442231604933,79.803247257175258],[-65.34237485696201,79.447633606728459],[-65.328616749247487,79.395686866408482],[-65.325187757748495,79.381928758694073],[-65.31925466978231,79.358808571514544],[-65.221847636927293,78.992070105604796],[-65.191656692510094,78.871542885570193],[-65.139310313078568,78.66847834168675],[-65.117375340294927,78.586156529113055],[-65.060714215909002,78.361157012446085],[-65.013659201114422,78.17948679516951],[-64.966001418661563,77.984783574145752],[-64.932066924343474,77.850771139322205],[-64.915281600867161,77.767478522292834],[-64.831988983837903,77.449228363060286],[-64.810353882557365,77.362020367478749],[-64.805066322032644,77.340385266198098],[-64.761456257560496,77.269852539920748],[-64.606694037199873,77.055294339712134],[-64.526602354807267,76.829999393074161],[-64.499306308077166,76.652296195710846],[-64.472763020879256,76.470773430115514],[-64.449839299158839,76.31961351995011],[-64.414931106504753,76.226285524159209],[-64.321603110713909,76.100843571336895],[-64.116225758613439,76.114236167849526],[-63.829223575377569,76.31961351995011],[-63.822883701648664,76.331279984008745],[-63.811217237589915,76.353653870109724],[-63.804662184438712,76.326168573101427],[-63.803122085321036,76.31961351995011],[-63.800540236693905,76.308936519054043],[-63.704631861196106,75.915813023219869],[-63.679003848719276,75.809227646826173],[-63.647910844917249,75.645921254153336],[-63.624767503764645,75.48529150752745],[-63.584959708173074,75.298841773702122],[-63.521773909264539,75.077899228903618],[-63.495015959671207,74.982640495783414],[-63.439919955434334,74.788455900578185],[-63.414175546509057,74.675111718534993],[-63.364636208589388,74.341874871577659],[-63.351886030655464,74.278070027454135],[-63.34121826625244,74.237683125667672],[-63.300831364465921,74.082753949271023],[-63.229085996467859,73.83942952232826],[-63.208291535546607,73.767684154330198],[-63.180177572267098,73.647030362131261],[-63.120949908040245,73.437179737631823],[-63.084090668963654,73.25729828120609],[-63.021751655040362,73.025992117507656],[-63.004430992659309,72.960897909399478],[-62.947070171751136,72.746912408082039],[-62.913278055929254,72.624079843494826],[-62.814511754464377,72.260592798080552],[-62.807926046175623,72.236526534958102],[-62.804094625016774,72.222877401283426],[-62.790445491341927,72.173661752101111],[-62.693366202710763,71.823219950465386],[-62.666800771438375,71.726140661834052],[-62.618537828753631,71.554232999245812],[-62.581833439329444,71.424366840722712],[-62.523571663039547,71.215754788710115],[-62.404638356894736,71.091176050033312],[-62.280059618217933,70.960963973314051],[-62.185427801497042,70.800000732307126],[-62.155155728925536,70.705368915586064],[-62.132345551151445,70.557654848519633],[-62.103641476911548,70.371401183768512],[-62.07637890612142,70.194983042462127],[-62.038119229840163,69.953042654084356],[-62.034507757666233,69.930149029889776],[-61.99564128910481,69.684597169338019],[-61.963979047825603,69.490291866606583],[-61.939951361336512,69.344488912456598],[-61.912116293789438,69.174211296214139],[-61.891747979006482,69.052137062301597],[-61.837808506078545,68.731960184074751],[-61.826408563816017,68.663825423090032],[-61.818123113540196,68.615376054643832],[-61.769673745093939,68.33490899712649],[-61.724522180428778,68.198591114631199],[-61.709717587094417,68.153439549966151],[-61.679482834250848,68.063248639122946],[-61.596325830986416,67.816401590949738],[-61.538501376149156,67.643053676842214],[-61.467511727216333,67.43482982159577],[-61.419622818263008,67.293002750011226],[-61.365226061309613,67.132667803718164],[-61.352010280173488,67.039945395514621],[-61.259287871969946,66.82490885952933],[-61.20754687799166,66.674022924572455],[-61.189970622055569,66.622281930594056],[-61.177786352921657,66.540780411545768],[-61.198737783351419,66.17244614608876],[-61.183885072762166,66.111896057470176],[-60.978453934668607,65.882344121647407],[-60.748901998845952,65.746618820657204],[-60.688103954722123,65.66230822846984],[-60.644296045094904,65.601510184346068],[-60.645965597891347,65.498573783391578],[-60.748901998845952,65.331656600270321],[-60.840896439572987,65.183118751949166],[-60.841705853673602,65.091124311222131],[-60.807101413368628,65.032924896699456],[-60.748901998845952,64.93518553101535],[-60.531067420821273,64.798573016122816],[-60.31884812199678,64.580738438098081],[-60.301738849167521,64.517515714652404],[-60.356439865888717,64.188276305140846],[-60.340854383283045,64.070352564974144],[-60.31199808617589,63.996870604520154],[-60.238516125721958,63.808386365462582],[-60.132726294682868,63.665756522889126],[-60.057970177043103,63.559966691850093],[-59.91262549900722,63.375471445440894],[-59.865674335049903,63.187124901178095],[-59.807484388702051,63.049580818726156],[-59.79255619745004,62.98515487387408],[-59.728130252597964,62.85472713257866],[-59.59972608825467,62.667599109945456],[-59.559025942246137,62.539194945602048],[-59.575621596348356,62.386686289352554],[-59.56551103033064,62.191428294745492],[-59.578729360988575,62.028809072478168],[-59.475902076088232,61.776580895968436],[-59.474181655458324,61.772371796493587],[-59.371023839407087,61.518423199354061],[-59.325892256360589,61.410275322467498],[-59.21774437947397,61.150395845881235],[-59.164798270428719,61.060983435275318],[-59.159014278038626,61.00803732623018],[-59.116610563754648,60.906903510510858],[-59.025745885059735,60.689649947520195],[-58.94495507665539,60.497651453106073],[-58.87414551863651,60.330864440819539],[-58.744882047352974,60.024789120985076],[-58.729001086966832,59.987265579982193],[-58.722488705636295,59.972135380695647],[-58.707358506349976,59.936808442693007],[-58.569541187077732,59.614697026130216],[-58.510866325303766,59.476879706858085],[-58.416003347542869,59.257848992541085],[-58.361201545102972,59.130722745611195],[-58.290273833139736,58.966493833734205],[-58.261797487578406,58.901668979381668],[-58.196972633225982,58.753447660670133],[-58.09178446242629,58.861305662934399],[-57.990741325682222,58.966493833734205],[-57.843033302832339,59.122940376464555],[-57.686586760101875,59.291176635683883],[-57.513703826941367,59.13937676689477],[-57.316919569628624,58.966493833734205],[-57.283072458237825,58.859622262474318],[-57.348880479298202,58.628787552930362],[-57.328501104840484,58.456107960610098],[-57.389221428208941,58.243087419379037],[-57.176200886977881,58.107994645763029],[-57.088393466885123,58.033529507579033],[-56.984811264438179,57.94572208748599],[-56.902893684214405,57.708643417125586],[-56.910699859041642,57.680221059549808],[-56.879476771464397,57.43533621436211],[-56.813145559816689,57.288005668399308],[-56.665815013853944,56.959996937944709],[-56.646523291891299,56.944242063200704],[-56.622867211890025,56.924950341238002],[-56.596762227490785,56.855897554874957],[-56.447753506793902,56.632625975174108],[-56.417665175529351,56.414564468114122],[-56.334640356200111,56.235353252643961],[-56.203943537039379,55.9526929912995],[-56.181495393492185,55.904178594990185],[-56.17169823547141,55.887909500248782],[-56.15542914072995,55.848817815301175],[-55.969715072575582,55.579506790020503],[-55.941956573982964,55.393792721866134],[-55.812563443912893,55.226272545559198],[-55.645043267605956,55.012272221635158],[-55.567146105639551,54.961304010708545],[-55.492886161898582,54.883406848742197],[-55.359001282703673,54.65906296052043],[-55.335439656899894,54.573803238036021],[-55.25566930303853,54.37302097561809],[-55.219048779167906,54.288629590932203],[-55.134657394481962,54.139526420637253],[-54.943434452933502,54.053858044042499],[-54.666463996966513,53.90482757810264],[-54.624271521357969,53.883417674334908],[-54.6182946809854,53.868611942866721],[-54.615616054096733,53.86263510249421],[-54.614564831386531,53.852928412522601],[-54.624271521357969,53.83847707915919],[-54.810207483158763,53.538185191171067],[-54.813974241425399,53.352249229370102],[-54.748099204981088,53.228421545746983],[-54.624271521357969,52.995511687453643],[-54.546810385192089,52.919324492411988],[-54.540322255819831,52.841863356246051],[-54.434054642473427,52.65164647736168],[-54.387506384197991,52.568242620282092],[-54.254898514093441,52.331477483122114],[-54.205517033951025,52.23984609740495],[-54.113885648233975,52.007201889741509],[-54.037023810328265,51.897953447903774],[-54.036145484260715,51.821091609998064],[-53.848275442104239,51.57631594300392],[-53.777673687300307,51.484879649064339],[-53.643290842703038,51.310705736874127],[-53.629057533619971,51.285147978363852],[-53.603499775109981,51.241689964176089],[-53.39150982293296,51.012309815927154],[-53.350377033837447,50.800319863750019],[-53.26819057009368,50.625243195642497],[-53.128640842501056,50.325460931141265],[-53.112052302592474,50.289933990626139],[-53.105074446754827,50.277973445857299],[-53.093113901985987,50.257442682122871],[-52.872625160868324,50.069445249508476],[-52.789586723430432,50.0830752960577],[-52.834723648888769,50.031543737528921],[-52.81624318032317,49.779548117502031],[-52.72956492146352,49.632711224900618],[-52.582728028861993,49.383528039054056],[-52.46158232443787,49.390307948802331],[-52.209895478608871,49.406715567249023],[-52.072342155737999,49.414264721989241],[-52.025258588106624,49.316245812009527],[-51.985444545353801,49.269162244378151],[-52.023989555375692,49.220809644015787],[-52.072342155737999,49.213387447205889],[-52.154171919218811,49.187332480897339],[-52.514513305056141,49.200947520572356],[-52.582728028861993,49.131678828566464],[-52.704176520284591,48.880224862676755],[-52.760337963712061,48.758776371254044],[-52.69466882658628,48.646835573529813],[-52.582728028861993,48.455522299213953],[-52.506512900847838,48.324605626144205],[-52.462268157729966,48.248390498130163],[-52.317295842351655,48.003436811516394],[-52.200864815291709,47.866527284559879],[-52.095294730747469,47.738004625006056],[-52.086344194112087,47.724002586631968],[-52.072342155737999,47.685779402714957],[-51.96290557604118,47.337055331578938],[-51.92922166083531,47.227618751882176],[-51.790790959835022,46.998784074661046],[-51.710747801893604,46.86602439803778],[-51.620964497012494,46.717232878758068],[-51.598480581517606,46.680708579854524],[-51.561956282614005,46.621170549091232],[-51.40494655691532,46.363856731332703],[-51.309486900400145,46.206847005634131],[-51.210775590061019,46.047641825063124],[-51.051570409489898,45.789905211454936],[-51.002044795389224,45.745986746610868],[-50.945567865409942,45.69646113251008],[-50.728224156701572,45.509421512174413],[-50.541184536365904,45.350091392275658],[-50.431445244882525,45.295814550869636],[-50.210975588390511,45.186075259386143],[-50.123128327112227,45.093745595515827],[-50.144462945353951,44.789353668374019],[-50.110636353698567,44.675689386262093],[-50.079156748949003,44.627331300555056],[-50.03079866324191,44.552719283647491],[-49.799983665120749,44.444874388140988],[-49.766718889612036,44.429383286768143],[-49.520412790117916,44.313631261645185],[-49.447589147978306,44.238127155277823],[-49.424102649038218,44.165303513138156],[-49.259717143274372,43.915613286857592],[-49.238786920176665,43.883677643196847],[-49.088719518814571,43.654917640014105],[-49.057240658045544,43.607703898962541],[-49.010026916993979,43.5365609335812],[-48.854128486356103,43.300430197527987],[-48.751680212652047,43.144531766890168],[-48.650777925187469,42.99339488557257],[-48.499641043869985,42.765926804977539],[-48.434599220130394,42.699187717505595],[-48.412684883072075,42.63414589376606],[-48.243083610132715,42.380317454379281],[-48.237668505780391,42.372173355676466],[-48.07233321414742,42.12376002064218],[-48.038834471207906,42.074180720180266],[-47.989255170745992,42.000435986532466],[-47.834095463230824,41.768533855033183],[-47.730794706351219,41.613374147518073],[-47.629219025190253,41.463024419949761],[-47.478869297621998,41.239356282342385],[-47.432268274917021,41.149589297099055],[-47.387809119281883,41.102988274394193],[-47.218781086959382,40.852690611932644],[-47.198732541366496,40.822851518138577],[-47.043876907283732,40.592602401270085],[-47.013308403575536,40.547777422192382],[-46.968483424498004,40.481709618358025],[-46.831454321909177,40.219245630734747],[-46.699181108206858,40.082216528146205],[-46.601499031835431,39.938815047684614],[-46.458097551373839,39.727216632752231],[-46.411903565073089,39.618024641322961],[-46.392622875309314,39.571830655022097],[-46.288999613293868,39.402732716942069],[-46.229766223910417,39.289776109361696],[-46.007041411213493,39.06144478189799],[-45.982898211537531,39.026258248610588],[-45.947711678249846,38.974713879548744],[-45.821600399064835,38.677170187959291],[-45.768861429031404,38.55105890877411],[-45.642604938235877,38.345779775664198],[-45.437325805125909,38.138039181847716],[-45.319091599241233,38.158907241534735],[-45.359891570779041,38.040673035650002],[-45.163493552074328,37.804119415577816],[-44.926939932001915,37.573248455508747],[-44.706532618047277,37.820265721695364],[-44.591249773172535,38.040673035650002],[-44.689442657384348,38.278170310267683],[-44.926939932001915,38.332135773159507],[-45.12696203227739,38.351036808498634],[-45.180855483720848,38.55105890877411],[-45.118831806006767,38.742950782779019],[-45.057341831067106,38.931042882833026],[-45.014957194372357,39.06144478189799],[-45.023467595155751,39.157972445051996],[-44.926939932001915,39.196331440330994],[-44.849360169966303,39.139024543933829],[-44.743775183508149,39.06144478189799],[-44.611323714869059,38.866675125907022],[-44.416554058877921,38.578723878745336],[-44.402196665325846,38.565416302326184],[-44.386654773262933,38.55105890877411],[-44.135751147094766,38.321475947433385],[-43.906168185753927,38.111972381468149],[-43.877415735461739,38.069425485942304],[-43.858088809713024,38.040673035650002],[-43.756803991364848,37.891308841261036],[-43.671223147307671,37.765232200972378],[-43.512590659730449,37.530287162526122],[-43.546099877445442,37.379969597710613],[-43.585234025077227,37.209353001849308],[-43.626772228004654,37.019901289402185],[-43.533642551437538,36.88204105059458],[-43.395782312629933,36.676891973321347],[-43.303797150232924,36.601500578675029],[-43.283901280227724,36.509515416278134],[-43.123760145948381,36.271151709835522],[-43.055905760217001,36.169638863865089],[-42.941817088750895,35.999129543154197],[-42.919095443073161,35.965430539587032],[-42.885396439505939,35.915197103082164],[-42.714468637826144,35.659671471709999],[-42.600687717952781,35.488743670030146],[-42.510104990915522,35.353649245496626],[-42.375010566381945,35.151193053860368],[-42.176633333773282,35.290366437421426],[-42.268584006147535,35.488743670030146],[-42.219664232821799,35.644090003590179],[-42.171991099172544,35.796110075944739],[-42.10781368430986,35.999129543154197],[-42.04970345109183,36.184208300987962],[-41.98465979666372,36.389480312872365],[-41.94680554203353,36.509515416278134],[-42.002238841326744,36.647129564346812],[-41.864624693257952,36.769929113171827],[-41.761889651701551,36.612250457834477],[-41.695313768703045,36.509515416278134],[-41.560681957543409,36.303072278868513],[-41.380656671642726,36.025547394662908],[-41.363500456465772,35.999129543154197],[-41.359840895018976,35.993527468269008],[-41.354238820133958,35.984906175999583],[-41.223168089847945,35.619814400316102],[-41.176056884456386,35.488743670030146],[-41.087850255122532,35.24474636191735],[-41.075141337446496,35.209646187342685],[-40.991459142547569,34.978357796906039],[-41.10741193640979,34.731530913181928],[-41.354238820133958,34.700108895575795],[-41.567978436937778,34.764618180102218],[-41.650251809093447,34.978357796906039],[-41.714845239120848,35.128137251043199],[-41.864624693257952,35.163578182525953],[-42.089967372508909,35.203700476157053],[-42.2772839090959,34.978357796906039],[-42.148997219148782,34.752344449672876],[-42.127849061311679,34.715133428852482],[-41.988027422613186,34.467971923782102],[-41.943256997562742,34.389339619477312],[-41.864624693257952,34.250609454337507],[-41.732436948209113,34.089773795706833],[-41.625265240644865,33.957586050658051],[-41.495194925760643,33.816629945031366],[-41.354238820133958,33.622854736501438],[-41.284223784708786,33.517215212959343],[-41.238018580268715,33.447200177534114],[-41.080761733459553,33.210291391084354],[-41.009465916175998,33.102427273576097],[-40.89990476112564,32.936814304410063],[-40.926185896277161,32.854481355142866],[-40.843852947009964,32.852325173957468],[-40.79732599681995,32.89028735422005],[-40.817000552743139,32.936814304410063],[-40.80451692909179,32.976150322328351],[-40.70072603051193,33.304073261036081],[-40.655190404650966,33.447200177534114],[-40.543995759225936,33.657728862874137],[-40.33346707388597,33.881207050874877],[-40.098921922522152,33.723040899294347],[-40.07426450357525,33.706402747844834],[-39.823081200761976,33.537452927267225],[-39.769177211336114,33.501104166959976],[-39.688997500318408,33.447200177534114],[-39.543070722358948,33.216824782813148],[-39.458269093537751,33.082388070309946],[-39.366355629953489,32.936814304410063],[-39.345544093351975,32.903965538695957],[-39.312695327637982,32.851905667039148],[-39.148375956444113,32.590747802479996],[-38.982669389204659,32.426428431286126],[-38.903840736729137,32.324897149070864],[-38.802309454513988,32.193650179248266],[-38.696531632011613,32.021820380664394],[-38.538663027782718,31.916042558162076],[-38.414607247313143,31.793358892238871],[-38.291923581389881,31.655309402978787],[-38.196298053874159,31.501282212553917],[-38.137113005098342,31.405656685038139],[-38.000984882853061,31.186209510450965],[-37.885091502276282,30.998824605924369],[-37.821000850044641,30.895270811914031],[-37.805897590090183,30.870910930089849],[-37.781537708265887,30.831507530767567],[-37.567703511527327,30.598719135528768],[-37.372459002589608,30.384884938790151],[-37.324075017764471,30.331961756167743],[-37.27115183514195,30.273724164789201],[-37.11967797445817,30.02597292634988],[-37.027278163419396,29.874499065666043],[-36.940147041028354,29.69511798665576],[-36.760765962017956,29.437352461705132],[-36.73309126492552,29.391787889634543],[-36.716380034228564,29.364113192542163],[-36.670806484145885,29.274153714670035],[-36.570845817125303,29.043647464310766],[-36.441248329829648,28.853727319418056],[-36.365991440379219,28.738115967932799],[-36.250380088893962,28.631014270425283],[-36.139137960026744,28.454583575161394],[-36.069128941824715,28.343341446294176],[-35.970749842176645,28.112585819887386],[-35.959699904911815,28.052661262312085],[-35.893199766237728,27.832955573170068],[-35.85716310842281,27.715786680517283],[-35.739994215769968,27.493686779955965],[-35.684581986674971,27.377981929140958],[-35.658192520851287,27.322569700046188],[-35.58375300355948,27.166328487835642],[-35.519812125401643,27.032365917290463],[-35.415254435519955,26.81218382692208],[-35.345297910883346,26.696494258684822],[-35.229608342645975,26.558926723439583],[-35.089715523808763,26.441690772635411],[-34.976597057652043,26.301797953798143],[-34.919838175287339,26.101182248032785],[-34.719222469521981,25.895357291312905],[-34.678929157022367,25.831705393173763],[-34.653438330106781,25.791412080674093],[-34.540279315184762,25.612468926336874],[-34.481197068458641,25.519051608613324],[-34.330742184161295,25.281026207550156],[-34.299531123118015,25.190331680829956],[-34.208836596397987,24.927107371657883],[-34.004087263311135,24.975389667512957],[-33.93429456946069,25.006484180612802],[-33.698450723273993,25.038147374454923],[-33.599429129548355,24.869661928151629],[-33.54117026199674,24.770640334426105],[-33.327648739422216,24.631056445153774],[-33.188064850149999,24.538618781528385],[-32.981646815445799,24.466672496006311],[-32.770544114619781,24.260254461302168],[-32.737810675262892,24.200122763065281],[-32.677678977025892,24.08986601041812],[-32.55758638384134,23.869961181362839],[-32.491863702840305,23.749868588178117],[-32.377164033383849,23.539997658696223],[-32.267423746285147,23.339613357437429],[-32.212620240285389,23.23948271505418],[-32.194794987443004,23.211980831513188],[-32.167293103902011,23.179098046039826],[-31.974149625423138,22.922240320408946],[-31.828959623241474,22.729096841930073],[-31.768130465138825,22.617873607569265],[-31.656907230777904,22.414919859821623],[-31.587346258756213,22.288271940827769],[-31.549056259040981,22.218710968806192],[-31.551846067395445,22.11364980542362],[-31.561441225209762,21.803791101250397],[-31.563998127371178,21.708325095682085],[-31.419779030234054,21.471196895138121],[-31.406391997500293,21.448454455835872],[-31.23802465996107,21.197939222558205],[-31.200961955631385,21.143498624580786],[-31.14652135765391,21.052892525153482],[-31.013131726203142,20.820942980884865],[-30.93630673801988,20.687553349434097],[-30.826887073384796,20.496801760579388],[-30.652952631983283,20.19398462376347],[-30.643296545175247,20.177167476310046],[-30.640691108686667,20.172611852153352],[-30.636135484529916,20.164656126584362],[-30.454450123908885,19.848466963807255],[-30.349936685996965,19.666781603186109],[-30.268274808849185,19.524256405742733],[-30.125749611405922,19.275751947062759],[-30.082143098190556,19.200002243277481],[-30.057020930046917,19.156395730062002],[-29.964446219405033,18.995092338061113],[-29.895981750377814,18.87577771796623],[-29.76405091389654,18.646009856938122],[-29.7099322883181,18.551441306901893],[-29.615363738281985,18.386290858765165],[-29.523877352194404,18.227110369901652],[-29.471284717361414,18.135623983814014],[-29.337811879133142,17.902789969838864],[-29.277704752453758,17.797964997985957],[-29.178669446672188,17.625238110690134],[-29.151851171345527,17.578364804502542],[-29.104977865157991,17.496470376056777],[-28.965766845443454,17.254063257280677],[-28.885829314422324,17.114852237566197],[-28.784971664545822,16.924472565054202],[-28.638661384686259,16.648535757094407],[-28.615300648818845,16.604466364442146],[-28.607556428561338,16.591501927914578],[-28.594591992033997,16.569804358817976],[-28.416359384965972,16.272313098386235],[-28.309613718757305,16.094080491318209],[-28.228213836974419,15.950072773253737],[-28.084206118909947,15.695678877484625],[-28.043667199628374,15.624233537475675],[-28.020645032424,15.583694618194102],[-27.92427036329849,15.423758862582645],[-27.852639496828544,15.30487536715151],[-27.71306353444578,15.073308745070051],[-27.660499134421912,14.986629856434149],[-27.57382024578601,14.843875978845347],[-27.46899570434158,14.667747413390487],[-27.41003448453273,14.562922871946114],[-27.284838246288984,14.341518998318975],[-27.183165154187634,14.172267780347738],[-27.112341617392588,14.052536998822063],[-27.093635773424353,14.022335598059726],[-27.063434372661845,13.973729582805959],[-27.038239994092237,13.567345504267848],[-26.794821347461493,13.542151125698126],[-26.701333821920798,13.393865803315293],[-26.553048499537852,13.15969369988062],[-26.548775795793972,13.036037956318125],[-26.548649033253525,13.031765252574075],[-26.544109604921346,13.022826357957342],[-26.513593335868279,12.560834543119881],[-26.142274856527195,12.521379379450138],[-26.07088028420327,12.493161721660726],[-26.042662626413914,12.171859550411739],[-26.040106432297819,12.013549700442184],[-26.040053014414354,12.010993506326031],[-26.039546783818196,12.007877663730198],[-25.934398650235948,11.608871609380117],[-25.920596683304097,11.500607633202151],[-25.830011512691669,11.287956519479792],[-25.824680876186733,11.208203510305282],[-25.662694202557759,11.120639209345995],[-25.532276753289921,11.021700068601035],[-25.501519662479154,11.02097885088881],[-25.029339571663684,10.997670451575971],[-25.021890880165927,10.997486713491867],[-25.017002714738737,10.995109925505346],[-25.014427537544691,10.990221760078043],[-25.005883931945164,10.97421481185728],[-24.957027699774983,10.544699067345221],[-24.535106413610777,10.503437293523007],[-24.511505007041933,10.491114827278466],[-24.503916363901226,10.48742453009487],[-24.499916353433207,10.479835886954163],[-24.486537397510006,10.454868277422293],[-24.437722231658256,10.043232789213846],[-24.034917669780157,10.003248549692387],[-24.001119133917939,9.985613634242327],[-23.990244211999425,9.9803249357486266],[-23.984508391416284,9.9694500138300555],[-23.965150842794912,9.9334817227071426],[-23.916920066311889,9.5432632083121121],[-23.536875033682804,9.5052059135949207],[-23.490733260793945,9.4811618516546901],[-23.469208431284585,9.4805889702155355],[-23.077315640783809,9.4590641407061753],[-23.023628620012403,9.4157829083637239],[-22.980347387669951,9.3812822918428651],[-22.948944520238115,8.9800811350138474],[-22.947139826392629,8.9486782675820677],[-22.907454052289779,8.8757849322018956],[-22.862892602852583,8.5557471792754427],[-22.554244623037562,8.5225755029498487],[-22.469961514545957,8.478635135372997],[-22.443108393953196,8.4651455150508923],[-22.429645179163515,8.4382923944581876],[-22.381999574747113,8.3503304546593426],[-22.342919680803618,8.0549483550764194],[-22.056800270713609,8.0251311506258389],[-21.959575641421964,7.9744557324656284],[-21.927992482718707,7.9594896800373363],[-21.910330862444482,7.92790652133408],[-21.848745193064474,7.8170760729765902],[-21.808970906072602,7.5681253835594475],[-21.575592479332556,7.5439233592446726],[-21.44918976829797,7.4788286021178578],[-21.407882880572799,7.4588275359351996],[-21.385645496777101,7.417520648210143],[-21.305295924576001,7.2736268044880035],[-21.273903176998942,7.0824213663851765],[-21.096027691707718,7.0643585716198345],[-20.938803895173976,6.9837119672395147],[-20.887193027644855,6.9587456426152698],[-20.859366212730322,6.9071347750860923],[-20.757920372546437,6.7262512524586668],[-20.73655569555001,6.5989971015860647],[-20.619026134302771,6.5873570142148878],[-20.428418022049982,6.4899788859112277],[-20.337738372668412,6.4874285513435552],[-19.989825428729375,6.4685421817655993],[-19.918032148925988,6.4664175841865017],[-19.87103701299327,6.4437440378948168],[-19.845537027492583,6.3967489019621553],[-19.750348903114229,6.2290656561503397],[-19.723484855556819,6.0809103222072167],[-19.588872058679669,6.0675888117158934],[-19.407646275801994,5.9755290511739076],[-19.347476906352881,5.9465323982872746],[-19.314784748139004,5.8863630288381046],[-19.192011013769445,5.6707277668057259],[-19.179757910181308,5.6038655213347965],[-19.119363863032447,5.5980806160685574],[-18.897260402677887,5.4857025063776064],[-18.82318925331856,5.4500483050734942],[-18.7828950331633,5.3759771557141676],[-18.639010670430366,5.1238410148377511],[-18.386874529553893,4.9967273550335563],[-18.298315031270761,4.9541507808734195],[-18.250086874092574,4.8655912825901169],[-18.11420468665591,4.6278752523641629],[-17.876488656429956,4.5084189089953952],[-17.772978141982094,4.4587159239139851],[-17.716554102537202,4.3552054094661798],[-17.588998730193623,4.1323094625785188],[-17.366102783305962,4.0206211377847012],[-17.247283463601661,3.9636388560464297],[-17.182461840758947,3.8448195363420723],[-17.0634838442312,3.6370526022928971],[-16.855716910181968,3.5332063898936781],[-16.721317880119557,3.4688326932806035],[-16.647948963911347,3.3344336632181921],[-16.537736493843283,3.1420282064327125],[-16.345331037057974,3.0460690574603859],[-16.19515418591385,2.9742246412381519],[-16.113133826282535,2.8240477900940846],[-16.011821745528209,2.6471712084998558],[-15.83494516393398,2.5591211679178514],[-15.594569399211196,2.5540376816929893],[-15.563596170647656,2.5526987968077037],[-15.324559290809987,2.5474201902993627],[-15.166250757053604,2.4719704507264737],[-15.079302849614805,2.3136619169702044],[-14.982342035197007,2.1454932994590763],[-14.814173417685993,2.0620992166123528],[-14.638831839184377,1.9786176223477128],[-14.542539002750516,1.8032760438460969],[-14.455271617297001,1.6517919711109812],[-14.303787544561999,1.5767622288145731],[-14.111425763047123,1.4852519522369789],[-14.005827729575003,1.2928901707222167],[-13.92745451219298,1.1588373299672412],[-13.793401671438005,1.094786099934538],[-13.58181058878688,0.99409538024923449],[-13.465921673122466,0.78250429759810913],[-13.399238775309584,0.66628132060242251],[-13.283015798313897,0.60878343417010683],[-13.106062843447944,0.60555134273209887],[-12.949209102303996,0.60592512048413028],[-12.772629925190017,0.60256127138848115],[-12.548529787326515,0.49621856233756034],[-12.42532543551215,0.27211842447400159],[-12.365726195086097,0.16863628145392795],[-12.26224405206591,0.11745599941235696],[-12.02005174509344,0.0039248583224775757],[-11.883922156106507,-0.23826744864987859],[-11.835125318169162,-0.32153458787701084],[-11.751858178941916,-0.36113862835264854],[-11.52127636670042,-0.46884926089148848],[-11.471040392882969,-0.46783553571486891],[-11.465621509889104,-0.52450411770269056],[-11.341699103375049,-0.74865332177387245],[-11.304959795575826,-0.81214081153177631],[-11.241472305817922,-0.84302752311799622],[-11.061623615132135,-0.9285020124597736],[-10.910101564794559,-0.92766845387450303],[-10.894657322614989,-1.0954683049769187],[-10.805120759371448,-1.2590391948978663],[-10.778139811295375,-1.3060925734994271],[-10.731086432693928,-1.3293227853592953],[-10.659560844293935,-1.3305647832978593],[-10.291165991473008,-1.3295046268011106],[-10.220700559569934,-1.330779687614779],[-10.081034672546537,-1.3987050819213209],[-9.8536847146152695,-1.4024092230671386],[-9.8312544954842451,-1.6484852589835555],[-9.7657575890713133,-1.7694250680218602],[-9.7621382369094363,-1.821248618485356],[-9.7434540044686173,-2.246671623123234],[-9.7412490560694778,-2.279810941145854],[-9.7285575393217414,-2.298053794021655],[-9.7103146864459404,-2.3061062724588623],[-9.6726608512953476,-2.3174647762965606],[-9.2361251329120932,-2.3160072607359439],[-9.1999288133220034,-2.3438585697716121],[-9.135902032122317,-2.3438377223455973],[-8.7517803541485932,-2.3420483550965514],[-8.6895429401979527,-2.342027913986783],[-8.6268872527844565,-2.3424666285593503],[-8.2405740056497052,-2.3412278797215436],[-8.1791570670740157,-2.3416668545602306],[-8.1167454409690549,-2.3422225672507579],[-7.7306051417580193,-2.3416448889539083],[-7.668771193949965,-2.3422071352833314],[-7.6240246302633068,-2.3245575048325691],[-7.5921828815106096,-2.279810941145854],[-7.4647151818086854,-2.0757549290046313],[-7.4443981294401169,-1.9937981325317651],[-7.3829468349358649,-1.9939865821316971],[-7.1583853208258574,-1.8944282291114405],[-7.0314311712265862,-1.8963792176212451],[-6.7760915497832457,-1.8975171701031854],[-6.6479994477019204,-1.8995297618230893],[-6.5537115270559525,-1.8637129886679418],[-6.4832113035279235,-1.7694250680218602],[-6.3466678364125073,-1.5603708061873931],[-6.1376135745779266,-1.4712172195065705],[-5.9197602112152481,-1.4768925582606585],[-5.8461299334618957,-1.477941426905943],[-5.6272277014539327,-1.4837840406786995],[-5.3945783741776268,-1.4916885221742859],[-5.3506013449751322,-1.4927987115430597],[-5.1168418283299388,-1.500885789832239],[-4.8660973221747668,-1.5097837010530384],[-4.8574035657025547,-1.5099868053944761],[-4.606455955205945,-1.5191186473107905],[-4.4117306086067742,-1.453764541497037],[-4.2475804785416926,-1.2590391948978663],[-4.1838946569873769,-1.1712146199923836],[-4.0960700820819511,-1.1376424279366688],[-3.9811120349223756,-1.1440811477383477],[-3.6797401118191146,-1.1649832920367658],[-3.5856842089579573,-1.1703861711031323],[-3.5023227190832245,-1.1756777050232472],[-3.1302012758632713,-1.2041362548685584],[-3.0752983358339634,-1.2077075813932652],[-3.0273593000685537,-1.2111001591326271],[-2.5751244754109166,-1.2488271821969761],[-2.5649124627099695,-1.2495671584895263],[-2.5561227245997884,-1.250249456787742],[-2.4584294537734195,-1.2590391948978663],[-2.1534762622018206,-1.3579888675137113],[-2.0545265895859757,-1.3935027414073033],[-1.8464698918211297,-1.4670958926627691],[-1.7766033373046071,-1.4915018157404916],[-1.5441407164619818,-1.5748537082727125],[-1.3799183230490257,-1.6052026746089609],[-1.1652402332443899,-1.6379396781152877],[-1.0337548433379879,-1.6609485852657713],[-0.95527469024841594,-1.690944914932345],[-0.69422105361377362,-1.7694250680218602],[-0.56159619322812659,-1.8076522910360495],[-0.52336897021399409,-1.8180539555809219],[-0.45641482451856064,-1.8363792137172936],[-0.16294611713328777,-1.9193880880652614],[-0.012983097090000228,-1.9594108398148933],[0.24020491395447152,-2.0266229301014391],[0.24555031859642895,-2.0279584837082325],[0.49740277603410732,-2.0931864582963726],[0.63734293976222034,-2.1398707774177979],[0.96336950097384033,-2.279810941145854],[0.99389070406544988,-2.2937088862385053],[1.0077886491580443,-2.2988072737209109],[1.0337265896739609,-2.3057488816617138],[1.3863173861797122,-2.4116680772484074],[1.518174522282095,-2.4439327218123026],[1.7242119973526542,-2.48584841621647],[1.8053337930903695,-2.5030375434615166],[2.0285603954060321,-2.5474961538769776],[2.2329092184476735,-2.5858479912283769],[2.3562841233442668,-2.607534669084032],[2.5389462685300828,-2.6411362501975759],[2.6703562591658851,-2.6587868236341023],[2.9523944941682316,-2.6932591667840597],[3.0493321416540198,-2.7060048754943864],[3.122245209377752,-2.7172837465461726],[3.5483787151359252,-2.7788575146277594],[3.5597180147780705,-2.7805808792407447],[3.568180734372504,-2.781734094675528],[3.6349844301611824,-2.7901968142699616],[4.0208463492883766,-2.8394543528837062],[4.0701038879020075,-2.8452687505052836],[4.1313775540793927,-2.8514704804472331],[4.4811615902584094,-2.8895249850375535],[4.580489761026115,-2.8994101809988138],[4.6937343676736987,-2.9034414209176589],[4.9653596333544101,-2.915712815065433],[5.0908756341501658,-2.920092992219395],[5.2239134964193568,-2.9232346765392094],[5.4603547328161994,-2.9311035887278081],[5.6012615072741028,-2.934365862002096],[5.7518413704374325,-2.9407766774332345],[5.9509197807781788,-2.9509244138898794],[6.1116473803981535,-2.9576482422054369],[6.2818836322222751,-2.96043306609414],[6.447600650186871,-2.9646294176050674],[6.6220332535220905,-2.9674313508232899],[6.7951311171095767,-2.9632946778574478],[6.9616594970223105,-2.9609564438936786],[7.1324191266459707,-2.9569534703663294],[7.2916282405943775,-2.9494059282182548],[7.4911901111468637,-2.9418117028930624],[7.6428049997700782,-2.9347513908635392],[7.7757371485143949,-2.9231289630143351],[8.0412220388480478,-2.9021656483158154],[8.1531908728939584,-2.8925273740119906],[8.2439382292885171,-2.8809441706644066],[8.6208553362837961,-2.8329182240042314],[8.6635767460180659,-2.8274673351502315],[8.6950865349651849,-2.82170660321691],[8.8760513448692677,-2.7901968142699616],[9.1310521671335891,-2.7472863622614341],[9.1739626191420029,-2.7401101551977831],[9.2390627658052153,-2.7250966676066923],[9.5474412876694714,-2.6532896096733793],[9.6843484922660537,-2.6218985586291979],[9.9217183294469464,-2.552826977089012],[9.9494037165919167,-2.5448661654717171],[10.194734365389991,-2.4727816683560491],[10.340292142404962,-2.4253687181607688],[10.683439286712883,-2.3014918929470696],[10.705120238514041,-2.2940436657659689],[10.715374038383686,-2.2900647410156125],[10.742854641781719,-2.279810941145854],[11.090562425546295,-2.1548672550541141],[11.215506111637978,-2.1080490914383745],[11.453274886612746,-2.0071938429967418],[11.514657086990212,-1.9806599657936772],[11.725891984762029,-1.8900347172871648],[11.810277148281273,-1.8538102315412175],[12.006668958257421,-1.7694250680218602],[12.165991004030275,-1.6991382141661688],[12.236277857886137,-1.6660777193243348],[12.424181624851599,-1.5815213010563411],[12.516190542088395,-1.5389518791002388],[12.746663731010074,-1.4399091815955103],[12.878699058178086,-1.3910745220660488],[13.247094635574058,-1.2590391948978663],[13.254321199835715,-1.2563107905995707],[13.257049604134124,-1.2554153072775875],[13.262193996777398,-1.2538948022545355],[13.645699273007551,-1.1373029906472993],[13.767435477258061,-1.1021750196799758],[13.969873753602826,-1.0566009185531584],[14.055352813409229,-1.0365706579251537],[14.277821350382112,-0.98766298887426274],[14.486112802126968,-0.95694477351867135],[14.594719730664565,-0.94214081461524302],[14.788207223506049,-0.91415600036833666],[14.943204436193241,-0.90365053446100774],[15.15670961300043,-0.89053680540359892],[15.2985930966301,-0.88103399975517505],[15.428808784598289,-0.87886900974211812],[15.703142283073817,-0.85449000845409273],[15.808978969754037,-0.85246114040586463],[15.924017152857402,-0.86369150487729485],[16.181723322432845,-0.88629484221922894],[16.319364842878144,-0.90003031784067389],[16.504275268686229,-0.93356374758201355],[16.624591547454315,-0.95381249032152482],[16.829750716002025,-0.99222375466479207],[17.041466194055545,-1.0473237168445166],[17.163038393528439,-1.0819409993002864],[17.340136589126132,-1.1298586159506954],[17.436985326359263,-1.1621904576647353],[17.704289378691556,-1.2590391948978663],[17.817209931016976,-1.2923517261310167],[17.850522462250012,-1.30287882362137],[17.918857900539194,-1.3273746331869347],[18.196024478277593,-1.4239230519942794],[18.36090833537412,-1.4849232780911166],[18.563616309142787,-1.5667170942531925],[18.746034850531544,-1.6441657100555176],[18.871294208498,-1.6962484839647232],[18.922030134582769,-1.7186891419372046],[19.031724757199754,-1.7694250680218602],[19.269870423824727,-1.881234725819354],[19.381680081622108,-1.9361023247107596],[19.609470587983765,-2.0520204347842537],[19.725597841178626,-2.1133428275783785],[19.892065954746045,-2.2002367274807852],[19.943854422116544,-2.2280224737754111],[20.037305859122398,-2.279810941145854],[20.270692227367078,-2.4115705416489277],[20.402451827870095,-2.4880493261712218],[20.59246208763426,-2.6001865545056262],[20.906841646293287,-2.7901968142699616],[20.910551864071579,-2.7924826511923584],[20.912837700994032,-2.7939157922589857],[20.922815505369783,-2.8001746186456558],[21.224603094535553,-2.988817293852378],[21.423223574118083,-3.1148801155845831],[21.535902812575955,-3.1879034489360265],[21.707443646032459,-3.3005826873937849],[21.843127715365426,-3.391064419270549],[21.93360944724202,-3.4512970487681969],[22.145347034670863,-3.5992309730891066],[22.430009835481428,-3.8109685605179493],[22.437997115648841,-3.8169667652352359],[22.443995320366071,-3.8212268593197223],[22.477375993671046,-3.8443492338229817],[22.739435037196358,-4.0259147168115987],[22.954381193490008,-4.1746556835792035],[23.039005017870466,-4.2367306092614285],[23.145269655256129,-4.3213544336419432],[23.326086071604607,-4.4600354286513948],[23.464767066614115,-4.5658308755957364],[23.621597567597746,-4.6749098057821925],[23.84903002387864,-4.831740306765937],[23.923863139262608,-4.8830301072413249],[23.975152939737995,-4.9176955444759187],[24.227873165868687,-5.0894059537592398],[24.242823503798093,-5.099410870826091],[24.485538812862103,-5.2623249033327966],[24.533208005600443,-5.2944569871514773],[24.605120740618645,-5.3421261798899309],[24.841228667624421,-5.496822198251607],[24.995924685985983,-5.5960821287549152],[25.152110812827516,-5.696325926172392],[25.401073615757582,-5.8525120530139247],[25.466026798453981,-5.8927958136699772],[25.506310559110091,-5.9171434740250675],[25.668389684351837,-6.0145911782556709],[25.784395135649561,-6.0848133495983348],[26.016696432233971,-6.2216384695682336],[26.105912931120201,-6.2736814272517449],[26.263444114293634,-6.3628979261379186],[26.429345786693489,-6.4606344448024515],[26.527082305358078,-6.5246823113588448],[26.742412130688535,-6.6579539739313987],[26.907666318038082,-6.7434819388179221],[27.037468178481959,-6.8143513265724778],[27.076812039525237,-6.8339399382186912],[27.158750915851556,-6.8732837992618556],[27.422388719525941,-6.9987491313420946],[27.547854051606066,-7.0562937841069129],[27.774885288195321,-7.1566384357967081],[27.872878793662096,-7.1983085413179424],[28.058239924730003,-7.2783538168190489],[28.135166298417062,-7.306743298698791],[28.32085535785103,-7.3836696723858495],[28.498570221755813,-7.4537252484841474],[28.568625797854054,-7.4802560647329983],[28.701127069505787,-7.5161709440376399],[28.892781563766562,-7.5698997795973355],[29.079011670978161,-7.619107711032143],[29.285931088057339,-7.6871361284307227],[29.42682717866245,-7.7314851800702513],[29.589397544102042,-7.7838182722076681],[29.674395118931045,-7.8090579706809535],[29.97401671485585,-7.8940555455098433],[30.072051817874865,-7.9217871448611277],[30.099783417226149,-7.929266615489837],[30.146317216264947,-7.9405893445488118],[30.479882640114567,-8.024342195745362],[30.610169290350029,-8.0554001838256113],[30.814519288583938,-8.0984055437438656],[30.897962446199983,-8.1166482627840537],[31.120555163474137,-8.1625326816065922],[31.326024503485485,-8.198972078622603],[31.445095229484195,-8.2185956115199588],[31.630941036598074,-8.2508600502858371],[31.763799340318769,-8.2715831149131418],[32.049709457482265,-8.3128239663940917],[32.141326909722125,-8.3268271234210829],[32.211669361919405,-8.3340989664365566],[32.618141112866795,-8.3708697486545702],[32.651712782846062,-8.3742600096047681],[32.680367559398292,-8.3757866420815503],[33.157385435600077,-8.3997281982638583],[33.162098655970112,-8.3999778357405717],[33.166520004067706,-8.4000200705362431],[33.661564115484396,-8.3935210050241835],[33.672484529094049,-8.3936207377453798],[33.683646081248753,-8.393279866479304],[34.152005729520852,-8.3735767459366457],[34.182870402217929,-8.3726563007255663],[34.217668230178731,-8.3696435906731494],[34.619837818043834,-8.331022961335691],[34.693256275342037,-8.3247967916929042],[34.786908051665989,-8.3107896423099419],[35.066437664517821,-8.267236934685684],[35.203642148465917,-8.247014759693684],[35.40547538288132,-8.2026081842186613],[35.49281388224415,-8.1832272792880758],[35.714028021590025,-8.1347918247500388],[35.898261070372371,-8.0782885942923031],[36.108361625834732,-8.0101078143892437],[36.224413894714132,-7.9735309977349971],[36.281198278425165,-7.9508399292209901],[36.42164738867217,-7.8940555455098433],[36.649692942902675,-7.8089487205745058],[36.734799767838012,-7.7760826180896174],[36.961335081896323,-7.6675202314516469],[37.000416019265799,-7.649285923813693],[37.24518564096212,-7.526143911328063],[37.334374106554776,-7.4728581379785624],[37.468322804423565,-7.3836696723858495],[37.647953065745639,-7.2760512240454318],[37.755571514086,-7.2049475989471716],[37.944634030856548,-7.0623463160324036],[38.161501221978483,-6.8732837992618556],[38.22144650253108,-6.8287729145829985],[38.265957387210108,-6.7919396221134321],[38.490867158428159,-6.5878076973560837],[38.699065025370658,-6.3628979261379186],[38.741605759024253,-6.3281604248280132],[38.776343260333988,-6.2992567493006391],[39.005254773715308,-6.1339864127566557],[39.035725485151488,-6.1118942778313112],[39.286729133458095,-5.9346004688018752],[39.352175908890445,-5.9179588284462739],[39.528661366817857,-5.8525120530139247],[39.731328964513239,-5.7867260109449603],[39.797115006582032,-5.7574497791164845],[39.936195098839903,-5.7134319607560542],[40.12054136570265,-5.665552539010605],[40.307500879706083,-5.5956623365996734],[40.505222522341342,-5.5398478225253029],[40.699863341220123,-5.460149591499885],[40.81788675283002,-5.4194968239340255],[40.875818995570739,-5.4000584226307069],[41.012615777332371,-5.3421261798899309],[41.239919199832229,-5.2537727537680894],[41.328272625954071,-5.2132389232741616],[41.507817678646802,-5.1625811271971997],[41.628567428577298,-5.1320351093890508],[41.838658499078008,-5.067736455258057],[42.011979630948645,-5.0050614386364032],[42.28658312099634,-4.8942015579715985],[42.349044372202059,-4.8701736328883953],[42.377533237148498,-4.8602291717124331],[42.452201265369183,-4.831740306765937],[42.744731711428471,-4.7170417728682423],[42.859430245326166,-4.6685464001706123],[43.111479883743129,-4.5734040720590201],[43.121980742851463,-4.5691898092404699],[43.369816118450103,-4.4723414859679451],[43.481145390889139,-4.4326837060810362],[43.773368262214603,-4.3213544336419432],[43.850093644800893,-4.2912460868687958],[43.880201991574154,-4.2791161615380133],[43.946292630053961,-4.2552637951618522],[44.225685708395531,-4.1564522773393833],[44.390587864698091,-4.0955747916329415],[44.604215074240244,-4.0245957700600457],[44.730083654044506,-3.9818586442953574],[44.900973737822142,-3.9244552632929981],[44.988130260385333,-3.8981250830811405],[45.269427466297657,-3.8109685605179493],[45.377164745727725,-3.7767736952995392],[45.411359610946079,-3.7657168753794394],[45.475240007404295,-3.7470881640597895],[45.77205404310979,-3.6612771195576101],[45.921745484069959,-3.6173136776296815],[46.172152468349623,-3.5509896716734488],[46.185227206310742,-3.5474868382772229],[46.432131357194066,-3.4817751234166963],[46.57800052001312,-3.4464518502129522],[46.868122282812124,-3.3749776348998921],[46.942517230317947,-3.3568400573471422],[46.988544595821622,-3.3466100528974607],[47.193630816704399,-3.3005826873937849],[47.404691618461811,-3.2523712024135421],[47.452903103442054,-3.2412910276777893],[47.524432211483486,-3.2290535793525237],[47.847389624937307,-3.1846833357652145],[47.963288976565991,-3.1631744733757614],[48.136456017717194,-3.1274156462426959],[48.272498547379143,-3.0994063850829434],[48.473674849690042,-3.0577994402909781],[48.691823904612136,-3.008345869191885],[48.781988953652501,-2.9922685834314962],[48.984060722813979,-2.9499363773285268],[49.122056044884175,-2.9281921363400443],[49.401162547819808,-2.8834808623881827],[49.49444659593803,-2.8687151396764534],[49.56283360729833,-2.8585838256300917],[50.0032360094512,-2.7917932738807849],[50.004832469062137,-2.7915553125400265],[50.006049847411703,-2.7914141926196407],[50.016492288911479,-2.7901968142699616],[50.456284631024744,-2.7312631031085743],[50.515218342186017,-2.7217625897717994],[50.604730950624059,-2.7006842058318625],[50.864920557010407,-2.6295131559703009],[51.025604215310125,-2.5952637569161539],[51.257233323406012,-2.5585677061739602],[51.298156466336195,-2.552363192172038],[51.535990088434062,-2.5140692258374884],[51.737416742996572,-2.4812375957084214],[51.867738030479302,-2.4584488722246078],[52.046375961558113,-2.4287311961145406],[52.173414059318816,-2.4068490389067279],[52.488764814409535,-2.3478079614183684],[52.55676183468205,-2.3357924485529225],[52.603873810787945,-2.3269229172518635],[52.831420002589311,-2.279810941145854],[53.026271833581518,-2.2389350669212718],[53.0671477078061,-2.2295875134258267],[53.134422750106808,-2.2125358988451467],[53.437421958259449,-2.1396993184753796],[53.577533580930037,-2.1029202408362835],[53.829815571447568,-2.0275289506283798],[53.834343887990997,-2.0262353750828765],[54.087919454054088,-1.9475555056817484],[54.218765760332758,-1.900271374300587],[54.557812143581032,-1.7694250680218602],[54.587101849654346,-1.7582215904982945],[54.598305327178025,-1.753705112676073],[54.627502280260614,-1.7402281149392707],[54.938056216883581,-1.5987900846035359],[55.108691200302133,-1.5182062973383381],[55.277127196768447,-1.4274751913642945],[55.584217650981714,-1.2590391948978663],[55.606875725082773,-1.2468378465547403],[55.619077073426013,-1.2401507073535072],[55.66699499017767,-1.2111212781462086],[55.925285425273216,-1.0548616736210761],[56.12946294655012,-0.93063977868087022],[56.238865838648564,-0.85805621387254405],[56.40438616987484,-0.74865332177387245],[56.546960524661813,-0.65576502676168502],[56.639848819674,-0.59518577902468905],[56.850325837037246,-0.44874446601312457],[57.141435468061502,-0.24706667338648458],[57.150234692798108,-0.24096593481675654],[57.15179350661532,-0.23982626246720429],[57.153941362299008,-0.23826744864987859],[57.448545057790909,-0.026191940518685897],[57.660620565921988,0.12603591872783682],[57.744210066202982,0.18852892419317868],[57.856514952380337,0.27211842447400159],[58.037330061163743,0.40579480235635401],[58.171006439046096,0.50454005216101905],[58.32869861033214,0.6248121263118378],[58.535777175323119,0.78250429759810913],[58.618648331144982,0.84524827862333041],[58.681392312169976,0.89281704488013247],[58.906434459853926,1.0678480230380956],[59.178777371993135,1.2798893574212684],[59.191778185294083,1.290010242735093],[59.193382854915967,1.291285501100333],[59.195399531353019,1.2928901707222167],[59.477988241100093,1.5170659880400876],[59.70216405841802,1.6955096476206677],[59.761723627516517,1.7437164747476004],[59.835038202691919,1.8032760438460969],[60.043594281177718,1.9722316942105067],[60.212549931542071,2.109862620899321],[60.324176811485131,2.2020350370271444],[60.458570041274015,2.3136619169702044],[60.617593555127826,2.4190041665083299],[60.722935804666008,2.4569356710074999],[60.954273703486137,2.5449998157901632],[60.992243469124276,2.5547401256358171],[61.233321677790059,2.692527806213775],[61.305289648475195,2.7520798194090048],[61.391550082069443,2.8240477900940846],[61.583655840967651,2.9840995000404291],[61.743707550913996,3.118706056609085],[61.853996546613985,3.2241446675180327],[61.967449821933826,3.3344336632181921],[62.103713303280415,3.4848137839756532],[62.254093424038047,3.7329848559224956],[62.299945304648816,3.7989676557313601],[62.344078190854077,3.8448195363420723],[62.566915807162047,4.0423830263420086],[62.764479297161984,4.2196936678677162],[62.835714753439902,4.2839699531884321],[62.913659221825128,4.3552054094661798],[63.102509891330783,4.5275606884214881],[63.274865170286091,4.687047434295323],[63.374888887305133,4.7655675655710183],[63.538966144035385,4.8655912825901169],[63.68584533090177,4.9649969950982609],[63.785251043409971,5.0327693799000599],[63.960157319270195,5.201070879853944],[64.138962923187648,5.3759771557141676],[64.214470333537975,5.4571437387100445],[64.295636916534079,5.5651463152548786],[64.433948061915999,5.7480518834561849],[64.557657454444836,5.8863630288381046],[64.680792296149207,6.0115935223470274],[64.806022789657959,6.1413697368764133],[64.98802346176393,6.214748229856184],[65.29200208774887,6.3723423269288446],[65.316408662782067,6.3839437745836562],[65.322119758191775,6.3910378065524469],[65.32664446130849,6.3967489019621553],[65.391108203970646,6.4714484431507344],[65.558851928973525,6.6646915088946344],[65.753139716512692,6.9071347750860923],[65.781894956587792,6.9520343544044181],[65.826794535905947,7.0179214986780494],[66.006694928768241,7.2376202553480766],[66.193581895908608,7.417520648210143],[66.156668663666892,7.5980323935731917],[66.121660002642159,7.7123861149461845],[66.087574867742546,7.92790652133408],[66.202217185530969,8.062869744833165],[66.337180409030054,8.2262053942225748],[66.432768230436523,8.3427045730517193],[66.50902422170094,8.4382923944581876],[66.660992391945456,8.6248662846666662],[66.847566282154162,8.8604842731835447],[66.886399038013394,8.9098455117226081],[66.916083023021372,8.9486782675820677],[67.114321415458903,9.1923090074012634],[67.24649132995944,9.3476033153875733],[67.341005322093849,9.4590641407061753],[67.34887789116425,9.4681384048199675],[67.357952155278042,9.4797778410326714],[67.567629243585316,9.7597729255227819],[67.720154396110843,9.9694500138300555],[67.785325637025608,10.052462405206597],[67.86833802840215,10.151456446077702],[68.017926547944967,10.330247367411118],[68.130897876264441,10.479835886954163],[68.235489201112387,10.623070587367863],[68.37872390152603,10.829903607794165],[68.443785710090765,10.925159951513365],[68.486897507547894,10.990221760078043],[68.649353702308474,11.229977832419536],[68.708494496206015,11.319992354758028],[68.82791183817136,11.500607633202151],[68.852557206533675,11.537160201318613],[68.889109774650137,11.593378097927825],[69.053357247042754,11.846746033933414],[69.157067116325436,12.010993506326031],[69.252405901781799,12.158083252318306],[69.399495647774017,12.392460160666587],[69.449165848858115,12.471709178366098],[69.479299295397368,12.521379379450138],[69.60992476569362,12.731808497369684],[69.644378203338874,12.786882697009219],[69.792571782919538,13.031765252574075],[69.839076253254063,13.10257052021808],[69.909881520898125,13.204085835057356],[70.045572028215076,13.406460618381004],[70.132100868543034,13.542151125698126],[70.231242655303447,13.731175864416741],[70.328025891555228,13.960295496355229],[70.370333449951772,14.052536998822063],[70.385643209706643,14.087161183137596],[70.420267394022062,14.161428761795037],[70.554027573803126,14.42916269216505],[70.624688506066946,14.562922871946114],[70.736448653711022,14.757127485381091],[70.886966703817677,15.029622181741559],[70.911380526832772,15.073308745070051],[70.918410256344544,15.08555175587162],[70.930653267146113,15.107818983212553],[71.100406399066173,15.413941486274098],[71.190575055420425,15.583694618194102],[71.278942614441007,15.745791144023315],[71.44103914027005,16.057624915238193],[71.453818322633367,16.081301308954721],[71.460382232916061,16.094080491318209],[71.504059573497159,16.157100924545148],[71.662099348801519,16.38340615591062],[71.81012525880891,16.604466364442146],[71.857275632192113,16.698615745643906],[71.9514250133941,16.900659491193323],[72.018140310389583,17.048136940570544],[72.046887009724173,17.114852237566197],[72.122472708679254,17.285899932851351],[72.174889136893455,17.401773987190552],[72.270004663919792,17.625238110690134],[72.328873948682087,17.758175048526027],[72.461810886518037,18.085275655836824],[72.477205803416666,18.120229066915385],[72.483774313418508,18.135623983814014],[72.500613981715617,18.174427079011821],[72.634794450910704,18.473026292545455],[72.70589140836978,18.646009856938122],[72.795857232802121,18.822349383777919],[72.922867273959923,19.107066244380007],[72.945985212299547,19.156395730062002],[72.95711592307714,19.171476566627007],[72.972196759641918,19.190642197226907],[73.215238380429696,19.423739982398388],[73.431744141653496,19.666781603186109],[73.456510821087363,19.692853414864942],[73.482582632766025,19.722512221847751],[73.704374666275385,19.955375442800857],[73.898567479066969,20.177167476310046],[73.943574924864834,20.226561057335289],[73.992968505890133,20.284553082878801],[74.182634146826729,20.497887708497501],[74.34091055928792,20.687553349434097],[74.416079832219225,20.774827896228885],[74.503354379014013,20.881835767168923],[74.647630690864446,21.053662910707601],[74.762579547311304,21.197939222558205],[74.87524720222865,21.336432272467448],[75.01374025213812,21.515089429116415],[75.095621527351398,21.626443820468808],[75.143778847410545,21.708325095682085],[75.295551418827301,21.936899802116784],[75.387737356505454,22.082322200049418],[75.475083171397102,22.218710968806192],[75.49319721413093,22.249639879937263],[75.524126125262001,22.296491817460492],[75.705098265262279,22.548124701929851],[75.830322370531235,22.729096841930073],[75.914278134012818,22.849330706303363],[76.034511998386108,23.028028838538773],[76.120668131609875,23.153326581830186],[76.1778196591751,23.23948271505418],[76.324865506316996,23.459515080247229],[76.4528295752188,23.657800291886929],[76.512689037054486,23.749868588178117],[76.525414341547787,23.769352118140262],[76.544897871509988,23.800208077516288],[76.725704134011323,24.079448198800833],[76.839164539133492,24.260254461302168],[76.922647076432384,24.39289112950388],[77.055283744634096,24.610212345369462],[77.121046286941123,24.704877792119078],[77.165597534850235,24.770640334426105],[77.32710544374487,25.009204508439439],[77.391262898478772,25.10661948827078],[77.506773294438858,25.281026207550156],[77.529128661451182,25.317567163857007],[77.565669617757976,25.387754135457726],[77.708316195454074,25.648765502978222],[77.796294700109911,25.791412080674093],[77.908429010594261,25.959038560961915],[78.076055490882084,26.213397667946538],[78.110188672933589,26.267664771746695],[78.131760628407733,26.301797953798143],[78.230577919392374,26.456320382308434],[78.308940805181919,26.579298512622245],[78.459776594033031,26.81218382692208],[78.510322381849448,26.888302809078596],[78.586441364006021,26.999465727722566],[78.720488372228658,27.18852269182355],[78.817808684176327,27.322569700046188],[78.939174200057209,27.480222737118879],[79.096827237130071,27.680244775708729],[79.166151550055815,27.763631260244324],[79.229324635705723,27.832955573170068],[79.409213194447148,28.030955488977099],[79.607213110254008,28.261042847743738],[79.644708775327274,28.30584578122091],[79.677214079423266,28.343341446294176],[79.88995565636975,28.570984773302484],[80.117598983378059,28.828664178773067],[80.129410383085997,28.841915919710175],[80.14039528780836,28.853727319418056],[80.378801580278093,29.102910595642129],[80.476494822434802,29.212623158474969],[80.611932618679987,29.364113192542163],[80.619778973000564,29.372319076043766],[80.627984856502167,29.380886477345541],[80.872104466810868,29.630379455357399],[81.099837160230663,29.874499065666043],[81.118415981016653,29.894453814275664],[81.138370729626047,29.916331645662353],[81.36356919284384,30.159686475572357],[81.570942788134346,30.384884938790151],[81.608399497611003,30.425242043929302],[81.648756602750154,30.469265182879383],[81.855220060111549,30.688807354552466],[82.049730174105548,30.895270811914031],[82.102837671293344,30.951575616494779],[82.159142475874091,31.011340785354662],[82.351574534757845,31.213224626154158],[82.535218503560941,31.405656685038139],[82.600346603902153,31.474838430134128],[82.669528348998142,31.54714335663806],[82.851554264491938,31.73401664266828],[83.029648728024938,31.916042558162076],[83.10356703525315,31.992389745031119],[83.179914222122079,32.070780420146377],[83.357659053526504,32.248683599881701],[83.53641646436364,32.426428431286126],[83.613088248932911,32.503640277599345],[83.69030009524613,32.580751977962223],[83.870682003855507,32.756432395800687],[84.057384408694247,32.936814304410063],[84.129787971471501,33.007712301308572],[84.200685968370067,33.076437720019896],[84.38407208542111,33.263814060483071],[84.564569315205119,33.447200177534114],[84.636784083121427,33.521487935906862],[84.711071841493947,33.597218200721727],[84.898737798970728,33.76992009318127],[85.09343797080885,33.957586050658051],[85.159149254855834,34.019894510420443],[85.221457714618055,34.078294324488638],[85.430452623846577,34.258977014553579],[85.675019935477678,34.467971923782102],[85.705536098776406,34.494279412747687],[85.731843587741935,34.516650935023279],[85.974764495702743,34.735436888945401],[86.201772680543229,34.937901016583226],[86.242229460866042,34.974003704755205],[86.244244819258199,34.976342438513882],[86.245985918259521,34.978357796906039],[86.255095662147482,34.991223998187479],[86.45072208619888,35.280251044697309],[86.633657728260687,35.488743670030146],[86.695007782891139,35.5463512211291],[86.752615333989979,35.599933547037438],[86.960319064087571,35.791425813056549],[87.199714062931207,35.999129543154197],[87.233551660353214,36.028579089914899],[87.26300120711403,36.055281315103912],[87.503577186103144,36.268939437289021],[87.762599271058491,36.498727607098658],[87.773387080238138,36.508298503087985],[87.774008311521584,36.50889418499446],[87.774655841332162,36.509515416278134],[88.034855942066827,36.758432427573325],[88.283772953362018,36.996530165268609],[88.29558733191908,37.008086910845122],[88.307619538573078,37.019901289402185],[88.553537270708262,37.260522845179878],[88.794158826486125,37.496881057455994],[88.810799135328068,37.513646853683952],[88.827187932954985,37.530287162526122],[89.064417755872739,37.770414106263388],[89.304544699610005,38.015587333075416],[89.316789631636766,38.028428103623298],[89.328325755702224,38.040673035650002],[89.564527870053894,38.291075738330221],[89.692367927386897,38.428496263427064],[89.806442747830943,38.55105890877411],[89.810534810644299,38.555454670863924],[89.814930572734113,38.560253744837325],[90.05098493238313,38.8253904222492],[90.257224224716651,39.06144478189799],[90.288895207668929,39.097866020087281],[90.32531644585805,39.140677313120932],[90.535095344445892,39.362051756434425],[90.728494623969596,39.571830655022097],[90.780527948224915,39.627005025779283],[90.835702318982101,39.695608192819407],[91.002153010559255,39.915765836569051],[91.128502655685452,40.082216528146205],[91.221251412645984,40.207053307606259],[91.346088192106038,40.385708707799552],[91.430623104459016,40.508067488917277],[91.489278784860858,40.592602401270085],[91.644299528681699,40.804776937818474],[91.856474065230088,41.072929415961994],[91.869591863151413,41.089870476472868],[91.878478578265288,41.102988274394193],[91.905581390655016,41.15209559981912],[92.048484405133649,41.421363807614568],[92.164982765469802,41.613374147518073],[92.243339131715686,41.736894954156583],[92.366859938354025,41.937269416525851],[92.433261235826933,42.057358723169273],[92.469263305583297,42.12376002064218],[92.57592194433596,42.332822026623944],[92.607200689761726,42.393805142358417],[92.728457202641664,42.63414589376606],[92.776005130306146,42.735386574938047],[92.877245811478076,42.953565361822655],[92.940089836013669,43.081687742354461],[92.970262181823728,43.144531766890168],[93.044815037611045,43.312100993023307],[93.099021136567217,43.433142314924964],[93.196656810551474,43.654917640014105],[93.251646212140997,43.790903112475064],[93.387631684602013,44.131247663159854],[93.397176751788948,44.155758445951051],[93.400894217998825,44.165303513138156],[93.408285649367656,44.185957477903685],[93.531654410114925,44.531666660749181],[93.583358646169984,44.675689386262093],[93.661077566780421,44.912629377207736],[93.679225041979464,44.967282743639544],[93.751428914864903,45.186075259386143],[93.783060403308923,45.301032413803341],[93.898017557726121,45.667392352392881],[93.904850681954485,45.689628008281659],[93.906984076521837,45.69646113251008],[93.910576370150238,45.709019944934198],[94.017510275709242,46.08735428765084],[94.052016185526554,46.206847005634131],[94.098309242588755,46.407138690496822],[94.116624637212055,46.498625799272247],[94.171386650938416,46.717232878758068],[94.215151995624694,46.910484313983545],[94.245591787217961,47.064807108250136],[94.280747414783661,47.227618751882176],[94.305085163502213,47.330937019229907],[94.397157493313614,47.726758687469669],[94.399793975907414,47.738004625006056],[94.401262375226224,47.745145680629889],[94.408403430850001,47.778538550454357],[94.491114079098281,48.165679849881883],[94.509413249607121,48.248390498130163],[94.53521375272328,48.375200820003215],[94.577703544732572,48.58947625737153],[94.612598291299321,48.758776371254044],[94.660446117936829,49.010819058340871],[94.661427296310762,49.01613837891739],[94.71010416279745,49.269162244378151],[94.741563644974121,49.446387903378138],[94.777062729420663,49.637821542948814],[94.802561769343242,49.779548117502031],[94.818060814520152,49.880276606955988],[94.884247512749823,50.255392199401854],[94.889774550758943,50.289933990626139],[94.890615436939015,50.318107857661232],[94.918789303974108,50.499719791693963],[94.954593672719852,50.764515495004275],[94.959710464434465,50.800319863750019],[94.967281467701582,50.84881202747755],[95.021423196691842,51.208071844156393],[95.037654615473855,51.310705736874127],[95.043450528544383,51.435366961444458],[95.024313524534477,51.715567389437808],[95.030562661233091,51.821091609998064],[95.054531034415277,51.956833340439232],[95.089367009300133,52.160899777795919],[95.119918581332342,52.331477483122114],[95.126795325452633,52.539483504600696],[95.138547030276982,52.622105629943121],[95.144338137218028,52.841863356246051],[95.1758991751949,53.09513935814914],[95.176482100224746,53.099556152496689],[95.208385816829832,53.352249229370102],[95.231282614637621,53.550141791830697],[95.247309740560581,53.680769665956575],[95.268617470569041,53.86263510249421],[95.284445630635048,54.00736464895715],[95.313509730556461,54.257355529076619],[95.326317602354834,54.37302097561809],[95.33595253713213,54.466243615584176],[95.376062120468021,54.830293792112059],[95.38161987248202,54.883406848742197],[95.385849983555204,54.926732042285039],[95.429175177098159,55.341828691619526],[95.434065909356491,55.388901989607632],[95.434607318680264,55.393792721866134],[95.435237010988999,55.399854555757145],[95.479879902104926,55.853473869983247],[95.485211633987944,55.904178594990185],[95.491344307913096,55.966347725805122],[95.524242168116359,56.319497477095751],[95.533734978090934,56.414564468114122],[95.544539748635827,56.529929039651961],[95.567194139212461,56.78693137912353],[95.580278770013706,56.924950341238002],[95.59501720597035,57.090792370110364],[95.608765165220859,57.25574622623941],[95.624920167674532,57.43533621436211],[95.64294103945349,57.649102076717611],[95.648989731123152,57.725907533460997],[95.667746456080749,57.94572208748599],[95.659822825417336,58.176369735805338],[95.649352703508328,58.235930434199986],[95.63939255615486,58.456107960610098],[95.662255532304812,58.689188315816921],[95.665929005547184,58.729740005284782],[95.689541951671856,58.966493833734205],[95.71087649267821,59.195178391278034],[95.716925336836027,59.254243993472016],[95.738044866136022,59.476879706858085],[95.754460560816199,59.661980196263983],[95.76965622465616,59.817360754416256],[95.784978622401582,59.987265579982193],[95.796993930907433,60.129832699296855],[95.820190031679886,60.378280434564033],[95.83042044249737,60.497651453106073],[95.838509627874714,60.598702875453455],[95.868668215663092,60.937144491671177],[95.874439214776146,61.00803732623018],[95.867684827049857,61.079913549402363],[95.801556209529508,61.3804183586617],[95.791756128039196,61.518423199354061],[95.79925993912758,61.658724310448406],[95.813898679656518,61.90314670191259],[95.82070181424109,62.028809072478168],[95.826419093946583,62.141951028753681],[95.843563624023091,62.443197519403213],[95.848473838837549,62.539194945602048],[95.852624297314549,62.626131698509596],[95.871866405539208,62.981886174043098],[95.875137618394831,63.049580818726156],[95.873377198351989,63.115764670596207],[95.895543885992652,63.515949527620648],[95.894157699161894,63.559966691850093],[95.896326198322072,63.603201543750117],[95.922031727617252,64.0528232423693],[95.922922758575623,64.070352564974144],[95.9233291168336,64.08658449836247],[95.927698331397437,64.568875719273365],[95.927986193823244,64.580738438098081],[95.927760990316699,64.592538498003421],[95.895525247510932,65.047088508511024],[95.894769186992391,65.091124311222131],[95.896347347544008,65.134338013900276],[95.915268050790985,65.577217184915128],[95.916165909925382,65.601510184346068],[95.916947695415274,65.62412353915289],[95.936693459151684,66.109028466399764],[95.936793782589632,66.111896057470176],[95.936881497910292,66.114575609781753],[95.939561050222096,66.183554007470377],[95.965836316129639,66.596006664686684]]},"properties":{"OBJECTID":42,"Id":42,"Contour":480,"Shape_Length":282.85837444012128}},{"type":"Feature","id":43,"geometry":{"type":"LineString","coordinates":[[-16.362513808881886,17.642420882513989],[-16.345331037057974,17.67271058398029],[-16.326855930327895,17.64371321742027],[-16.323780322883977,17.625238110690134],[-16.326726638011507,17.606633711643724],[-16.345331037057974,17.447527744204592],[-16.440339407116255,17.53022974063191],[-16.402131168838025,17.625238110690134],[-16.362513808881886,17.642420882513989]]},"properties":{"OBJECTID":43,"Id":43,"Contour":420,"Shape_Length":0.53851013535170777}},{"type":"Feature","id":44,"geometry":{"type":"LineString","coordinates":[[37.1906889808904,-3.865465220589499],[37.24518564096212,-3.8582523302127356],[37.272881434133865,-3.8386643536896941],[37.302048413646162,-3.8109685605179493],[37.344074977135904,-3.7120792243441656],[37.445578324233168,-3.5009753706648894],[37.515666763844536,-3.3005826873937849],[37.413453079908322,-3.1323152484476395],[37.24518564096212,-2.9826129453999783],[37.053483095338606,-2.9818993598933616],[36.912587253044194,-2.9679842994758587],[36.734799767838012,-2.9671840781814467],[36.524605667074809,-3.090388586630695],[36.330864816679934,-3.3005826873937849],[36.398030279348859,-3.4741990720287959],[36.435551062995273,-3.599831392236581],[36.544681933117658,-3.8109685605179493],[36.66340733944071,-3.8823609889152522],[36.734799767838012,-3.9061453543035896],[36.817497992795438,-3.8936667854752045],[37.1906889808904,-3.865465220589499]]},"properties":{"OBJECTID":44,"Id":44,"Contour":420,"Shape_Length":3.3723993611523473}},{"type":"Feature","id":45,"geometry":{"type":"LineString","coordinates":[[-44.335773773915093,89.079260348050127],[-44.334974421921174,88.997680711093267],[-44.333226356955663,88.652202176848391],[-44.332402024603255,88.56887447492602],[-44.331469183841079,88.483789599889292],[-44.329632914987656,88.145409745692461],[-44.328669211737406,88.058488601802139],[-44.32771913726782,87.969653680192039],[-44.325795141028948,87.638861646527118],[-44.324814869279408,87.548102728678032],[-44.323779074036565,87.455327743836676],[-44.321771104834113,87.132499809597959],[-44.320702255071467,87.037716855554152],[-44.319571502961196,86.940734299637256],[-44.317482103657483,86.626402937650482],[-44.316315214879126,86.527330982430044],[-44.315079004080133,86.425855927632313],[-44.312911996861374,86.120587171322654],[-44.311636323617904,86.016945109306164],[-44.310283532567723,85.91067458299591],[-44.308042686136559,85.615070608923531],[-44.306646885709483,85.506559236182056],[-44.30215354038603,85.392158717690108],[-44.299837084334513,85.112890337601584],[-44.294947219170069,84.996173363058119],[-44.293147081399752,84.87276638557978],[-44.290772225520698,84.611569323291292],[-44.288916869003856,84.485787489934069],[-44.28693966585621,84.356173096912357],[-44.284530599363961,84.107425076324091],[-44.282493735623177,83.975401616810132],[-44.280319776095155,83.839167334027309],[-44.277889639898433,83.603680162665569],[-44.275651400373874,83.465015743686081],[-44.273259213161907,83.321720897970124],[-44.270828413425761,83.100355516014361],[-44.268367211016937,82.954629870562144],[-44.265731208839668,82.803807020523891],[-44.263318611613784,82.597479444702287],[-44.260608722089273,82.444243997438093],[-44.257702173624523,82.285392112184638],[-44.255335751525251,82.095076431666769],[-44.252350457624914,81.933858124314156],[-44.278982668884453,81.796286734320574],[-44.416554058877921,81.535654171526517],[-44.474835903455585,81.481754095767712],[-44.54607975964052,81.423472251190049],[-44.536346821587642,81.303679488480441],[-44.513605968956369,81.010138288144617],[-44.505775586163963,80.913086378066168],[-44.481895637042555,80.847744799901477],[-44.45702389482426,80.443170340888514],[-44.447619907641695,80.402700504942061],[-44.441852071230016,80.377402492590079],[-44.416554058877921,80.326013755340568],[-44.248978083104646,80.059890607591456],[-44.144633883930794,79.892314631818181],[-44.129035793019739,79.669447024552198],[-44.124448256358789,79.600208829298936],[-44.109277404305601,79.381928758694073],[-44.101248657078031,79.186848287370026],[-44.092252095376807,79.057626795192959],[-44.0841630751396,78.871542885570193],[-44.076668706305838,78.701042365018111],[-44.075229907546941,78.530218734239099],[-44.068287986934365,78.361157012446085],[-44.057349319835851,78.209975878364162],[-44.042008105748891,77.986611059316942],[-44.032246536500907,77.850771139322205],[-44.023590471848649,77.73334885322754],[-44.002827299030969,77.437044379475196],[-43.995750037684559,77.340385266198098],[-43.989489801708658,77.257063650243367],[-43.963015767063894,76.886846974384071],[-43.958773311053562,76.829999393074161],[-43.955031144648558,76.781136434179473],[-43.922540086289587,76.335985420485827],[-43.921294593848643,76.31961351995011],[-43.920199059828974,76.305582645875234],[-43.906168185753927,76.11727744680195],[-43.8978641082428,75.81753172433713],[-43.897557444595975,75.809227646826173],[-43.897219408339822,75.800278869412011],[-43.883344174280523,75.321665785175639],[-43.882466120642448,75.298841773702122],[-43.881494883130415,75.274168471078497],[-43.867908039262147,74.826716047069908],[-43.866373486708596,74.788455900578185],[-43.864670565732354,74.746958280556498],[-43.851492718237978,74.332745494970084],[-43.849205448790372,74.278070027454135],[-43.850095757166969,74.221997598867063],[-43.889741795623593,73.784110544460418],[-43.890043989167566,73.767684154330198],[-43.890432793087996,73.751948761663982],[-43.870974534773097,73.292491932186977],[-43.871737304479495,73.25729828120609],[-43.878497093164924,73.229627188617087],[-43.906168185753927,73.193624158142313],[-44.099430121018145,72.940174343346257],[-44.147428411694477,72.746912408082039],[-44.135895759575703,72.517184834260377],[-44.132861706433005,72.46322005563718],[-44.121350115421308,72.236526534958102],[-44.11073017609823,72.0319645446138],[-44.104496896837759,71.92446937291794],[-44.094081021612169,71.726140661834052],[-44.097721550627739,71.53458729696024],[-44.088942383153835,71.398528986110023],[-44.093062677702335,71.215754788710115],[-44.08195746047403,71.039965513989955],[-44.069540089019767,70.868740818851961],[-44.059036229418268,70.705368915586064],[-44.049608416618867,70.561928684721181],[-44.031422811614732,70.320237668322875],[-44.023041918046374,70.194983042462127],[-44.015560329762707,70.085590898453347],[-43.990864909588652,69.769293893172801],[-43.984966326342715,69.684597169338019],[-43.967578204134327,69.623187150957733],[-43.906168185753927,69.528330777839869],[-43.764352022793332,69.316027459174791],[-43.721797964836298,69.174211296214139],[-43.707525584473501,68.975568694933713],[-43.7008030889005,68.869190519943459],[-43.685769914587127,68.663825423090032],[-43.674356883351379,68.432014120687597],[-43.671524863099478,68.388082872620487],[-43.660336690687473,68.153439549966151],[-43.63917593320167,67.910045929394414],[-43.636862835312456,67.884134199524567],[-43.615813208669977,67.643053676842214],[-43.601963924158554,67.436872065313537],[-43.591854132688411,67.328739623776528],[-43.578017746409898,67.132667803718164],[-43.565659869714352,66.962790246633745],[-43.546648744340871,66.773148362304994],[-43.535096319613274,66.622281930594056],[-43.522883847041044,66.495180396182946],[-43.479240187718403,66.195353932558646],[-43.470462986839323,66.111896057470176],[-43.477398517515667,66.030279852584499],[-43.535595580710265,65.7413234524264],[-43.544794369708711,65.601510184346068],[-43.536984136100841,65.460308360875274],[-43.522011940669586,65.217353939261784],[-43.514945819791819,65.091124311222131],[-43.508388719071377,64.978517904780631],[-43.488707723018308,64.673663848486456],[-43.483231543377372,64.580738438098081],[-43.478186612270179,64.498334138457778],[-43.453150758436379,64.12772101078059],[-43.449596408583204,64.070352564974144],[-43.458489719754539,64.007645157849481],[-43.420845766477385,63.585030145697544],[-43.427017120377229,63.559966691850093],[-43.423462931365123,63.53228607311496],[-43.395782312629933,63.31160305834203],[-43.366608892985539,63.078754238370436],[-43.363040261913568,63.049580818726156],[-43.358309925416222,63.012108431512331],[-43.30873885369482,62.626238404537276],[-43.297806855297836,62.539194945602048],[-43.283235480050791,62.42664811302302],[-43.250053786997569,62.174537598110533],[-43.231279199975631,62.028809072478168],[-43.206119086291608,61.839145846139843],[-43.190558368635948,61.72364714334816],[-43.163463630303454,61.518423199354061],[-43.130216072519147,61.27360356634091],[-43.12702843692864,61.249669323652881],[-43.094364886106405,61.00803732623018],[-43.068875837115115,60.824557928620891],[-43.046224844678363,60.65847985827844],[-43.023981637936402,60.497651453106073],[-43.006754924410302,60.37629296820171],[-42.963360336731114,60.065229477207254],[-42.952340730205435,59.987265579982193],[-42.943865860856135,59.92879615863194],[-42.885396439505939,59.518692853811103],[-42.880183142921851,59.48209300344223],[-42.879452708699375,59.476879706858085],[-42.878454662734214,59.46993793008636],[-42.815402306639896,59.036487966600021],[-42.805378685077073,58.966493833734205],[-42.791612759971031,58.872710154199183],[-42.749897933582986,58.591606466533051],[-42.73008399549451,58.456107960610098],[-42.658477942393006,58.229189463497278],[-42.644876348957723,58.186242178034377],[-42.569231915209684,57.94572208748599],[-42.543311341082926,57.777421312785179],[-42.512145555037364,57.572471203017528],[-42.491096119539066,57.43533621436211],[-42.475358903994959,57.334987876749153],[-42.418571718341298,56.968511493197525],[-42.411762268722271,56.924950341238002],[-42.406705558793817,56.893255348826244],[-42.375010566381945,56.692343446187976],[-42.337182647788666,56.452392386707345],[-42.331285067164629,56.414564468114122],[-42.323008661230915,56.362562562963035],[-42.266843908631927,56.012345252740204],[-42.249678248522002,55.904178594990185],[-42.22547430515624,55.754642333764309],[-42.19585636853725,55.572946919710773],[-42.166937840996923,55.393792721866134],[-42.097065731528403,55.16135168359574],[-42.105635791183033,55.124417946667222],[-42.075286562678855,54.883406848742197],[-42.015701985663441,54.732329556336538],[-41.864624693257952,54.57588217297689],[-41.757836472315319,54.479809196560552],[-41.731691280690825,54.37302097561809],[-41.643162715631945,54.151558997992197],[-41.634682343397969,54.092577452354078],[-41.406087294738768,53.86263510249421],[-41.395529025296923,53.82134489733113],[-41.354238820133958,53.659127298461499],[-41.258825650360677,53.447662399143496],[-41.214708617436145,53.352249229370102],[-41.095607041896471,53.100495134483594],[-41.089147262933466,53.08715767216961],[-40.971316159910884,52.841863356246051],[-40.92933496474808,52.756381338507992],[-40.843852947009964,52.586254737979914],[-40.789030013234083,52.386300416898109],[-40.77404779966821,52.331477483122114],[-40.747018346726463,52.234642882838557],[-40.67781863275718,51.987125924250904],[-40.631530707792535,51.821091609998064],[-40.565507114316745,51.589051569567232],[-40.54715368191097,51.52439234489907],[-40.486417263152703,51.310705736874127],[-40.452040069731993,51.19213274102799],[-40.340782502750301,50.80763529261452],[-40.338663442246173,50.800319863750019],[-40.337478919311252,50.796308018324737],[-40.33346707388597,50.782699111007958],[-40.221425172671957,50.401975891840209],[-40.18850418039608,50.289933990626139],[-40.184957431331156,50.141424348071212],[-40.298369453646217,49.814645737741841],[-40.296503676001748,49.779548117502031],[-40.2953886535322,49.741469697148318],[-40.171360333488281,49.431268984775727],[-40.169236293388849,49.269162244378151],[-40.100637358809195,49.036332529301319],[-40.09045699925457,49.001786445885557],[-40.018870364541328,48.758776371254044],[-39.973697759044455,48.608159812971564],[-39.884088887874157,48.309398185242401],[-39.865791126906856,48.248390498130163],[-39.85580432126261,48.215667377629416],[-39.823081200761976,48.1084977368929],[-39.736506647425188,47.824579178342844],[-39.710094867682528,47.738004625006056],[-39.533689806280165,47.517010146363873],[-39.312695327637982,47.429046425276681],[-39.169120817177941,47.371193262342047],[-39.052603782741471,47.227618751882176],[-38.989564883651838,47.040363322744213],[-38.920462911279287,46.835386335523367],[-38.880658730399659,46.717232878758068],[-38.89032392856717,46.629218404704943],[-38.802309454513988,46.488339532608052],[-38.697857772561349,46.31129868758677],[-38.686253181450354,46.206847005634131],[-38.700830297873836,46.105367848994035],[-38.802309454513988,46.039397011718904],[-38.977512988718786,45.871664666714992],[-38.998467809847398,45.69646113251008],[-38.948885429088818,45.549885157935194],[-38.83749371724349,45.221259522115759],[-38.825579600992569,45.186075259386143],[-38.819628692482979,45.168756021417039],[-38.802309454513988,45.118474976714651],[-38.747729833137726,45.131495638009937],[-38.51929223058869,45.186075259386143],[-38.336262490806234,45.230414168802383],[-38.291923581389881,45.24111130101295],[-38.277965352761044,45.200033488015094],[-38.273206297053548,45.186075259386143],[-38.263329018813636,45.157480696809898],[-38.147135643711863,44.820477323940281],[-38.097024208647952,44.675689386262093],[-38.015152941966903,44.442074152561247],[-37.991715662954789,44.375481467826887],[-37.91789466628137,44.165303513138156],[-37.882133276046716,44.064707945357327],[-37.781537708265887,43.783071812911032],[-37.747851735302561,43.688603612977658],[-37.735783574475533,43.654917640014105],[-37.709748820227617,43.583128751975835],[-37.612299485591677,43.313769989564264],[-37.550755377772418,43.144531766890168],[-37.475546358161125,42.94013724387105],[-37.415871873593119,42.778865932217229],[-37.362459638597443,42.63414589376606],[-37.337642045431835,42.567655683476119],[-37.27115183514195,42.390592117687163],[-37.198397229597958,42.196514626186058],[-37.170958503880968,42.12376002064218],[-37.109163075625361,41.961771261125477],[-37.057796541826747,41.826729440833162],[-36.976114563086185,41.613374147518073],[-36.916020150289739,41.458119959246233],[-36.788357002058206,41.130579314434272],[-36.777635778227875,41.102988274394193],[-36.772879076660672,41.090875159751477],[-36.760765962017956,41.060254964882745],[-36.634351869601346,40.719016493686638],[-36.586181366002108,40.592602401270085],[-36.492793526325386,40.350188963838718],[-36.476003717595177,40.307840156847249],[-36.387664130133373,40.082216528146205],[-36.31128241531178,40.021314201728273],[-36.250380088893962,39.93194849579379],[-36.088628169381934,39.733582574534125],[-36.010246230225846,39.571830655022097],[-35.912570225716365,39.399254645075644],[-35.859698206104724,39.181148772232802],[-35.815150903747622,39.06144478189799],[-35.812377863111124,38.989061134557005],[-35.845257987468528,38.656322680472726],[-35.842166209276911,38.55105890877411],[-35.825430024608863,38.465623099935158],[-35.772581851117138,38.073260670997172],[-35.766819754579103,38.040673035650002],[-35.760731543052259,38.019935708367825],[-35.739994215769968,37.98190043771848],[-35.516375897228556,37.753905481067477],[-35.411736299779704,37.530287162526122],[-35.37915549050814,37.380740014663957],[-35.32322383466277,37.113516781418866],[-35.303113052407866,37.019901289402185],[-35.290030587107992,36.959479044939997],[-35.229608342645975,36.669030656045265],[-35.180288299946142,36.55883545897791],[-35.157938427594047,36.509515416278134],[-35.097694945039621,36.377602018671837],[-35.02065230089255,36.208085584907451],[-34.924446562263824,35.999129543154197],[-34.797809667489616,35.920542345186391],[-34.719222469521981,35.872215762225039],[-34.482010152990426,35.725955986561701],[-34.389508159264039,35.669415232896199],[-34.208836596397987,35.558750648032117],[-34.203904982005042,35.493675284423091],[-34.203668805635289,35.488743670030146],[-34.2035530970374,35.483460170669446],[-34.193042232396238,34.994152160907959],[-34.192696039522161,34.978357796906039],[-34.192330268522426,34.961851469030648],[-34.182221345737958,34.494587174442074],[-34.181630932813448,34.467971923782102],[-34.181007279782818,34.440142607167047],[-34.171313722801642,33.995108924254396],[-34.170471756258905,33.957586050658051],[-34.169582711586031,33.918332165846266],[-34.16031879179252,33.495717982139524],[-34.159218294127868,33.447200177534114],[-34.156961573449735,33.395325154585976],[-34.148007754696891,32.997643146111159],[-34.145242779793648,32.936814304410063],[-34.142457912280236,32.870435620292369],[-34.121669940327251,32.513595087356862],[-34.118135296988441,32.426428431286126],[-34.117651900847989,32.335243735736128],[-34.122211753854288,32.002667400705718],[-34.121734634192478,31.916042558162076],[-33.932684493717375,31.681808787718694],[-33.698450723273993,31.483957492002105],[-33.6462615940398,31.457845814272332],[-33.619133994990023,31.405656685038139],[-33.574221834177933,31.281427795942079],[-33.486255988481446,31.107465546706578],[-33.437798788404507,30.895270811914031],[-33.43330878607253,30.650026875991614],[-33.432935713897393,30.629755802537659],[-33.428451697805201,30.384884938790151],[-33.345559528706076,30.22739026023396],[-33.188064850149999,30.150799919453505],[-33.002306633112369,30.06025728270356],[-32.901905425436894,29.874499065666043],[-32.897080819543191,29.655097223148857],[-32.895708604035576,29.582142819551734],[-32.890943922375754,29.364113192542163],[-32.819473961916458,29.222318207651597],[-32.677678977025892,29.147169662541728],[-32.482019188325353,29.049387108118822],[-32.381263473642491,28.853727319418056],[-32.309534383810728,28.711486039509339],[-32.167293103902011,28.635997802745237],[-31.971222044771537,28.539412505424536],[-31.867288682501226,28.343341446294176],[-31.862975554115849,28.137273122956231],[-31.861885360944825,28.037933703337046],[-31.857677921257675,27.832955573170068],[-31.79035415575504,27.699508648192932],[-31.656907230777904,27.628613651857563],[-31.450567906752042,27.528909024071936],[-31.342193292391073,27.322569700046188],[-31.33066543284724,27.1384256248528],[-31.319835854535256,26.985498323803427],[-31.308816929147667,26.81218382692208],[-31.305566150748575,26.653139033827472],[-31.301858106560246,26.457134702704423],[-31.29869257041986,26.301797953798143],[-31.247669514342874,26.200649797109236],[-31.14652135765391,26.146709955817869],[-30.916300426045268,26.021633012282905],[-30.816554948879059,25.791412080674093],[-30.808763635480773,25.618783929723236],[-30.804988285148056,25.449879008168239],[-30.797692517024586,25.281026207550156],[-30.794095224131581,25.12306646794849],[-30.789743792835679,24.924248642731754],[-30.786251659224433,24.770640334426105],[-30.736058893888185,24.670716925067893],[-30.636135484529916,24.617622627441165],[-30.396944038150878,24.499445907681093],[-30.272502349791296,24.260254461302168],[-30.269107519364127,24.116896553343906],[-30.263885870515253,23.888004847287448],[-30.260620235977342,23.749868588178117],[-30.214992348519786,23.66062585106431],[-30.125749611405922,23.613546607464173],[-29.875229051187546,23.490003275272556],[-29.744635720702775,23.23948271505418],[-29.701389572500261,23.153456880835734],[-29.615363738281985,23.107606225409768],[-29.363420582409674,22.981039997802327],[-29.236876101268422,22.729096841930073],[-29.233643305591272,22.600431401496735],[-29.227274526046642,22.34100762969473],[-29.224205200160952,22.218710968806192],[-29.222523012438842,22.101165821525285],[-29.215618375510587,21.818965606034681],[-29.214002971026844,21.708325095682085],[-29.177467214895387,21.635835745944519],[-29.104977865157991,21.597203622163306],[-28.886909246569701,21.490256477093851],[-28.813102578082123,21.489814509633902],[-28.809115033148316,21.412462263672523],[-28.696643520484031,21.197939222558205],[-28.693989711616268,21.098541502975763],[-28.685865350920039,20.778826708320139],[-28.6834345581957,20.687553349434097],[-28.653658546609449,20.628486794858645],[-28.594591992033997,20.59694186704229],[-28.411010956148232,20.503972313548388],[-28.26845676963211,20.503302698711934],[-28.27071377193522,20.36367512933532],[-28.179185782290006,20.177167476310046],[-28.176680941365305,20.084692653854802],[-28.167900408154765,19.750475892430927],[-28.165636997065803,19.666781603186109],[-28.138348427249866,19.612639294846133],[-28.084206118909947,19.5837172130461],[-27.922383084964565,19.504958569240614],[-27.73563170583401,19.504970143138053],[-27.724858179820728,19.307433664096948],[-27.645218118506648,19.156395730062002],[-27.643289860468258,19.086926115379924],[-27.633137111733447,18.705326722885729],[-27.631494345959823,18.646009856938122],[-27.630056501828506,18.589773600895626],[-27.620952645611055,18.182756383639173],[-27.619755066544769,18.135623983814014],[-27.618526020709623,18.090918208890457],[-27.607055977908885,17.658473842813009],[-27.606143985366543,17.625238110690134],[-27.605339495628755,17.593718860847275],[-27.593423256614017,17.134455248394147],[-27.592922501511509,17.114852237566197],[-27.58651383229892,17.102158651053117],[-27.57382024578601,17.095366622362519],[-27.535916339503558,17.076948331283745],[-27.100448341850267,17.077838268377889],[-27.075718431240603,16.61675042302079],[-27.069240717316973,16.604466364442146],[-27.069074798712847,16.598825938391258],[-27.063434372661845,16.396690570903729],[-26.869892278682755,16.410924270462829],[-26.731693544493169,16.425821319486886],[-26.553048499537852,16.439825410823744],[-26.395044820349369,16.44646268525355],[-26.192416261373467,16.454712729482651],[-26.042662626413914,16.460987863276046],[-25.904709268213878,16.466513006241939],[-25.660603885868227,16.476139231863897],[-25.532276753289921,16.481272751291215],[-25.413580429797832,16.485770040949944],[-25.129765190845831,16.496592053762242],[-25.021890880165927,16.500681209846732],[-24.921653084216473,16.504228568492465],[-24.599956033441515,16.516015338042564],[-24.511505007041933,16.519153136328498],[-24.428881085944568,16.521842443344667],[-24.071198110615398,16.534387387744573],[-24.001119133917939,16.536679551163104],[-23.935255734011491,16.538602964535698],[-23.543567044763449,16.551632580472642],[-23.490733260793945,16.553187716765422],[-23.438802706826777,16.552535810474865],[-23.018644244639347,16.56616950747275],[-22.980347387669951,16.565642837836094],[-22.942485507564584,16.566604484336665],[-22.493809399339796,16.580618479648251],[-22.469961514545957,16.581231120747702],[-22.447161426385719,16.581666276281908],[-21.968906509473243,16.595135496390753],[-21.959575641421964,16.595316783635496],[-21.950528414235862,16.595419137256044],[-21.584515516186855,16.604466364442146],[-21.452122610104595,16.607399206248715],[-21.44918976829797,16.60750545962776],[-21.446119241988754,16.607536890751248],[-21.361554380436814,16.604466364442146],[-20.954387642482288,16.58888261713372],[-20.938803895173976,16.588455428581085],[-20.922686578269406,16.588349047537577],[-20.433189085965751,16.599695300526264],[-20.428418022049982,16.599661863102085],[-20.423506897955178,16.599555240347343],[-20.173924244218313,16.604466364442146],[-19.922899616310872,16.60933383182703],[-19.918032148925988,16.609602923123475],[-19.91200309379775,16.610495419570327],[-19.422502705027625,16.619322793667777],[-19.407646275801994,16.622314026622291],[-19.386063769747466,16.626048870496618],[-18.996168802343902,16.703374764108048],[-18.897260402677887,16.719475565024709],[-18.774156598597415,16.727570168522618],[-18.50342060604055,16.721012440928803],[-18.386874529553893,16.730309266236247],[-18.241118476904944,16.750222417091095],[-18.01883055946621,16.746808267478286],[-17.876488656429956,16.774563898059341],[-17.659229670873742,16.821725349998303],[-17.581672321493272,16.820035902629456],[-17.366102783305962,16.907918530398604],[-17.191583266266832,16.940332720527067],[-17.025525201993332,17.114852237566197],[-16.90491509019455,17.164050417578608],[-16.855716910181968,17.221668752763264],[-16.71376006494188,17.256809082806228],[-16.58505309331224,17.114852237566197],[-16.649838166246354,16.908973493630413],[-16.630895969514484,16.829287305109631],[-16.659780267552662,16.604466364442146],[-16.697888460248862,16.44663791450904],[-16.751230305646573,16.198567095853491],[-16.775407249544685,16.094080491318209],[-16.778122506961381,16.016486088097622],[-16.855716910181968,15.665561023908197],[-16.868337898688992,15.596315606701239],[-16.869042640270607,15.583694618194102],[-16.867650853965927,15.571760674410029],[-16.883051602963405,15.100643437851488],[-16.880615722259279,15.073308745070051],[-16.865880304853022,15.063145350399111],[-16.855716910181968,15.054949751989966],[-16.842178134955191,15.059769969843444],[-16.72968079318963,15.073308745070051],[-16.49774818712342,15.225725895135554],[-16.345331037057974,15.193819150981597],[-16.281369464695786,15.137270317432296],[-16.094086418235463,15.073308745070051],[-15.868795533921229,15.039458375082802],[-15.83494516393398,15.035943071741258],[-15.758037703600223,14.996401284736351],[-15.525077010448854,14.87279102543107],[-15.324559290809987,14.776451112739949],[-15.208227870004919,14.679254292751125],[-15.053806083554434,14.562922871946114],[-14.904181397991806,14.472914891640301],[-14.814173417685993,14.419105255608542],[-14.610428613270187,14.256281803237812],[-14.339717172933547,14.052536998822063],[-14.318211622723368,14.038112920660637],[-14.303787544561999,14.028636806662121],[-14.190753119387921,13.939502573648042],[-14.032183547870545,13.813755122389409],[-13.793401671438005,13.633228998510788],[-13.744761197511082,13.590791599624993],[-13.685510291582716,13.542151125698126],[-13.458714761273654,13.366452162738312],[-13.283015798313897,13.237113709149185],[-13.170330280756332,13.144450770131641],[-13.025065343373797,13.031765252574075],[-12.880242501364194,12.924152676399899],[-12.772629925190017,12.848431435367274],[-12.588314917200933,12.705694387439223],[-12.337659477316549,12.521379379450138],[-12.291706803442651,12.491916628073398],[-12.26224405206591,12.473895760429059],[-12.12270295574956,12.381838283133675],[-11.983831267484504,12.289406290907664],[-11.751858178941916,12.141566259886247],[-11.67374755628407,12.08910412898399],[-11.555762262307439,12.010993506326031],[-11.365477079098014,11.886988733046053],[-11.241472305817922,11.810687873613972],[-11.054238253472931,11.687841685547141],[-10.751256608996812,11.500607633202151],[-10.738581427017152,11.493112638878813],[-10.731086432693928,11.488933026635493],[-10.702730353544723,11.472251554053059],[-10.418563700608843,11.302744492163129],[-10.220700559569934,11.19090152757235],[-10.095201631331918,11.11572068831606],[-9.871534676181966,10.990221760078043],[-9.7673936670166768,10.933142779507364],[-9.7103146864459404,10.903907693338226],[-9.5242026502874069,10.80410972391951],[-9.4349120525790795,10.75523852082091],[-9.1999288133220034,10.635126355228806],[-9.0985633855740389,10.581201314702014],[-8.8941490736913806,10.479835886954163],[-8.7566179337431436,10.412760893408972],[-8.6895429401979527,10.382325747725076],[-8.5078632551695819,10.298156201925622],[-8.4084755976954284,10.250517356332693],[-8.1791570670740157,10.150442545413341],[-8.0548610197772064,10.093746061126694],[-7.7685299913776475,9.9694500138300555],[-7.6987413108161036,9.9394798969639737],[-7.668771193949965,9.9276531683200915],[-7.5971677564010633,9.8978465762812675],[-7.3394801658199071,9.7883551688360626],[-7.1583853208258574,9.7151659417058909],[-6.978965777551025,9.6384836839811214],[-6.7294235077945359,9.5404882007987339],[-6.6479994477019204,9.5073396575540414],[-6.6141728266071595,9.4928907618009362],[-6.5292800574104604,9.4590641407061753],[-6.2478563891799581,9.3488213261042006],[-6.1376135745779266,9.3089157103069624],[-5.8924074383492098,9.2138580044774017],[-5.8781461227905538,9.2081457193695542],[-5.6272277014539327,9.1148812242469717],[-5.5085203785126851,9.0673855905234291],[-5.1897948802948122,8.9486782675820677],[-5.1364002988244124,8.9291197970877079],[-5.1168418283299388,8.9225116659613377],[-5.0753045637412697,8.9071410029934555],[-4.7660861572152271,8.7890480655728993],[-4.606455955205945,8.7321612797750277],[-4.3950257094106746,8.6497226402534011],[-4.2564700923646228,8.5986924047406319],[-4.0960700820819511,8.5380657415902306],[-4.025315710755649,8.5090467657843192],[-3.8455701617525051,8.4382923944581876],[-3.6583092041462351,8.3656673992697961],[-3.5856842089579573,8.3385856354761927],[-3.4170195810185078,8.2696277665186244],[-3.2944879913439991,8.2191027389481519],[-3.0752983358339634,8.130541861139875],[-2.9339369214004591,8.0692679357675843],[-2.6066849035178734,7.92790652133408],[-2.5774814155921035,7.9153375684520597],[-2.5649124627099695,7.9099159032211332],[-2.531840959975284,7.8948350185993377],[-2.2265421113397679,7.7558909995803447],[-2.0545265895859757,7.6771904259315988],[-1.8783340495471066,7.5937131882488984],[-1.5746550100939203,7.4480349418421383],[-1.5441407164619818,7.4334609990563649],[-1.5334326284544773,7.4282287362175907],[-1.5117560623721147,7.417520648210143],[-1.1935432213760464,7.257732270171914],[-1.0337548433379879,7.1762324926498309],[-0.85721132730355976,7.0836782911204637],[-0.53196046459379431,6.9157262694660062],[-0.52336897021399409,6.9112684497423515],[-0.52067230652960461,6.9098314387705955],[-0.51564751248457696,6.9071347750860923],[-0.18927593351236283,6.7308419386638434],[-0.012983097090000228,6.6360092286836334],[0.13948304209816342,6.5492150411503189],[0.4026559608619209,6.3967489019621553],[0.46198439034895955,6.3613305162770644],[0.49740277603410732,6.3393190341690797],[0.65121769670150798,6.2429339812946409],[0.77607004127622758,6.1650302940802248],[1.0077886491580443,6.017741914548651],[1.0885745413733048,5.967148921053365],[1.2162159278111062,5.8863630288381046],[1.3961936060266567,5.7643821125827799],[1.518174522282095,5.6809467046886652],[1.6964014667483411,5.5542041001804137],[1.9428807072121117,5.3759771557141676],[1.9929263475323182,5.3403431078403401],[2.0285603954060321,5.3165258029596316],[2.2233130603656264,5.1812244907545733],[2.2938824324605775,5.1309133196446055],[2.5389462685300828,4.979816073231234],[2.6108990799230583,4.9375440939830355],[2.7625287733105779,4.8655912825901169],[2.9542011296048258,4.7704602705409229],[3.0493321416540198,4.7294145612320335],[3.2480289704875531,4.6668944537565835],[3.3327882926157599,4.6386615604277495],[3.5597180147780705,4.5710004553147314],[3.7467095621698832,4.5421969568579925],[3.9073128481917365,4.5179964491764508],[4.0701038879020075,4.4930659286793571],[4.2059855258398215,4.4910870474038234],[4.4514698908056971,4.4842252796865978],[4.580489761026115,4.4822960738621873],[4.7214828868073937,4.4961985352474585],[4.9326932640362884,4.5133877795799435],[5.0908756341501658,4.5295926848201589],[5.3091335272638958,4.5734633025799099],[5.3715829869167919,4.5848839298234338],[5.6012615072741028,4.6331933648380641],[5.7816758457616402,4.6851769441023521],[5.9999545403569527,4.7538984425490298],[6.1116473803981535,4.7874433346507885],[6.1689136567313767,4.8083250062568936],[6.3176396449252934,4.8655912825901169],[6.5399055560361603,4.9477189800759902],[6.6220332535220905,4.9795805893867282],[6.8274555229984344,5.0710135520664039],[6.8963649828314715,5.101645426404616],[7.1324191266459707,5.2069301988546499],[7.2454625479404626,5.2629337344197324],[7.4755238485583391,5.3759771557141676],[7.5891623120889449,5.4296198433951304],[7.6428049997700782,5.4541435636422193],[7.7918413051943958,5.5250134611383146],[7.9350315784570284,5.5941364501510975],[8.1531908728939584,5.69506064045828],[8.2839819601326212,5.7555719415996691],[8.585087906204933,5.8863630288381046],[8.6399877593129304,5.9099520155431833],[8.6635767460180659,5.9196446453461249],[8.7174202169204023,5.9402064997403841],[9.0065813180162877,6.0537443299639335],[9.1739626191420029,6.1154762145700374],[9.3876792795678625,6.1830322415362957],[9.5100214591817576,6.2224218688778592],[9.6843484922660537,6.2780198676048826],[9.7801118988812732,6.3009854953467652],[10.165425238842886,6.3967489019621553],[10.188794287476185,6.4026889798759612],[10.194734365389991,6.4042375331136441],[10.204128759458172,6.4061432960301659],[10.615770106458626,6.4860990340176272],[10.705120238514041,6.5046212989026913],[10.832746347179921,6.5243750106280345],[11.05598577048238,6.5562692431177538],[11.215506111637978,6.5816651180700774],[11.423496918457488,6.6047397087814943],[11.510749799584971,6.61189108713927],[11.725891984762029,6.6373674341373317],[11.979579226485669,6.6534475333624528],[11.98278687500067,6.6536437922006257],[12.236277857886137,6.6696450786296282],[12.464014218264765,6.679398414707407],[12.52276002326704,6.6832310673430584],[12.746663731010074,6.6932415259411187],[12.958952413163388,6.6948460929328917],[13.045586797340547,6.6956719682924586],[13.257049604134124,6.697276569586279],[13.469599516322091,6.6945848628981253],[13.554512541677127,6.694211839505158],[13.767435477258061,6.6914698514793827],[13.99273792225722,6.6818323300868769],[14.050693181181771,6.6800066058859215],[14.277821350382112,6.670059410332442],[14.532415278140263,6.6513428297203063],[14.533707178501572,6.6512489469664615],[14.788207223506049,6.6325687042653385],[15.003927118509921,6.612468796966084],[15.091255291538175,6.6040867070539662],[15.2985930966301,6.584668311455971],[15.466686959328399,6.5648427646604546],[15.664467445775074,6.5412604259411182],[15.808978969754037,6.5241768292445954],[15.920610316619218,6.5083802488271658],[16.255082645556001,6.4610310992841278],[16.319364842878144,6.4519338300972322],[16.367162075772399,6.4445461348564663],[16.69973017858257,6.3967489019621553],[16.813316562673322,6.3803147486333387],[16.829750716002025,6.3778039686606007],[16.852835836260113,6.3736637817041242],[17.246270240085948,6.3028825529219716],[17.340136589126132,6.2860711761900347],[17.478541978995281,6.2583435120928357],[17.673549588736478,6.2197760284486208],[17.850522462250012,6.1840939460108757],[18.089663809639319,6.1255043762273544],[18.134963911483908,6.1123074527283165],[18.36090833537412,6.0526726791306373],[18.491191747689811,6.0166464411537959],[18.812232917990002,5.9454243193461025],[18.871294208498,5.930434120587222],[18.907453921497677,5.9225227418377813],[19.070567063575709,5.8863630288381046],[19.325016305472673,5.8296992526886697],[19.381680081622108,5.8164735756350296],[19.474851855179452,5.7931912552807034],[19.734324972667196,5.7286220467592557],[19.892065954746045,5.6890954821535615],[20.141262148105852,5.6251733490738616],[20.157443972474539,5.6209850111096102],[20.402451827870095,5.5579050833705423],[20.545377459416386,5.5189027872604584],[20.862388109597646,5.4264267471105541],[20.912837700994032,5.4122464247714106],[20.940995711589892,5.4041351663100841],[21.038702842349267,5.3759771557141676],[21.337108423708401,5.2898620053044851],[21.423223574118083,5.263422705679659],[21.576578157404128,5.222622572428179],[21.737930729480638,5.1802984379526151],[21.93360944724202,5.1277042725205888],[22.140933839079992,5.0729156744280886],[22.272289631795672,5.0372969711605151],[22.443995320366071,4.9914233598306623],[22.544826160213802,4.9664221224377911],[22.918548076781121,4.8655912825901169],[22.946699623461029,4.8579097125613089],[22.954381193490008,4.8557405958725894],[22.967080556849112,4.8528919192309559],[23.362567915167403,4.7633921311434051],[23.464767066614115,4.740584268732448],[23.634960796684766,4.6953975525194096],[23.769920751670611,4.6603590945225051],[23.975152939737995,4.604990065891343],[24.174915784052928,4.5549682537811123],[24.325014957786721,4.5157292645413918],[24.485538812862103,4.4748186866144692],[24.582665837771287,4.4523324343754211],[24.982727177908657,4.3552054094661798],[24.993256937513706,4.3525376609937325],[24.995924685985983,4.351820462204671],[25.000376624065154,4.3507534713871792],[25.408069277729055,4.2569641280851442],[25.506310559110091,4.2328153285507142],[25.66161994480774,4.1998960237683036],[25.827913316269587,4.1664222935017392],[26.016696432233971,4.1253098430944988],[26.254792556770269,4.0829156608783705],[26.297271974188959,4.0746298675112484],[26.527082305358078,4.032512797848085],[26.692126266002219,4.0098634969862701],[26.905417624039217,3.9768700907848142],[27.037468178481959,3.9581835805354331],[27.141586590204895,3.9489379480650086],[27.479776152672457,3.9128974352757382],[27.547854051606066,3.9066515743418222],[27.606537324774536,3.9035028095103712],[28.027943952955297,3.8751155081169486],[28.058239924730003,3.873447069352892],[28.087873264749135,3.8744528763612607],[28.532094363694569,3.8813509705016145],[28.568625797854054,3.8826390961310153],[28.609591773394754,3.8857855118828297],[29.015129948920901,3.9087012583993328],[29.079011670978161,3.9138283426631801],[29.164492817875555,3.9303006832395226],[29.454446345276153,3.9797707351680174],[29.589397544102042,4.007239066579757],[29.814542223761634,4.0699642160016651],[29.862577041429233,4.0820259121388176],[30.099783417226149,4.1533487451702058],[30.248370808499601,4.2066180181925006],[30.585813485471192,4.3552054094661798],[30.60409457214746,4.361280127668806],[30.610169290350029,4.3635052074625946],[30.624432802385741,4.3694689215016638],[30.972882128955973,4.5028784439841729],[31.120555163474137,4.5725834513510222],[31.334441314662229,4.6517051314017976],[31.579786137800795,4.8144363837928381],[31.630941036598074,4.8436725796728979],[31.723855530313699,4.7726767888744348],[31.902091754933849,4.6263561278018415],[32.141326909722125,4.514541678870728],[32.246955046640892,4.4608335463849471],[32.504747397147412,4.3552054094661798],[32.59856769214116,4.3020603187612778],[32.651712782846062,4.2805428552983358],[32.778408724641622,4.2285094676705626],[32.955385646873367,4.1484924003694346],[33.162098655970112,4.0747511978239572],[33.336171618648677,4.0188924990206374],[33.555366170165655,3.9619378952704665],[33.672484529094049,3.9276763924228817],[33.739437319373792,3.911772326621815],[34.08810507045041,3.8448195363420723],[34.165694466884531,3.8276436010085035],[34.182870402217929,3.824860249363212],[34.205698566850003,3.8219913717102258],[34.610407890456941,3.7619711514569758],[34.693256275342037,3.7520847828516253],[34.791487099778237,3.7465887119058721],[35.075657974488422,3.7168353623645771],[35.203642148465917,3.7103778389540025],[35.343005213057893,3.7054564717501535],[35.560806038763872,3.691597553515976],[35.714028021590025,3.6864953842837735],[35.879948618426965,3.6788989395053022],[36.047044709022998,3.6674503506509382],[36.224413894714132,3.6597076445419816],[36.408568901582044,3.6606645294741611],[36.548708174706633,3.6587279432105788],[36.734799767838012,3.6596589868818796],[36.915245707429904,3.664373596750238],[37.067661589494037,3.6672954848742165],[37.24518564096212,3.6718712824472277],[37.41186233037763,3.678142846926562],[37.592196186485353,3.681444208741425],[37.755571514086,3.6873668150827825],[37.904947698202818,3.6954433522253112],[38.130346843907773,3.7092089930397378],[38.265957387210108,3.716639334739682],[38.385137103318698,3.7256398202334822],[38.674368792594919,3.7428450686030033],[38.776343260333988,3.7503199592742362],[38.865098056491547,3.7560647401845699],[39.219034823950153,3.7771252268343005],[39.286729133458095,3.7814640604884175],[39.344215187205918,3.7873334825943061],[39.786131844079136,3.8338363738392331],[39.797115006582032,3.8349641574167208],[39.805769719841123,3.8361648230829815],[39.868338821769896,3.8448195363420723],[40.256232546811873,3.8960878692363394],[40.307500879706083,3.9028619503270647],[40.375987806430373,3.9133064630665331],[40.699951276678348,3.9627550124937443],[40.81788675283002,3.9807349935323941],[40.983229249939029,4.0101620334511381],[41.13573414616036,4.0373580161358404],[41.328272625954071,4.0715959338039625],[41.539216316056013,4.1442617193642377],[41.741841956328756,4.2583888667167571],[41.838658499078008,4.3047025752406398],[41.877671847052909,4.3161920614912219],[42.022285137866845,4.3552054094661798],[42.296817964607044,4.4074318170612514],[42.349044372202059,4.4174769008370163],[42.427872942133945,4.4340339793980093],[42.719672164794076,4.4949634899980992],[42.859430245326166,4.524409907792915],[43.077814177650225,4.5735893417902389],[43.137955834996205,4.5870656929200209],[43.369816118450103,4.6394311773211712],[43.552696375459959,4.6827110255803746],[43.74263278194951,4.7280220729654729],[43.880201991574154,4.7606790707306459],[43.964535632062905,4.7812576421013091],[44.306652347229715,4.8655912825901169],[44.374251963742381,4.8819271835457698],[44.390587864698091,4.8859465527569341],[44.417729356806433,4.8927327746984588],[44.783546268370856,4.9830187520414029],[44.900973737822142,5.0126328794271444],[45.097857358685587,5.0624749034537331],[45.191214442860314,5.0857364506758245],[45.411359610946079,5.1420655166387519],[45.59780326844583,5.1895334982142458],[45.784289947846844,5.2385216194910527],[45.921745484069959,5.2739717848987198],[45.996094704024301,5.301627935759825],[46.310135324224859,5.3759771557141676],[46.406823660306088,5.4012848526019752],[46.432131357194066,5.4081577518149402],[46.488494687429636,5.4323404859497941],[46.752865672264647,5.5656287137675235],[46.942517230317947,5.6280765964063448],[47.128373475755268,5.7005067834009537],[47.431170233479577,5.8863630288381046],[47.443887729076096,5.895378403204063],[47.452903103442054,5.9020902871391172],[47.478204862919824,5.9116647883158748],[47.813306170457054,6.0363458349471557],[47.963288976565991,6.0942714165394705],[48.18077180181308,6.1792660767150664],[48.307532463462337,6.2306065157344506],[48.473674849690042,6.2968770511608341],[48.546637133764989,6.3237866178872082],[48.707514879021176,6.3967489019621553],[48.90123018227905,6.4795794424970836],[48.984060722813979,6.5162243173076035],[49.19566090498796,6.6083490841360231],[49.256640032443215,6.6345554654570265],[49.49444659593803,6.7401685318338309],[49.605790665416805,6.7957907056073168],[49.822146330609201,6.9071347750860923],[49.944833554550598,6.967133689597631],[50.004832469062137,6.9936284853908433],[50.176752001854538,7.0790543078786641],[50.290001378700651,7.1323517385715149],[50.515218342186017,7.2565934569145156],[50.621634901635616,7.3111040887606009],[50.823585715521403,7.417520648210143],[50.956241017379853,7.4868838461402447],[51.025604215310125,7.5241569224925797],[51.23427616982076,7.6261926027208347],[51.296914182746946,7.6565965538972591],[51.535990088434062,7.7751509138217898],[51.634005507696372,7.8298911020717696],[51.805084329531553,7.92790652133408],[51.958921350621438,8.0153611322708116],[52.046375961558113,8.066311730855773],[52.280581364587135,8.2040869914289942],[52.386116650131328,8.2676472099074658],[52.55676183468205,8.3698173379256673],[52.596035854477122,8.3990183746631146],[52.633610543934196,8.4382923944581876],[52.845316346435993,8.6601237558282946],[53.0671477078061,8.8330337506992578],[53.1374548835729,8.8783710918152678],[53.24425227813208,8.9486782675820677],[53.445857808920266,9.080354039591839],[53.577533580930037,9.168053956948313],[53.751720754172254,9.2848769674639584],[54.006573099746788,9.4590641407061753],[54.055048451279276,9.4919351434808164],[54.087919454054088,9.5146243863038649],[54.270006303799676,9.6411509904517061],[54.356384871130899,9.700984596753301],[54.598305327178025,9.871506061616742],[54.671180419017105,9.8965749219911459],[54.734930841562118,9.9694500138300555],[54.952810400667261,10.125330813464871],[55.108691200302133,10.23864079449578],[55.290734884237736,10.29779220301856],[55.4616435012897,10.479835886954163],[55.555228478791719,10.543684481588457],[55.619077073426013,10.588044770063732],[55.851451401106772,10.757847432397284],[56.027964001534599,10.888722815062522],[56.12946294655012,10.963815691840466],[56.144588506796879,10.975096199831285],[56.164577142443136,10.990221760078043],[56.446938920277262,11.183131659474782],[56.639848819674,11.316207635471983],[56.734356166970088,11.406100285906064],[56.781959935889745,11.500607633202151],[56.957644556423986,11.693197769576045],[57.150234692798108,11.824052184980133],[57.276537672365407,11.884690526758732],[57.535740300738837,12.010993506326031],[57.598405197106842,12.073208875141233],[57.660620565921988,12.185371451820345],[57.849880759464043,12.332119185908084],[58.11850969201754,12.468882632421582],[58.171006439046096,12.498970353661036],[58.181269912690027,12.511115905806207],[58.193050477188706,12.521379379450138],[58.472283063742566,12.730488627877776],[58.681392312169976,12.888709143938343],[58.770280392187544,12.942877172556678],[58.914164500887523,13.031765252574075],[59.08662254456965,13.136920893298452],[59.191778185294083,13.201892303621207],[59.381570366824747,13.352358944167349],[59.618539273360284,13.542151125698126],[59.665252039803875,13.579063144312272],[59.70216405841802,13.608493680897595],[59.860499185492074,13.700486252772009],[59.983259448611534,13.771441608628663],[60.212549931542071,13.906580426754601],[60.291853581004489,13.973233349359816],[60.385292969965974,14.052536998822063],[60.573449786233539,14.202023017254703],[60.722935804666008,14.308918054200831],[60.869698986380058,14.416159690232234],[61.047234839763291,14.562922871946114],[61.14416080749146,14.652083742244542],[61.233321677790059,14.748128985160747],[61.39943436061094,14.907196062249341],[61.55431671789762,15.073308745070051],[61.656109140371825,15.160907155612392],[61.743707550913996,15.23682678613153],[61.933138327411598,15.39426384169667],[62.185871745181373,15.583694618194102],[62.224314314106323,15.613473728125882],[62.254093424038047,15.636805266224542],[62.492521983708912,15.85565193164723],[62.742905175483145,16.094080491318209],[62.754066456713929,16.104493331766037],[62.764479297161984,16.113970602379482],[62.994889717575006,16.324490911731061],[63.020793943933654,16.348151717670476],[63.274865170286091,16.581799588259685],[63.288214811581213,16.591116723146968],[63.306873862015721,16.604466364442146],[63.596213955775397,16.793503452076891],[63.785251043409971,16.95832462178015],[63.890829712235814,17.009273568740355],[64.114128317049676,17.114852237566197],[64.248861526885207,17.161627627214898],[64.295636916534079,17.16648670584982],[64.439822169079491,17.259037490111496],[64.575407896532397,17.345467130691759],[64.806022789657959,17.497207844505397],[64.882445098970436,17.548815801377827],[64.991859726164478,17.625238110690134],[65.144204219911899,17.797442553560302],[65.316408662782067,17.992523616130541],[65.382359784626829,18.069672861969423],[65.437976084815716,18.135623983814014],[65.619276188536332,18.343142331184026],[65.826794535905947,18.578917663814821],[65.857788951408565,18.61501544143573],[65.884269830691323,18.646009856938122],[66.096947517176545,18.886242748791801],[66.321969785305612,19.14118510633773],[66.335397800364206,19.156395730062002],[66.336248858648162,19.157327280443951],[66.337180409030054,19.158347899831313],[66.573981002586095,19.429981009630069],[66.779871690891468,19.666781603186109],[66.811828758823481,19.70251912651662],[66.847566282154162,19.74200637102814],[67.051468719919683,19.973265038544469],[67.2313611431602,20.177167476310046],[67.291737835920628,20.24338179566746],[67.357952155278042,20.316797409367098],[67.530261639516368,20.515243865195828],[67.67942897146645,20.687553349434097],[67.768708091987833,20.787183285848414],[67.86833802840215,20.898943846585723],[68.006795095823293,21.059482155136834],[68.125696093370777,21.197939222558205],[68.244380455857254,21.332282668226981],[68.37872390152603,21.486385670067648],[68.483988926270001,21.60306007093817],[68.576943223809735,21.708325095682085],[68.725047310068362,21.87238756026386],[68.889109774650137,22.058529058249519],[68.960782502374116,22.147038241082043],[69.018071827015831,22.218710968806192],[69.187812443429038,22.430394173151001],[69.399495647774017,22.696300235533386],[69.414206453309703,22.714386036394444],[69.426105817915584,22.729096841930073],[69.541852643929133,22.871453838085188],[69.643172840893271,22.995805521934983],[69.837701940895045,23.23948271505418],[69.869188227748054,23.28017600820408],[69.909881520898125,23.335492554858092],[70.084989128531106,23.574760980545136],[70.215670536792345,23.749868588178117],[70.304294073448659,23.865841908751463],[70.420267394022062,24.016245534323389],[70.525861900433881,24.154659954890349],[70.603588880530026,24.260254461302168],[70.735801190707093,24.455106537741187],[70.930653267146113,24.743405585045593],[70.941782067738814,24.759511533833404],[70.949743453539554,24.770640334426105],[70.993643554438449,24.833630621718385],[71.152083718757865,25.059595755938233],[71.302151311222644,25.281026207550156],[71.358377852887372,25.363687494932833],[71.44103914027005,25.48379909048117],[71.567870031109749,25.664581189834564],[71.653639011610323,25.791412080674093],[71.77489557350475,25.967941520563443],[71.9514250133941,26.221576914864727],[71.984593058421979,26.268629908770322],[72.007221630413824,26.301797953798143],[72.136583280701188,26.486956221105288],[72.194111178984144,26.569497661332036],[72.365585071746409,26.81218382692208],[72.405515339347289,26.868479374092999],[72.461810886518037,26.946239341504054],[72.614894510227487,27.169486076336511],[72.711884688933026,27.322569700046188],[72.817429057858362,27.477337401829743],[72.972196759641918,27.698785953492916],[73.02891616317072,27.776236169641493],[73.071048413174537,27.832955573170068],[73.249401483628162,28.066136722307931],[73.408415278669509,28.269174092197659],[73.466332747676404,28.343341446294176],[73.473448493135209,28.352475585924765],[73.482582632766025,28.363150412709274],[73.699885492903832,28.636424459280249],[73.876915721167677,28.853727319418056],[73.929500007616923,28.917195817691209],[73.992968505890133,28.987950599172848],[74.163006878052386,29.194074820379683],[74.306257851242265,29.364113192542163],[74.398578041916835,29.468889529639284],[74.503354379014013,29.584365476463915],[74.635748977401931,29.742104467278182],[74.747725696999112,29.874499065666043],[74.871805144909501,30.016434172894662],[75.01374025213812,30.179312629923288],[75.106079046573143,30.292546144354901],[75.18010814573239,30.384884938790151],[75.33131421377567,30.577696850276482],[75.524126125262001,30.834421371806798],[75.550203793240996,30.869193143935263],[75.569630383659444,30.895270811914031],[75.663749611050946,31.034894297702976],[75.757051149115512,31.172731661184628],[75.911386748818643,31.405656685038139],[75.955280226255184,31.484888457169063],[76.034511998386108,31.62201416495617],[76.144300546289287,31.80625401025884],[76.211081281631778,31.916042558162076],[76.325558672369539,32.135381757302696],[76.415315375340242,32.296845935116153],[76.486035340847536,32.426428431286126],[76.504959084022289,32.466367218773826],[76.544897871509988,32.548118505073603],[76.675126218501305,32.806585957418918],[76.745564819057051,32.936814304410063],[76.846248073851598,33.145849975192561],[76.933675332192195,33.32559176509227],[76.992625412852306,33.447200177534114],[77.011719777271878,33.490764144896332],[77.055283744634096,33.585587726200458],[77.175492876807596,33.837376918484495],[77.232288328558127,33.957586050658051],[77.337199228856036,34.186056439560161],[77.38620247635231,34.288504782376265],[77.470801531651205,34.467971923782102],[77.499478209861707,34.534163331678428],[77.565669617757976,34.680857566781924],[77.659777000412419,34.884250414251824],[77.704991526413153,34.978357796906039],[77.815544015692126,35.228232194840189],[77.818772888165199,35.235640399622923],[77.933429096848045,35.488743670030146],[77.975341082771536,35.589458078140694],[78.076055490882084,35.822423808613109],[78.130566668495305,35.944618365540805],[78.155850045907982,35.999129543154197],[78.231924948920096,36.154999001192209],[78.293243657411665,36.292327249748496],[78.417976185652719,36.509515416278134],[78.476667526726828,36.619289253557497],[78.586441364006021,36.863316937390834],[78.634160346379531,36.972182307028675],[78.656055964187829,37.019901289402185],[78.705783318847978,37.139243244244028],[78.784503637291323,37.332224889240933],[78.869549686948403,37.530287162526122],[78.932608376957774,37.69450602269842],[79.057366570037061,38.001212368557162],[79.073026205402016,38.040673035650002],[79.079197947055036,38.058302325725265],[79.096827237130071,38.10532732458887],[79.223275531802244,38.424610614101937],[79.277159878507746,38.55105890877411],[79.367035086908459,38.79123693211983],[79.387754755102605,38.841986426746587],[79.474052273745485,39.06144478189799],[79.508539012382926,39.160118879769243],[79.607213110254008,39.414829531284795],[79.653110957646561,39.525932807629658],[79.674120034361181,39.571830655022097],[79.722349692651392,39.686967237419481],[79.802105674163101,39.887323964237055],[79.889811950985631,40.082216528146205],[79.955084159539524,40.24473135198474],[80.112404765718168,40.587408183610194],[80.114669305000689,40.592602401270085],[80.115500472430824,40.59470091221732],[80.117598983378059,40.599258215218811],[80.283843897384259,40.936743360387993],[80.377672001731128,41.102988274394193],[80.466650181133218,41.26432294976297],[80.627984856502167,41.520110815158773],[80.665377768838823,41.575981235181246],[80.693655811341955,41.613374147518073],[80.882059835846121,41.867449126862027],[80.883002183453698,41.868742693690479],[81.092201837891992,42.12376002064218],[81.113051766245633,42.149078984022424],[81.138370729626047,42.176874917561463],[81.362051634744034,42.4104649886483],[81.597571417639358,42.63414589376606],[81.623632383157201,42.659270113359014],[81.648756602750154,42.681729212956725],[81.898655455855135,42.89463291378479],[81.94821106166728,42.933600352683186],[82.159142475874091,43.101005948691466],[82.199894712285982,43.103779530478278],[82.637042859827147,43.112046277719116],[82.669528348998142,43.11406269661785],[82.687838036102391,43.126222079785748],[82.717678756365558,43.144531766890168],[82.997107128008508,43.327338861003511],[83.179914222122079,43.440228731859122],[83.314756392943025,43.520075469193102],[83.557150451470079,43.654917640014105],[83.639884514163839,43.705333221096396],[83.69030009524613,43.735048364913041],[83.770327063512354,43.734944608280443],[84.120170841454012,43.735432766930103],[84.200685968370067,43.735328937165946],[84.394072096962759,43.848303768606797],[84.471938405580602,43.89405107592745],[84.711071841493947,44.031539373493501],[84.796812223443453,44.07956313118882],[84.953022561595674,44.165303513138156],[85.110317932911244,44.276443294844967],[85.221457714618055,44.360150530754311],[85.402767308203408,44.494379792676739],[85.61577728929376,44.675689386262093],[85.667412395662325,44.740120578341873],[85.731843587741935,44.84014127864674],[85.859735434442598,45.05818341268548],[85.912342875614627,45.186075259386143],[85.963298152183825,45.417529823827863],[85.973898791579984,45.454405928672202],[86.01871931976666,45.69646113251008],[86.038650184531832,45.900040408844291],[86.041950760179077,46.006568304947223],[86.05930556151327,46.206847005634131],[86.067918496113293,46.381157970386937],[86.068481593993795,46.543485011885764],[86.076346534747529,46.717232878758068],[86.081376456335761,46.87808588328835],[86.080928089624365,47.066317380640442],[86.085653247606217,47.227618751882176],[86.089681584050197,47.380166628698021],[86.089780745702626,47.58555590984281],[86.09360811606922,47.738004625006056],[86.097586881668519,47.882647204203636],[86.09907744498787,48.105238482251934],[86.102858864358723,48.248390498130163],[86.107059882733836,48.38356007626237],[86.1104274729542,48.626974383342429],[86.114389058863651,48.758776371254044],[86.118756756699611,48.882249075420475],[86.124323660435834,49.151256443947887],[86.128377822449011,49.269162244378151],[86.132690439945236,49.378701265298957],[86.140653623511298,49.677972280147458],[86.144555710223699,49.779548117502031],[86.144196130753642,49.877581447614432],[86.154817328941988,50.202521858702085],[86.154472423284915,50.289933990626139],[86.158454048951057,50.373709402541124],[86.171831178493449,50.729921581377596],[86.175113913263829,50.800319863750019],[86.178178385516901,50.864370939099388],[86.193625986005088,51.262102262013173],[86.195911753053394,51.310705736874127],[86.195397559703281,51.357537638036888],[86.16772780362794,51.746589952759962],[86.167003588965997,51.821091609998064],[86.170368047038892,51.892953023825214],[86.184601005974741,52.273849028230813],[86.187250809634065,52.331477483122114],[86.185488008441439,52.388218935546774],[86.168997062932704,52.768630958312713],[86.166778893970616,52.841863356246051],[86.167599165249044,52.916493651862993],[86.169047817177272,53.279067585681332],[86.169841111069672,53.352249229370102],[86.169601451630001,53.424877238606143],[86.166361080917454,53.786766722545451],[86.166113553272169,53.86263510249421],[86.164486601329031,53.940377962031221],[86.155897112374078,54.286688627125955],[86.154104651896603,54.37302097561809],[86.15031528928165,54.464935147202539],[86.136867291826491,54.778044679702418],[86.132539087137047,54.883406848742197],[86.109228872122628,55.016407437485611],[86.07202659393306,55.223589854933095],[86.042505526921673,55.393792721866134],[86.016887024975176,55.619135157757114],[86.010928101842296,55.672877235966268],[85.984465059981005,55.904178594990185],[85.954005717235759,56.126340724483782],[85.942992928922251,56.203415126933805],[85.913747622442827,56.414564468114122],[85.888900814763247,56.571621695135377],[85.849937065872041,56.806856863108067],[85.831012991690386,56.924950341238002],[85.814687919804271,57.007794673300339],[85.731843587741935,57.411173662107785],[85.727635351469644,57.431127978089762],[85.726751823974553,57.43533621436211],[85.725360598519899,57.441819203584203],[85.639663890948952,57.853542390693178],[85.619554633777341,57.94572208748599],[85.586343179340304,58.091222495887848],[85.546480465222089,58.270744838090195],[85.50348385419494,58.456107960610098],[85.449025032061513,58.683675278053556],[85.430712068031653,58.75723948032055],[85.379851376823865,58.966493833734205],[85.348345042581741,59.093381161697664],[85.25929283628534,59.4390445851908],[85.249756895274857,59.476879706858085],[85.243995280519755,59.499417272759786],[85.221457714618055,59.584567777931511],[85.135651225885226,59.901459091249308],[85.111655864690817,59.987265579982193],[85.068670741081633,60.140052553518387],[85.024300173641166,60.300493912129184],[84.968087908685163,60.497651453106073],[84.910945073889422,60.697524685501548],[84.864832548244976,60.854276619478981],[84.820303299944896,61.00803732623018],[84.795768862538068,61.092734347273904],[84.711071841493947,61.377185252715321],[84.678105222991007,61.485456580851121],[84.667813750858727,61.518423199354061],[84.64826092535958,61.581234115488485],[84.557809753331867,61.875546984315747],[84.509547024890594,62.028809072478168],[84.435814517448421,62.263937621556352],[84.41683732598824,62.323043587984102],[84.348278680250303,62.539194945602048],[84.312882097696729,62.651391074928938],[84.200685968370067,62.998833141664306],[84.18810104259552,63.036995892951609],[84.183861974022022,63.049580818726156],[84.18142945077409,63.068837336322133],[84.080002862448112,63.439283585928138],[84.069161238296942,63.559966691850093],[84.030686625743613,63.729966034476661],[83.99870172320891,63.868368319812816],[83.953549478154969,64.070352564974144],[83.881025892299647,64.261078362027661],[83.69030009524613,64.564575526927513],[83.68894805033085,64.579386393182915],[83.68888845709489,64.580738438098081],[83.687543512183026,64.583495021161184],[83.655509681827539,65.05633389780354],[83.48339726167643,65.091124311222131],[83.399822190863745,65.311032279963797],[83.354735471223478,65.42668893524484],[83.287346342955971,65.601510184346068],[83.257717402105641,65.679313364329687],[83.179914222122079,65.878507839598001],[83.118408959167368,66.050390794515465],[83.096005705021355,66.111896057470176],[83.04887525332424,66.242935026267958],[82.983599394655187,66.425967103127164],[82.9123196564301,66.622281930594056],[82.848268613437256,66.80102219503317],[82.760446814512591,67.041749338203488],[82.727554509177367,67.132667803718164]]},"properties":{"OBJECTID":45,"Id":45,"Contour":420,"Shape_Length":240.56913661581413}},{"type":"Feature","id":46,"geometry":{"type":"LineString","coordinates":[[-34.983470070631142,89.079260348050127],[-34.983247415802964,88.832899421207117],[-34.983269127677602,88.815213689894449],[-34.983045540522482,88.56887447492602],[-34.982823846559654,88.322089978839699],[-34.982844920599064,88.30525202384905],[-34.982622289490678,88.058488601802139],[-34.98240169134283,87.811281950499051],[-34.982422102117141,87.795288969206865],[-34.982200562548144,87.548102728678032],[-34.981981136540355,87.300475522572413],[-34.982000835074473,87.28532436312554],[-34.981780464202359,87.037716855554152],[-34.981562227009476,86.789670739917653],[-34.9815811664119,86.775358158664119],[-34.98136198138809,86.527330982430044],[-34.895659865452842,86.350893586499126],[-34.719222469521981,86.257866625023553],[-34.558835158135309,86.177332420692835],[-34.478427446538035,86.016945109306164],[-34.478066684342707,85.775789324126947],[-34.47811303879331,85.74766866691084],[-34.477750067054046,85.506559236182056],[-34.477566456985471,85.264903223645717],[-34.477611943942634,85.237783888637523],[-34.477427470785869,84.996173363058119],[-34.477245851638145,84.754196745174227],[-34.477290975397182,84.727718984058868],[-34.477108495747586,84.485787489934069],[-34.476928959188115,84.24349397960026],[-34.476973664798322,84.217650421533733],[-34.476793271457268,83.975401616810132],[-34.476615911432532,83.732795058720626],[-34.476660160064171,83.707578053144005],[-34.47648194794948,83.465015743686081],[-34.476306796620747,83.222100070784904],[-34.476350538412362,83.197501801671592],[-34.476174540446834,82.954629870562144],[-34.47600175949259,82.711409160532867],[-34.476044947488958,82.687421519471116],[-34.475871326923766,82.444243997438093],[-34.475700952305715,82.200722480221941],[-34.475743529995498,82.177337063840639],[-34.475572323744359,81.933858124314156],[-34.475404392501332,81.690040047293394],[-34.475446306561651,81.667248414150322],[-34.475277552611885,81.423472251190049],[-34.475187227951096,81.179437009619164],[-34.475228682645252,81.15708016494284],[-34.475137970522383,80.913086378066168],[-34.474974847842816,80.668838756387117],[-34.475015779090995,80.646907195373046],[-34.474851854468056,80.402700504942061],[-34.474691420053318,80.158169455473512],[-34.474731517695488,80.136805583644559],[-34.474570294367481,79.892314631818181],[-34.474506691452461,79.647598853748832],[-34.47456248933122,79.626588738884948],[-34.474498528931861,79.381928758694073],[-34.474339923728564,79.137046212900827],[-34.47437831765518,79.116387037436994],[-34.474218939960508,78.871542885570193],[-34.47406293173691,78.626383347785122],[-34.47410024858118,78.606279233386999],[-34.473943484070674,78.361157012446085],[-34.472496219839911,78.114430762764073],[-34.472259867232196,78.097733741611876],[-34.47083517571366,77.850771139322205],[-34.471073910769633,77.60262258056963],[-34.471105698346832,77.588502037373075],[-34.471345018447209,77.340385266198098],[-34.471688107028626,77.092850903704743],[-34.471771275652372,77.077450586943712],[-34.472117009898056,76.829999393074161],[-34.472077548258312,76.582854471810492],[-34.472113749962773,76.566722239509375],[-34.47207410393338,76.31961351995011],[-34.472039838426326,76.072430888854569],[-34.472075508463377,76.056374607884663],[-34.472041085773185,75.809227646826173],[-34.472022430429433,75.562027607733626],[-34.472057545460586,75.546006697763403],[-34.472038807986166,75.298841773702122],[-34.472014830897763,75.051634135078075],[-34.472049292103293,75.035629077996816],[-34.472025210215236,74.788455900578185],[-34.472006730412659,74.541240161468693],[-34.472040410777026,74.525252086198975],[-34.472021852699129,74.278070027454135],[-34.472008853434772,74.030856411366926],[-34.472041631036291,74.014864992815774],[-34.472028578728441,73.767684154330198],[-34.462254255787286,73.514266494940784],[-34.461935153410423,73.510396838218469],[-34.451311590218495,73.25729828120609],[-34.450966270627646,73.01516860697626],[-34.450840810094633,72.988916621778856],[-34.450493350512829,72.746912408082039],[-34.455523416045367,72.500225588434716],[-34.455439943251804,72.483129881811919],[-34.460734633534003,72.236526534958102],[-34.479754649135259,71.997058714571438],[-34.482498546096394,71.962864585259695],[-34.501329160085049,71.726140661834052],[-34.500785989264898,71.507704181577026],[-34.50060430979056,71.434372948441649],[-34.500060677268664,71.215754788710115],[-34.405450096846607,71.019141288261608],[-34.208836596397987,70.912328255809655],[-34.071061242725818,70.843144269258119],[-34.002060846291954,70.705368915586064],[-34.004134574913394,70.500666894101641],[-34.003886663273306,70.399932975586751],[-34.005911778932898,70.194983042462127],[-34.005227803237972,69.991374249302112],[-34.00496042916933,69.888473336566733],[-34.00427450874173,69.684597169338019],[-34.003587031889424,69.47934760482957],[-34.003310337490461,69.37973755512138],[-34.002621143650686,69.174211296214139],[-34.002052526848502,68.967427226664768],[-34.001766209319157,68.870895810168975],[-34.001197052086354,68.663825423090032],[-33.998196469116181,68.453185295808339],[-33.998173313089922,68.364102833274103],[-33.995086025580633,68.153439549966151],[-34.066852207062368,68.011455160630589],[-34.208836596397987,67.940444699506713],[-34.392737170035673,67.826954250479957],[-34.474711335993675,67.643053676842214],[-34.396932802818128,67.454957470422016],[-34.208836596397987,67.345149617001766],[-34.067381103129549,67.274123296986488],[-33.996444428843859,67.132667803718164],[-33.995656834633394,66.919488041953628],[-33.99529247525669,66.835826051735353],[-33.994504580483522,66.622281930594056],[-33.993687699314137,66.407133033510377],[-33.993321756201453,66.327410897666596],[-33.992504787979556,66.111896057470176],[-33.991728107915662,65.894787568987795],[-33.99136208915013,65.818984691593926],[-33.990586051043124,65.601510184346068],[-33.989818460823926,65.382492048772065],[-33.989453685033709,65.310507222586352],[-33.988687224102819,65.091124311222131],[-33.987929844966516,64.87021755979066],[-33.98756804072633,64.802006993769794],[-33.986812271491772,64.580738438098081],[-33.986059975090939,64.357961816791146],[-33.985699436760569,64.293489724611334],[-33.984949265183786,64.070352564974144],[-33.984219334355998,63.845735302932098],[-33.983871153975826,63.78493213427214],[-33.983143715705864,63.559966691850093],[-33.982425949048547,63.33355604450071],[-33.982085524919853,63.276331890204006],[-33.981370675615835,63.049580818726156],[-33.980665119027208,62.82140934135532],[-33.980334070983645,62.767697471016504],[-33.979631830889844,62.539194945602048],[-33.978938789320807,62.309297138524983],[-33.978618823017314,62.259026845858841],[-33.977929465661873,62.028809072478168],[-33.976979412968205,61.796951889048387],[-33.976675134334528,61.750584661417463],[-33.975728532006713,61.518423199354061],[-33.974617975522449,61.284204578478523],[-33.974185639336042,61.242688283292125],[-33.973085642836338,61.00803732623018],[-33.972404156699952,60.771604886532145],[-33.97214276638681,60.73434528311725],[-33.971466159187401,60.497651453106073],[-33.968695539790644,60.257510396498844],[-33.968259429043997,60.227842747336069],[-33.965501481791023,59.987265579982193],[-33.964775268310291,59.743204251894326],[-33.964610998339992,59.721105304916023],[-33.963890765533961,59.476879706858085],[-33.963173014442702,59.231216124902858],[-33.963030327189983,59.212300102941981],[-33.962318785992125,58.966493833734205],[-33.961608753901658,58.719265991237762],[-33.961488018878015,58.703456538130069],[-33.960784397036434,58.456107960610098],[-33.960081303714276,58.207352667926386],[-33.959982754042755,58.194575929841278],[-33.959286242466874,57.94572208748599],[-33.958589272721383,57.6954747638095],[-33.958512976870225,57.685659833889872],[-33.957822734883393,57.43533621436211],[-33.957131196354567,57.183630814318747],[-33.957077086430274,57.176709851205715],[-33.956392397866011,56.924950341238002],[-33.955705419581022,56.671819164421208],[-33.95567330645116,56.667727758060835],[-33.954993280133522,56.414564468114122],[-33.95431027170423,56.160038143420422],[-33.954299867875875,56.15871532351224],[-33.953623892111523,55.904178594990185],[-33.952947574209475,55.649681744054703],[-33.952951161146245,55.648293159738387],[-33.952281866928786,55.393792721866134],[-33.951615130620667,55.140628314519347],[-33.951625743200623,55.13658186866877],[-33.950965933500413,54.883406848742197],[-33.950307677306171,54.631549894709735],[-33.950325282308938,54.624895534652978],[-33.949673850359432,54.37302097561809],[-33.867488278583892,54.203983420308134],[-33.698450723273993,54.112560506146053],[-33.53268912543507,54.028396700333019],[-33.450804223190232,53.86263510249421],[-33.45016353014762,53.614347909367837],[-33.450053496347437,53.600646456296715],[-33.449419486484942,53.352249229370102],[-33.448776952284845,53.102575458381068],[-33.448689482371151,53.091624597148893],[-33.448053663148016,52.841863356246051],[-33.472563635296865,52.615976268269094],[-33.698450723273993,52.424765793864367],[-33.75428680835563,52.387313568203865],[-33.77197466581913,52.331477483122114],[-33.770896740533033,52.259031465862961],[-33.766770927771063,51.88941181449519],[-33.765761808875652,51.821091609998064],[-33.743636511554712,51.775905821717402],[-33.698450723273993,51.75102166625993],[-33.55248896880039,51.675129855524631],[-33.343334964655924,51.665821495492196],[-33.341459652132528,51.464100538856769],[-33.265718972439743,51.310705736874127],[-33.264527704098555,51.234242882925571],[-33.260258048033108,50.872513061633299],[-33.259141633038723,50.800319863750019],[-33.258036285443211,50.730348428456921],[-33.253492725637216,50.355361866113356],[-33.252466616064567,50.289933990626139],[-33.252810010976873,50.225188829799151],[-33.247907514717724,49.839390782069927],[-33.248236614002394,49.779548117502031],[-33.24724839193965,49.720364575712381],[-33.241949790567503,49.323047184795769],[-33.241055972641675,49.269162244378151],[-33.242184154175675,49.215042940352362],[-33.258704430349383,48.829415951453541],[-33.260112296225259,48.758776371254044],[-33.258971059221153,48.68787016218289],[-33.254104493338104,48.314430141318269],[-33.253047973430682,48.248390498130163],[-33.25200006815669,48.184455280123359],[-33.246786062764727,47.796725837620954],[-33.245829172333458,47.738004625006056],[-33.244881045277111,47.681188429878944],[-33.239301530342971,47.278855432075147],[-33.238451241667406,47.227618751882176],[-33.287357215236227,47.12832638679572],[-33.289567474817034,46.818735503425216],[-33.61146142229353,46.804222179738531],[-33.698450723273993,46.758920892114077],[-33.725037815899782,46.743819971384028],[-33.737123678349008,46.717232878758068],[-33.736502323689194,46.679181278342924],[-33.730403270175884,46.238799552536022],[-33.729884048525321,46.206847005634131],[-33.758383715859395,46.146914013048672],[-33.747124916339317,45.745135325575518],[-34.178634320903484,45.72666340800447],[-34.208836596397987,45.710701757326319],[-34.217970171155741,45.705594707267892],[-34.222232341339179,45.69646113251008],[-34.217811143437814,45.68748658547031],[-34.208836596397987,45.682603755986634],[-34.180377961745762,45.668002497858026],[-33.744533277397409,45.650378578386665],[-33.732024783400334,45.219649319512541],[-33.71508284038606,45.186075259386143],[-33.714798652785873,45.169727329874206],[-33.70738958155448,44.684628244542694],[-33.707234834398434,44.675689386262093],[-33.707082200872264,44.667057908663821],[-33.699216829510135,44.166069619374412],[-33.699203334887443,44.165303513138156],[-33.699190038991958,44.16456419742002],[-33.698450723273993,44.118725191986641],[-33.494581439880392,43.858786923407763],[-33.333995453561215,43.654917640014105],[-33.268603077848297,43.57437941231575],[-33.188064850149999,43.475705449881445],[-33.041442105926706,43.291154511113291],[-32.924374282504971,43.144531766890168],[-32.81300047355154,43.009210270364576],[-32.677678977025892,42.845754194882431],[-32.583262806614698,42.728562064177254],[-32.506770242268203,42.63414589376606],[-32.352285884570563,42.449153113097623],[-32.167293103902011,42.229068875184964],[-32.119915292948008,42.17113783159607],[-32.080925699011004,42.12376002064218],[-31.886329188950413,41.894338062469728],[-31.656907230777904,41.625784126042561],[-31.651274957004205,41.619006421291886],[-31.646562198083245,41.613374147518073],[-31.581764592327261,41.538231509067373],[-31.415076184704617,41.344819320467479],[-31.205023839937098,41.102988274394193],[-31.168717186426818,41.080792445621171],[-31.14652135765391,41.067242514833822],[-31.050440296133672,41.006907212873728],[-30.854986637878426,40.884137121045569],[-30.636135484529916,40.746829702759953],[-30.54239815798968,40.686339727810378],[-30.397025702828387,40.592602401270085],[-30.268812053233887,40.44953995944212],[-30.125749611405922,40.291350810763277],[-30.027915856251241,40.180050283300773],[-29.941162245407611,40.082216528146205],[-29.785688763697067,39.911891502730953],[-29.615363738281985,39.727091530701216],[-29.542008721300419,39.645185672003663],[-29.475696185060258,39.571830655022097],[-29.297022109566456,39.379786410613576],[-29.104977865157991,39.175476504248593],[-29.050552514351239,39.115870132704742],[-29.000363144301957,39.06144478189799],[-28.802802302955172,38.853234470976872],[-28.594591992033997,38.636162060896311],[-28.553551247557095,38.592099653250898],[-28.514922600693296,38.55105890877411],[-28.303036936898366,38.332228090785748],[-28.084206118909947,38.108787022393699],[-28.051010345238353,38.073868809321766],[-28.019103148989927,38.040673035650002],[-28.062344828088953,38.018811744829065],[-28.084206118909947,38.008105753765221],[-28.146284128653974,37.978595025905975],[-28.407142767461494,37.853223811077612],[-28.594591992033997,37.76587258810946],[-28.807329608389523,37.827935419294477],[-28.862332151735473,38.040673035650002],[-28.914849677870052,38.230801222938112],[-29.104977865157991,38.282392192782538],[-29.27379796178468,38.209493132276748],[-29.571592578910497,38.084444195021547],[-29.615363738281985,38.065854694625102],[-29.633193037753642,38.05850233512183],[-29.677613471593759,38.040673035650002],[-29.645217162456504,38.01081961147554],[-29.615363738281985,37.98369893785059],[-29.381100499811851,37.764550400996256],[-29.127151304346171,37.530287162526122],[-29.115473657074403,37.519791370609653],[-29.104977865157991,37.510497690528098],[-28.879501831819823,37.30481112918801],[-28.848430922989508,37.276448231570612],[-28.594591992033997,37.048093393288582],[-28.579959845184135,37.034533436251934],[-28.563943140752656,37.019901289402185],[-28.31008559843832,36.794021809873698],[-28.084206118909947,36.596084682682033],[-28.038719646601464,36.555001888586503],[-27.987596438915148,36.509515416278134],[-27.765954427169731,36.317381234894242],[-27.57382024578601,36.153472867162748],[-27.491712514815447,36.081237274124589],[-27.396909572318805,35.999129543154197],[-27.216074413944227,35.846489501871702],[-27.063434372661845,35.719793359110156],[-26.938980950665325,35.613197092026724],[-26.791276205194379,35.488743670030146],[-26.660484523657544,35.38130764591051],[-26.553048499537852,35.294593125939741],[-26.380570181368626,35.150836115075322],[-26.170044763049418,34.978357796906039],[-26.099234674894717,34.921785748425236],[-26.042662626413914,34.877413668619226],[-25.816525831967283,34.69410871822879],[-25.532481563030387,34.467971923782102],[-25.532353194597874,34.467895482474091],[-25.532276753289921,34.467850618989075],[-25.532037733992524,34.467732904484592],[-25.175499326878935,34.314363477069151],[-25.021890880165927,34.217530277443643],[-24.877917367484883,34.101559563339094],[-24.695912701065083,33.957586050658051],[-24.591794489502433,33.877296568197494],[-24.511505007041933,33.816582536265173],[-24.359686525159532,33.599018659416572],[-24.333453409525077,33.447200177534114],[-24.345999334347141,33.281694504839322],[-24.511505007041933,33.013764682387546],[-24.537430826334401,32.962740123702531],[-24.536662192578831,32.936814304410063],[-24.535561847258919,32.912757464193248],[-24.511505007041933,32.877363316879439],[-24.358212913954844,32.783522211323032],[-24.232054795782801,32.705878642545258],[-24.001119133917939,32.566873684982284],[-23.91479085992637,32.512756705277695],[-23.774061644147992,32.426428431286126],[-23.550954814116778,32.366206877963407],[-23.490733260793945,32.349925972888059],[-23.384178280979484,32.319873451471608],[-23.152221926144477,32.254553892811487],[-22.980347387669951,32.206020030720822],[-22.75362457406419,32.199705617680422],[-22.668955708174678,32.227434237657235],[-22.469961514545957,32.215506332235805],[-22.290904854987332,32.095099217720644],[-22.019148640260994,31.916042558162076],[-21.982907034322295,31.892711165261687],[-21.959575641421964,31.878025062913252],[-21.84847997528766,31.804946892027772],[-21.674946085675515,31.690286240784587],[-21.44918976829797,31.544318429701207],[-21.364645750334375,31.490200703001619],[-21.216574152215401,31.405656685038139],[-21.061810037414944,31.282650542797171],[-20.938803895173976,31.171175220562532],[-20.798589953755027,31.035484753333151],[-20.647669862808925,30.895270811914031],[-20.493879528945342,30.829809305018728],[-20.428418022049982,30.824466580624289],[-20.321001068384021,30.787853858248297],[-20.100275591161449,30.713027369678741],[-19.918032148925988,30.650561703830135],[-19.683230649432403,30.619686438283622],[-19.606285466349277,30.583524129337547],[-19.407646275801994,30.535106548860881],[-19.331354876204387,30.461176338387702],[-19.284217348934021,30.384884938790151],[-19.105391167990206,30.176754173477832],[-18.897260402677887,29.942612476933732],[-18.856217678767734,29.915541789576366],[-18.792403393101438,29.874499065666043],[-18.512616009954684,29.748757585265366],[-18.386874529553893,29.689696793103735],[-18.168379949850021,29.582607772246035],[-18.018368932613726,29.505993468725819],[-17.876488656429956,29.434504970201033],[-17.824318086266032,29.416283762705973],[-17.745803277164384,29.364113192542163],[-17.52228787703757,29.207928098810385],[-17.366102783305962,29.101382652341726],[-17.210668340175005,29.009161762549127],[-17.011627799583039,28.853727319418056],[-16.918575679027242,28.790868550572895],[-16.855716910181968,28.749439550297041],[-16.614500188621776,28.584558167854254],[-16.530527771305458,28.528538180541659],[-16.345331037057974,28.404393714348771],[-16.309274066459466,28.37939841689257],[-16.256004003688702,28.343341446294176],[-16.209747966709301,28.207758375945502],[-16.155371053939007,28.022915556289149],[-16.080610338698932,27.832955573170068],[-15.921240646461627,27.746660090642422],[-15.83494516393398,27.700890837825739],[-15.591155644955734,27.566359219024378],[-15.541437976174279,27.539448385410424],[-15.324559290809987,27.421385243255656],[-15.260830645802969,27.386298345053149],[-15.134296689185362,27.322569700046188],[-14.918186961343622,27.218556156388445],[-14.814173417685993,27.16579446837676],[-14.585339344030615,27.041017900577458],[-14.470878126410128,26.979274408770323],[-14.303787544561999,26.888851274278636],[-14.254979929351236,26.860991442132843],[-14.17260505744423,26.81218382692208],[-13.934111565324372,26.67147393303577],[-13.793401671438005,26.592871899486113],[-13.605820371441553,26.489379253794596],[-13.305223127654244,26.324005283138433],[-13.283015798313897,26.311777792698877],[-13.276608793434718,26.308204958677322],[-13.265121498111512,26.301797953798143],[-12.947567554381351,26.126860324606639],[-12.772629925190017,26.030522608378419],[-12.61896624155986,25.945075764304136],[-12.343466440549605,25.791412080674093],[-12.292168560319396,25.761487572420492],[-12.26224405206591,25.743903798123824],[-12.145768669356471,25.674936697964654],[-11.971330765304117,25.571939494312005],[-11.751858178941916,25.440920379702675],[-11.651802922391539,25.381081464100589],[-11.486981701873106,25.281026207550156],[-11.336455208825441,25.186043304542636],[-11.241472305817922,25.120079506764512],[-11.031270717440975,24.980841922803052],[-10.755061985756811,24.794615887489158],[-10.731086432693928,24.778506981676117],[-10.726394737725286,24.775332029394804],[-10.719501115722551,24.770640334426105],[-10.417896921290321,24.573443972705775],[-10.220700559569934,24.441136764637065],[-10.11276683554928,24.368188185322822],[-9.9594909449505735,24.260254461302168],[-9.814026297646933,24.156542850101118],[-9.7103146864459404,24.08173346955374],[-9.5168205149596474,23.943362759664353],[-9.2540474991407677,23.749868588178117],[-9.2230406141763979,23.726756787323609],[-9.1999288133220034,23.709042082956785],[-9.024026686399111,23.573966461255282],[-8.9341800424074336,23.505231485968693],[-8.6895429401979527,23.312659060017268],[-8.6486467944404239,23.280378860811709],[-8.5982806744577829,23.23948271505418],[-8.3680730436229283,23.050566738505211],[-8.1791570670740157,22.891468792679518],[-8.0911508432468509,22.817103065757294],[-7.9895562895579815,22.729096841930073],[-7.8170935200972167,22.580774515782934],[-7.668771193949965,22.455139316531756],[-7.5406244284166632,22.34685773433938],[-7.3976145357999599,22.218710968806192],[-7.2731246172211286,22.103971672410921],[-7.1583853208258574,21.996240229450677],[-7.0100291643807964,21.856681252127316],[-6.8549257538099369,21.708325095682085],[-6.7494170961041391,21.606907447279923],[-6.6479994477019204,21.509651047799537],[-6.4888028481756805,21.357135822084388],[-6.3214380046241558,21.197939222558205],[-6.2288532829287533,21.106699514207321],[-6.1376135745779266,21.015744206762974],[-5.9857600796458996,20.839406844366238],[-5.8917756368704204,20.687553349434097],[-5.7884185545004812,20.526362496387719],[-5.6272277014539327,20.331072742899266],[-5.5509961524214191,20.253399025342731],[-5.4765824171668669,20.177167476310046],[-5.2995698080820262,19.99443949655813],[-5.1168418283299388,19.804947554292426],[-5.0486765234725794,19.734946908043469],[-4.982476994881722,19.666781603186109],[-4.7972839040506301,19.475953654341424],[-4.606455955205945,19.283931854370337],[-4.5424700155972459,19.220381669670815],[-4.4795355083393815,19.156395730062002],[-4.286025617951168,18.966440194192955],[-4.0960700820819511,18.780115283950011],[-4.0283410704530525,18.713738868567077],[-3.9613710165632483,18.646009856938122],[-3.7792530714477834,18.452440994448409],[-3.5856842089579573,18.247226465820404],[-3.5299595988970509,18.191348593875091],[-3.4742666861213252,18.135623983814014],[-3.2757375531754747,17.93518476647273],[-3.0752983358339634,17.73287705276914],[-3.0208655193497975,17.679670927174357],[-2.9649736993053466,17.625238110690134],[-2.7633484418091712,17.426802131590932],[-2.5649124627099695,17.231713224382474],[-2.5047462057271446,17.175018494549022],[-2.4405118279417479,17.114852237566197],[-2.2424388190131026,16.926940008138899],[-2.0545265895859757,16.749203096051929],[-1.9781098075653745,16.68088314646252],[-1.8917323796250685,16.604466364442146],[-1.7086505623061043,16.439956518597796],[-1.5441407164619818,16.293308765014444],[-1.4351067750213247,16.203114432758753],[-1.3007270293434203,16.094080491318209],[-1.1545112267926925,15.973324107863448],[-1.0337548433379879,15.875478140758275],[-0.86556838181189732,15.751881079720192],[-0.62853165803187494,15.583694618194102],[-0.57089172046869407,15.536171867939288],[-0.52336897021399409,15.498692697316812],[-0.40326573103607188,15.463591379016123],[-0.20112991592634444,15.395547799357757],[-0.012983097090000228,15.347047093359208],[0.16390768274737866,15.250199524907373],[0.49614189958322186,15.074569621520936],[0.49740277603410732,15.073895922262977],[0.49779420369861782,15.073700172734561],[0.49863912478582506,15.073308745070051],[0.84782706775808947,14.913347163670096],[1.0077886491580443,14.846239715525542],[1.2112649693727349,14.766399192160804],[1.3724054558958869,14.708691938332208],[1.518174522282095,14.654242211065309],[1.5850616441247212,14.629809993788797],[1.7823102280785292,14.562922871946114],[1.9680644226363029,14.502426899176385],[2.0285603954060321,14.485646260387284],[2.1376294718806435,14.453853795471503],[2.366538008862733,14.390514612278764],[2.5389462685300828,14.338116826061821],[2.7500923891525417,14.263683119444693],[2.8868971920870763,14.214971948389007],[3.0493321416540198,14.157409390196278],[3.1275943537349349,14.130799210902978],[3.3589800233193046,14.052536998822063],[3.5088328032599065,14.001651787304013],[3.5597180147780705,13.984548073224516],[3.6563064994464867,13.955948514153647],[3.8993138039760993,13.881746914896155],[4.0701038879020075,13.832488370135877],[4.3008093513773815,13.7728565891735],[4.365878657004771,13.75676222971947],[4.580489761026115,13.702263384816945],[4.7145750125449126,13.676236377216924],[5.0201059713487552,13.612920788499366],[5.0908756341501658,13.598878539687462],[5.1390220011392671,13.590297492687228],[5.4311567071011382,13.542151125698126],[5.5770199862291747,13.517909604653198],[5.6012615072741028,13.514190570085418],[5.6326074604644987,13.51080517250773],[6.0324045929125418,13.462908338212515],[6.1116473803981535,13.454573536740043],[6.256280172572815,13.397518333523351],[6.4115692654614236,13.331687137637516],[6.6220332535220905,13.256362440574321],[6.8401019949920965,13.249833994044252],[6.9154043344628917,13.248780044757154],[7.1324191266459707,13.242481202716476],[7.3388858479534633,13.238231973881511],[7.4397630357380535,13.2348072166061],[7.6428049997700782,13.230517539762104],[7.8434919098273213,13.232452162631319],[7.9466074991062783,13.238348626361926],[8.1531908728939584,13.240157645811166],[8.3884333295624174,13.267007709242307],[8.4252040492965534,13.270137949295759],[8.6635767460180659,13.299187530442907],[8.8814180477234572,13.324309823992735],[8.9615792041133773,13.329767710669557],[9.1739626191420029,13.352270182162101],[9.3596847666968301,13.35642897814347],[9.4895432601065863,13.347345893538659],[9.6843484922660537,13.350985400483182],[9.831516086478473,13.394983531485707],[10.121509708058909,13.542151125698126],[10.169805334848945,13.567080156239172],[10.194734365389991,13.577525118118217],[10.232843226002046,13.580259986310011],[10.632533939210589,13.614737425001579],[10.705120238514041,13.619786360024364],[10.788019495512287,13.625050382696315],[11.109319784765376,13.6483374525709],[11.215506111637978,13.654952119747918],[11.329364491270383,13.656009505330587],[11.601918987774923,13.666124122685233],[11.725891984762029,13.667212539552622],[11.85839509652493,13.674654237461027],[12.08801004427886,13.690418939305232],[12.236277857886137,13.698528431111697],[12.399658764669482,13.705532032481642],[12.573239455618477,13.715575401089666],[12.746663731010074,13.722780213546173],[12.932337299989968,13.72782469467802],[13.066031665879279,13.733169063952971],[13.257049604134124,13.738223889084452],[13.452948782733529,13.738050304297531],[13.569992206892039,13.739594396064149],[13.767435477258061,13.739424296610537],[13.961585128204717,13.736300776644839],[14.085129199384085,13.734843276696154],[14.277821350382112,13.73176927753218],[14.460813318773148,13.725143094089333],[14.607727747390754,13.722630601813421],[14.788207223506049,13.716332060347611],[14.949730687907561,13.703674590099695],[15.154041866619082,13.686702355708974],[15.2985930966301,13.675275550218032],[15.417630929271638,13.661188958339608],[15.72090144098803,13.63022865446419],[15.808978969754037,13.620104357384548],[15.874699444354576,13.607871600298495],[16.156183532245279,13.542151125698126],[16.288772075361692,13.51155835818173],[16.319364842878144,13.505690453946329],[16.367179931695375,13.494336036880895],[16.714932364518233,13.427332774214392],[16.829750716002025,13.396664497055326],[17.009199655699319,13.362702186001002],[17.142144006027934,13.344158542599928],[17.340136589126132,13.30178462824216],[17.540344832667188,13.231973496115302],[17.689870944984477,13.192416769839781],[17.850522462250012,13.142978238048727],[17.934628086816019,13.115870877140026],[18.271809637006413,13.031765252574075],[18.34369320296048,13.014550120160607],[18.36090833537412,13.010463111168917],[18.388652047159098,13.00402154078904],[18.759609564315554,12.920080608391572],[18.871294208498,12.893747960575695],[19.079974830724836,12.823084630347466],[19.152919452314393,12.803004623266531],[19.381680081622108,12.709132641493511],[19.510615935840519,12.65031523366855],[19.861829006671258,12.551616327524926],[19.892065954746045,12.540784903230758],[19.906198073994744,12.535511498698838],[19.931696561510478,12.521379379450138],[20.239063489531532,12.357991041111518],[20.402451827870095,12.299438118279795],[20.633977935297366,12.242519613753302],[20.69643133966008,12.227399867659983],[20.912837700994032,12.174517223725672],[21.044576265261526,12.142732070593581],[21.368371672616831,12.065845407827283],[21.423223574118083,12.052692251533756],[21.464560242109599,12.052330174317547],[21.602306112954295,12.010993506326031],[21.870557448920863,11.94794150800476],[21.93360944724202,11.93337757932909],[22.011922185064179,11.932680768504042],[22.31200148435471,12.010993506326031],[22.419421371478393,12.035567455213936],[22.443995320366071,12.032861879330937],[22.461085227207946,12.028083413167906],[22.502933510682908,12.010993506326031],[22.801698510754477,11.858310823590557],[22.954381193490008,11.841813501741512],[23.173553875031814,11.719780314743957],[23.319878771618278,11.500607633202151],[23.375403438788794,11.411244005376716],[23.464767066614115,11.35524582761218],[23.654976025375561,11.310398674440478],[23.757061840754091,11.282516534218246],[23.975152939737995,11.235886945953098],[24.185984010393156,11.201052830733261],[24.291476234384788,11.184284338555358],[24.485538812862103,11.152563876357817],[24.628584960580554,11.133267907796665],[24.893308508193627,11.092837937870627],[24.995924685985983,11.078553767481537],[25.067133729882983,11.061430803975099],[25.269778361783551,10.990221760078043],[25.444691048376512,10.928602249344692],[25.506310559110091,10.914483635476813],[25.603219736911512,10.893312582276678],[25.878181833152496,10.851707160996568],[26.016696432233971,10.815758181089564],[26.221660211411631,10.78525798090061],[26.308750961002829,10.771890415722794],[26.527082305358078,10.739756503677597],[26.746149853590907,10.698903435186992],[26.833358986133419,10.683945079302759],[27.037468178481959,10.646829656034811],[27.212070344348319,10.654438052820467],[27.400138037919191,10.627551900641038],[27.547854051606066,10.63710785631099],[27.759264688709607,10.691246524057703],[27.827724671188662,10.710351140495504],[28.058239924730003,10.765844523525288],[28.303403386958053,10.724999349182212],[28.326939933504832,10.721521751303385],[28.568625797854054,10.682536546604638],[28.733008037977697,10.644218127077806],[28.940261032012472,10.618586525919795],[29.079011670978161,10.591515732213963],[29.185489964246869,10.586314180223042],[29.47496451784599,10.594268913210215],[29.589397544102042,10.589437221348817],[29.689084937339828,10.579523280191779],[30.032444836473758,10.547174467706327],[30.099783417226149,10.540541130220447],[30.155279905138514,10.535332374866471],[30.59395172991151,10.496053447392569],[30.610169290350029,10.494543276284219],[30.623495223336306,10.493161819940383],[30.757990327926791,10.479835886954163],[31.087351802794046,10.446632526274243],[31.120555163474137,10.443701716426403],[31.159754511558788,10.440636538869512],[31.559833757091724,10.408728607447813],[31.630941036598074,10.403187182466183],[31.721886078771092,10.388890844781145],[31.999848570362758,10.33835754759474],[32.141326909722125,10.317379050194347],[32.318879333570919,10.302283463105198],[32.465451518552925,10.293574622661026],[32.651712782846062,10.276826818514166],[32.863779437770802,10.267769232029423],[32.948093926078741,10.265831157062735],[33.162098655970112,10.256306197641209],[33.396331784412951,10.245602758511382],[33.436002124409356,10.24335348226947],[33.672484529094049,10.232793620763744],[33.922055668471955,10.219021153207962],[33.934038028818179,10.218282387229806],[34.182870402217929,10.204381255816202],[34.411583057016287,10.198162668628413],[34.467829561973929,10.194876727198164],[34.693256275342037,10.188363086743607],[34.913851061268701,10.19004479975672],[34.981448220716572,10.191643941579628],[35.203642148465917,10.193283980629758],[35.418994814832502,10.184802680196583],[35.502913763452113,10.180564271967967],[35.714028021590025,10.17207002130101],[35.910003103849817,10.165425096089905],[36.034289525815211,10.159574382728977],[36.224413894714132,10.152961517912161],[36.396856894363566,10.141893013479717],[36.585383403637081,10.118866378031157],[36.734799767838012,10.108171148727592],[36.868878139236017,10.10352838522806],[37.116648909902381,10.097986744889795],[37.24518564096212,10.09364013099804],[37.370422170904135,10.09468654377207],[37.633060625217183,10.091960902698872],[37.755571514086,10.09302396174769],[37.873973804909383,10.087852304653438],[38.164850515005071,10.070556886035092],[38.265957387210108,10.066005069179027],[38.376295571413493,10.079788198033668],[38.63470753676603,10.111085737398241],[38.776343260333988,10.128932885304437],[38.964422854571183,10.157529608067193],[39.081480625779761,10.17469852150839],[39.286729133458095,10.206303893390839],[39.516203430912412,10.250361589499846],[39.579393389297024,10.262114269668984],[39.797115006582032,10.303496506545514],[39.942893409871033,10.334057483665106],[40.217173536826408,10.38950854407426],[40.307500879706083,10.408212306294899],[40.366646509456359,10.42069025720366],[40.651160264071507,10.479835886954163],[40.788737803472486,10.508984836311697],[40.81788675283002,10.515023824539412],[40.861956911411994,10.523906045536137],[41.211849405411499,10.596259107496735],[41.328272625954071,10.619417958511917],[41.504828446799365,10.656391707799401],[41.63420558083277,10.684288805199401],[41.838658499078008,10.726437345341708],[42.055622402960012,10.77325785619621],[42.151357259000349,10.792534646876334],[42.349044372202059,10.834193612688978],[42.475055861124076,10.864210271156026],[42.806145223092869,10.936936737844917],[42.859430245326166,10.949254885808784],[42.890914718756505,10.958737286647533],[42.995063746944311,10.990221760078043],[43.28056702608626,11.079470852441887],[43.369816118450103,11.106856456463504],[43.579491595609682,11.199897237237849],[43.643380318662992,11.227043432989205],[43.880201991574154,11.339497444252856],[43.988450866326957,11.392358758449177],[44.199756284982868,11.500607633202151],[44.322344685653263,11.568850812246978],[44.390587864698091,11.606447736897678],[44.624908899008346,11.734928667512406],[44.651882726202928,11.749698644821194],[44.900973737822142,11.886729145500453],[44.981485934459954,11.930481309688275],[45.12806996039194,12.010993506326031],[45.307998430454859,12.114354686817251],[45.411359610946079,12.174887221808547],[45.631487283134618,12.301251707261542],[45.798236813637288,12.397870709017297],[45.921745484069959,12.469256848064958],[45.954748499378354,12.48837636414197],[46.012460491013371,12.521379379450138],[46.269258757025511,12.684251979618693],[46.432131357194066,12.789874928977952],[46.576415537826733,12.887481071941522],[46.804859322024811,13.031765252574075],[46.88759662101512,13.086685861877072],[46.942517230317947,13.115395035110282],[47.152053246949322,13.241301269205394],[47.209143157864958,13.275525198151115],[47.452903103442054,13.42303222392178],[47.527643480032509,13.467410749107501],[47.652161456519764,13.542151125698126],[47.82647223582228,13.678967866441781],[47.963288976565991,13.791263828794911],[48.106959714796687,13.908866260591481],[48.269645613349496,14.052536998822063],[48.402141870835408,14.124069977676868],[48.473674849690042,14.147069470297822],[48.728759566853569,14.307838154782587],[48.729325810175851,14.308187959308043],[48.984060722813979,14.46629437196151],[49.059455843742285,14.487527751017979],[49.205382138216521,14.562922871946114],[49.381961554696886,14.675407913187257],[49.49444659593803,14.747541536552205],[49.693992197408136,14.873763143600002],[50.000705883601768,15.069182159609852],[50.004832469062137,15.071807140310398],[50.00565284873511,15.07248836539685],[50.006281402984314,15.073308745070051],[50.009336377122338,15.077812653130422],[50.221215759159008,15.36731132809723],[50.326071288951255,15.583694618194102],[50.419495912740217,15.679417047639959],[50.515218342186017,15.732125392615842],[50.74577652434607,15.863522309157986],[50.970819454240427,16.094080491318209],[50.997552064504475,16.122132642123688],[51.025604215310125,16.137754375435236],[51.091457564829739,16.159933840837823],[51.373799515389123,16.25627106436292],[51.535990088434062,16.310175838840962],[51.684507322599643,16.455949130276508],[51.803474746443442,16.604466364442146],[51.882780336623284,16.768061989376804],[52.046375961558113,17.080899155143982],[52.064985136021562,17.096243063102577],[52.097555143799809,17.114852237566197],[52.422777252336289,17.24883681991173],[52.55676183468205,17.417463475343538],[52.682361740520889,17.499638204851465],[52.874106471356697,17.625238110690134],[52.993893637357246,17.698492181138988],[53.0671477078061,17.737646219283988],[53.304200159425761,17.862290562309965],[53.328241639288706,17.874530052331465],[53.577533580930037,18.01518587511066],[53.65170726241098,18.061450302333071],[53.763406117357931,18.135623983814014],[53.957169926133076,18.266373511735026],[54.087919454054088,18.354766175984309],[54.261358206663488,18.472571104328722],[54.516297009230016,18.646009856938122],[54.565268396845454,18.679046787270693],[54.598305327178025,18.701361401737984],[54.710880089714976,18.758584619475073],[54.900405334272136,18.854295722967947],[55.108691200302133,18.961604629437772],[55.224535023245437,19.040551907118697],[55.394522802499921,19.156395730062002],[55.524304216422195,19.25116858706599],[55.619077073426013,19.308025206298282],[55.834754492101183,19.372073148737172],[55.887600277121464,19.398258399490658],[56.12946294655012,19.438448931560856],[56.294890247259218,19.501354302477012],[56.583192529021233,19.610125312533341],[56.639848819674,19.631576638777744],[56.665516305654023,19.641114117206257],[56.737937917381544,19.666781603186109],[56.977447110411731,19.839569185572486],[57.150234692798108,19.965714721179552],[57.270017624117088,20.05738454499101],[57.426740571025107,20.177167476310046],[57.563745946249071,20.274042095983134],[57.660620565921988,20.334811445633306],[57.875947080775404,20.472226834580852],[58.170906624338102,20.68745353472616],[58.171006439046096,20.687524771330857],[58.171024645655109,20.687535142825084],[58.171055561056221,20.687553349434097],[58.494136772760783,20.874808888843518],[58.681392312169976,20.990925143363711],[58.796007473623831,21.083324061104179],[58.943571812190555,21.197939222558205],[59.086191957844619,21.303525450007669],[59.191778185294083,21.379895848483955],[59.383162190907058,21.516941090069167],[59.656000491902773,21.708325095682085],[59.683296504270515,21.72719264982976],[59.70216405841802,21.740518453720142],[59.823955708828862,21.830116746092813],[59.977584083189981,21.943290944034175],[60.212549931542071,22.114836545651315],[60.271882153585977,22.159378746762115],[60.351347672861948,22.218710968806192],[60.587118439549215,22.354528333922985],[60.722935804666008,22.428795805220375],[60.928586150359081,22.52344649623717],[61.192616152130029,22.729096841930073],[61.214452436079284,22.747966083640904],[61.233321677790059,22.76383479740349],[61.409158105104268,22.904933269244282],[61.497237071554252,22.975567321290043],[61.743707550913996,23.17435232957007],[61.779296455834469,23.203893810133707],[61.822129289913505,23.23948271505418],[62.059592243845827,23.433983895246399],[62.254093424038047,23.594866387015315],[62.342052216515583,23.661909795700581],[62.45844552016996,23.749868588178117],[62.632705460460386,23.881642424879658],[62.764479297161984,23.981054181060472],[62.914561136180907,24.110172622283244],[63.087920971648487,24.260254461302168],[63.187389957249252,24.347729674339007],[63.274865170286091,24.425718509757473],[63.456807513333445,24.588697991378694],[63.658252720958217,24.770640334426105],[63.723960301449495,24.831931076386752],[63.785251043409971,24.890108175366777],[63.985962443204585,25.080314807755542],[64.194704211680516,25.281026207550156],[64.244924120967767,25.331739003116468],[64.295636916534079,25.384300813063419],[64.495863606799276,25.591185390408896],[64.684213602787338,25.791412080674093],[64.74139357727347,25.856041293058752],[64.806022789657959,25.932033564207018],[64.975488496969945,26.132332246486158],[65.112153323162488,26.301797953798143],[65.203439385590571,26.414767230989696],[65.316408662782067,26.546749172728482],[65.436773907699092,26.691818582004998],[65.524006022365711,26.81218382692208],[65.644943236296967,26.994035126531287],[65.826794535905947,27.279558561866395],[65.843899462125933,27.305464773826202],[65.852813889650974,27.322569700046188],[65.894063471605932,27.389838635745946],[66.035823126804416,27.623926982271826],[66.169153544843425,27.832955573170068],[66.232503466470121,27.937632515730172],[66.337180409030054,28.112318108972772],[66.422770277602694,28.257751577721535],[66.473192974990582,28.343341446294176],[66.611066686199024,28.579841042249086],[66.663378123582788,28.669539160846909],[66.770785053388579,28.853727319418056],[66.798799505912939,28.902494095659279],[66.847566282154162,28.987546249097477],[66.979957753968392,29.231721720727762],[67.052269513401541,29.364113192542163],[67.158641205066942,29.563424142753092],[67.287864624280303,29.804411534668304],[67.325393638890773,29.874499065666043],[67.336540181412602,29.895911039531654],[67.357952155278042,29.937012379331748],[67.511499450633835,30.231337643434358],[67.592370131281939,30.384884938790151],[67.685096376438821,30.568126590753309],[67.833361959891874,30.860294743403983],[67.8510947279741,30.895270811914031],[67.856726152882175,30.906882687434006],[67.86833802840215,30.930978740584692],[68.024790336438286,31.249204377002002],[68.102009883469407,31.405656685038139],[68.189632914695039,31.594747671869129],[68.301785451602427,31.839104108238644],[68.337223315773258,31.916042558162076],[68.349737331551182,31.945029128137094],[68.37872390152603,32.014163076875832],[68.504792034176148,32.300360298636008],[68.559748446161791,32.426428431286126],[68.653117808819616,32.662420397116648],[68.676679418071501,32.724383947831598],[68.758892520326754,32.936814304410063],[68.790216243576651,33.035707835483549],[68.889109774650137,33.37207261757402],[68.90786061812878,33.428449334055358],[68.91416164209943,33.447200177534114],[68.926877891607944,33.484968294491921],[69.037646655766821,33.809049169541311],[69.086894629696872,33.957586050658051],[69.170112973603068,34.186968724829171],[69.192727798165038,34.261204074173122],[69.261601402620045,34.467971923782102],[69.323282859507401,34.544184712048548],[69.399495647774017,34.63461154350864],[69.601573858999984,34.776279585680129],[69.84020431196592,34.978357796906039],[69.881312177593884,35.00692714021028],[69.909881520898125,35.030778854570144],[70.143284697973399,35.211760973981484],[70.168060735283348,35.230564455644753],[70.420267394022062,35.457073291163852],[70.43670619179926,35.472304872252721],[70.452356549579122,35.488743670030146],[70.693780478470728,35.72561645870536],[70.930653267146113,35.99118551898755],[70.934316925089206,35.99546588521099],[70.937117975829892,35.999129543154197],[70.96558865988834,36.034064935896424],[71.164092460861696,36.276076222562551],[71.343792798942559,36.509515416278134],[71.385811043769195,36.564743512778762],[71.44103914027005,36.643981777004569],[71.589849821642815,36.871090608029419],[71.679561281339147,37.019901289402185],[71.781697117863587,37.189629184932528],[71.9514250133941,37.493013888048381],[71.96447457652306,37.517237599397163],[71.971026141301763,37.530287162526122],[71.993015297600209,37.571877446732231],[72.140234915428096,37.851863133616064],[72.241295556138596,38.040673035650002],[72.317394678254743,38.185089243913467],[72.461810886518037,38.494623940848442],[72.479037627408502,38.533832167883645],[72.486139717689923,38.55105890877411],[72.503562822584172,38.592810844840301],[72.631564241743149,38.891691426673049],[72.699784723783523,39.06144478189799],[72.779812476438281,39.253829065101854],[72.858297143885636,39.457931039265816],[72.903618502685902,39.571830655022097],[72.924609847564227,39.619417567099958],[72.972196759641918,39.745431655016773],[73.060206684387822,39.994206603400301],[73.086053516456218,40.082216528146205],[73.128997035355155,40.239016803859215],[73.176388257690405,40.388410903221825],[73.22601011428975,40.592602401270085],[73.259871322664765,40.815313711371346],[73.266986285492578,40.887391927120518],[73.296865210812086,41.102988274394193],[73.296637469872906,41.288933437287312],[73.294744381510725,41.425535896262829],[73.294520069355428,41.613374147518073],[73.269240226917873,41.826716553366225],[73.260983561185242,41.902160949061226],[73.234180366029989,42.12376002064218],[73.19488771120507,42.346450972205105],[73.178899487884109,42.427443165524096],[73.14110473020952,42.63414589376606],[73.116330242217373,42.778279376341516],[73.060507604975783,43.056220921556303],[73.044559058790753,43.144531766890168],[73.03632101242448,43.208656019672503],[72.972196759641918,43.588842259145281],[72.962126197071939,43.644847077443899],[72.959943405665854,43.654917640014105],[72.957844293192295,43.669270106463898],[72.907043189137141,44.100149942633209],[72.896859512972071,44.165303513138156],[72.886775473982084,44.250724798798217],[72.858732018381716,44.562224645001663],[72.844458284896575,44.675689386262093],[72.832439570735289,44.815446575168721],[72.819664602716898,45.033543102460953],[72.8057358306217,45.186075259386143],[72.794909652297065,45.363362366731053],[72.789684070110184,45.51394844297829],[72.777894812569855,45.69646113251008],[72.769259054241672,45.899398837910496],[72.767480999867701,46.002131245859744],[72.758297728273533,46.206847005634131],[72.772529724581204,46.406514040695072],[72.78403822961269,46.529074348728784],[72.798028561400315,46.717232878758068],[72.79596693379392,46.893462704606293],[72.797784347916036,47.053206340156066],[72.795646423573601,47.227618751882176],[72.793931121904507,47.405884389619587],[72.795884921190407,47.561692786554545],[72.794110755338181,47.738004625006056],[72.791987444005372,47.918213940642829],[72.793435909679147,48.069629648167393],[72.791236652388193,48.248390498130163],[72.78799528831064,48.432591969461612],[72.788424369750146,48.575003981362102],[72.785051964529657,48.758776371254044],[72.779946508360865,48.951026622535267],[72.7791210552856,49.076086540021606],[72.773779053194573,49.269162244378151],[72.765908197369868,49.475450806650201],[72.764105958925711,49.571457316785825],[72.755839769423744,49.779548117502031],[72.743977782511763,50.007767094632584],[72.742248752994328,50.059985983978322],[72.729811568972821,50.289933990626139],[72.712837310025918,50.540960414133849],[72.712026276574704,50.550104473693523],[72.694425399497277,50.800319863750019],[72.676254885523861,51.014763862756013],[72.666585958941596,51.105930664450568],[72.648538839418165,51.310705736874127],[72.631100175702272,51.479995026058361],[72.606630376366127,51.676272120149918],[72.591114780100042,51.821091609998064],[72.577037801633765,51.936318525113961],[72.529862771660703,52.263425597979449],[72.521215754409127,52.331477483122114],[72.51383223803839,52.383498834642467],[72.461810886518037,52.699877372146148],[72.436687893069745,52.816740362797759],[72.415124715179047,52.841863356246051],[72.371668191684876,52.932006051079384],[72.274129393845726,53.164567736697848],[72.158737305736679,53.352249229370102],[72.088184504505364,53.489008720481365],[71.9514250133941,53.721989446129726],[71.924893647127305,53.836103736227415],[71.918033757946375,53.86263510249421],[71.905917638335097,53.908142477553213],[71.821805969511388,54.243401931735377],[71.785819798132593,54.37302097561809],[71.720054596171906,54.604391392840284],[71.709950881265399,54.641932716613496],[71.638354111234889,54.883406848742197],[71.58486000125589,55.027227709727867],[71.44103914027005,55.309739060166123],[71.41281030999545,55.365563891591535],[71.400496064345077,55.393792721866134],[71.376616126152385,55.458215735983799],[71.276255394346038,55.739394849066002],[71.212446457947351,55.904178594990185],[71.133616737443788,56.10714206528786],[71.058360830943514,56.286856904316494],[71.006542428759985,56.414564468114122],[70.984659108141614,56.468570309109793],[70.930653267146113,56.592492981254281],[70.829588566300288,56.823885640392348],[70.782121906890666,56.924950341238002],[70.66725436371371,57.171937310929707],[70.650999185270962,57.204604423113153],[70.538818780215593,57.43533621436211],[70.500387994796711,57.515456815136588],[70.420267394022062,57.671910725052271],[70.290342497317283,57.815797190781439],[70.004352839904357,57.851250768479815],[69.909881520898125,57.889295068562319],[69.86991648012787,57.905757046715905],[69.828615489795425,57.94572208748599],[69.711722022066965,58.143881586317207],[69.669825125399768,58.216051565111911],[69.521598243546464,58.456107960610098],[69.475690234300998,58.532302547137022],[69.399495647774017,58.651673176191537],[69.275984172320818,58.842982358280949],[69.191503781148072,58.966493833734205],[69.070863809000741,59.148247868084752],[68.889109774650137,59.407677277165135],[68.860344709357037,59.448114641564985],[68.838750586923027,59.476879706858085],[68.706009317709572,59.65998016379865],[68.645701472588939,59.743857277920995],[68.461419555206419,59.987265579982193],[68.426528308679224,60.03506998713533],[68.37872390152603,60.097484021769617],[68.203273375672836,60.322200927252879],[68.059612365005592,60.497651453106073],[67.946075144694532,60.575388569398626],[67.86833802840215,60.586439735530348],[67.714417983583587,60.651571497924465],[67.573802269429223,60.713501567257254],[67.357952155278042,60.799529921423016],[67.158706839901413,60.808792010853324],[66.998295980744956,60.857307627639216],[66.847566282154162,60.868851815171524],[66.756989696306846,60.917460740382865],[66.630462621815923,61.00803732623018],[66.472153483690477,61.143010400890375],[66.337180409030054,61.253608887133794],[66.189660340723321,61.370903131047328],[65.996745426522352,61.518423199354061],[65.896549940328043,61.588178603776157],[65.826794535905947,61.622788976219226],[65.624199127546376,61.721018607713859],[65.550826893144404,61.752841429716455],[65.316408662782067,61.891553614118664],[65.235337749413759,61.947738159109861],[65.114108064038817,62.028809072478168],[64.932105623277266,62.154891906097248],[64.806022789657959,62.239311209675463],[64.612550188631928,62.345722344576075],[64.349327699131379,62.485504163004805],[64.295636916534079,62.514320506535682],[64.280268002222215,62.523826031290184],[64.254581581286686,62.539194945602048],[63.964963091178049,62.718906993370183],[63.785251043409971,62.826918315503463],[63.644146465726919,62.908476241043104],[63.392132444614447,63.049580818726156],[63.317958150215929,63.092673798655994],[63.274865170286091,63.116959051872755],[63.128196193354995,63.196249795657081],[62.987752742510565,63.272854264074567],[62.764479297161984,63.391042885572347],[62.602142772726552,63.397630167414491],[62.412713123450999,63.401346992437141],[62.254093424038047,63.407529316139914],[62.15129911107806,63.457172378890107],[61.931779977958797,63.559966691850093],[61.805308287924163,63.621567428860089],[61.743707550913996,63.650717338882203],[61.578953095173802,63.724721147590458],[61.454553999304267,63.781199013364244],[61.233321677790059,63.878844095640261],[61.098152472681079,63.935183359865164],[60.764688864009656,64.070352564974144],[60.734039710138234,64.081456470446255],[60.722935804666008,64.083517341199581],[60.707090013538732,64.086198356101363],[60.257133861049056,64.114936494481128],[60.212549931542071,64.124670120388714],[60.129657339420191,64.15324515709591],[59.874116970831608,64.242305477387561],[59.70216405841802,64.300899259658877],[59.466954540988468,64.345528920668528],[59.418243705415875,64.354272917976289],[59.191778185294083,64.396510364472874],[59.050790598764706,64.439750851568704],[58.711561324635795,64.550569425632432],[58.681392312169976,64.560109531900082],[58.46519909591774,64.28654578122638],[58.380400155938332,64.27974628186638],[58.171006439046096,64.196801428548952],[58.070640733555194,64.170718270465045],[57.947846607488088,64.070352564974144],[57.791631634933481,63.939341495962651],[57.660620565921988,63.907454412344634],[57.43189038345173,63.841622382503886],[57.378317278810869,63.842269978961383],[57.150234692798108,63.6811199403449],[57.014839495448712,63.695361889199432],[56.798058444209744,63.718176316385836],[56.639848819674,63.734816067808254],[56.524428477082949,63.954932222382922],[56.470938029633942,64.070352564974144],[56.295020928807787,64.235910547231867],[56.12946294655012,64.278296173676949],[55.896895754650529,64.34817124619866],[55.68142028991889,64.580738438098081],[55.663898761807104,64.625560126479172],[55.619077073426013,64.756241816661543],[55.453066097689486,64.746749413834607],[55.263727727276091,64.73577496507221],[55.108691200302133,64.7268969375898],[54.971799579366291,64.717630059033922],[54.717548484054987,64.699981594975043],[54.598305327178025,64.691883402050792],[54.502460329293058,64.676583435982991],[54.123347616957744,64.61616660100168],[54.087919454054088,64.610513738079931],[53.998987988511487,65.002192845679531],[54.028143638028553,65.091124311222131],[54.04646683311887,65.132576932157406],[54.087919454054088,65.154938075405596],[54.227367740669479,65.230572597837522],[54.470686415734178,65.218743222666035],[54.422216043675007,65.425420900843051],[54.49169740143833,65.601510184346068],[54.518319825668812,65.681495685855282],[54.598305327178025,65.750989641336673],[54.744911328638011,65.748116185806055],[54.96442338486429,65.745777999783854],[55.108691200302133,65.742999571629127],[55.287978742165478,65.932608515606603],[55.332450637672082,66.111896057470176],[55.392366310514603,66.338606820381585],[55.619077073426013,66.611209600488849],[55.626203769181529,66.615155234838767],[55.628741469139413,66.622281930594056],[55.636030805155258,66.639235662323472],[55.619077073426013,66.72418166786548],[55.522630205415055,67.036220935707206],[55.171447650168204,67.069911353851865],[55.108691200302133,67.100084171395224],[55.091316169748211,67.115292773164242],[55.08428229997287,67.132667803718164],[55.086461787467556,67.154897216552513],[55.108691200302133,67.229971205936408],[55.329245916408411,67.422498960735766],[55.369917392637944,67.643053676842214],[55.415472780206699,67.846657970061358],[55.619077073426013,68.021834992603033],[55.709718718261001,68.062797905131106],[55.734959430966569,68.153439549966151],[55.709168167282712,68.243530643822851],[55.619077073426013,68.583923558438983],[55.494826022106452,68.277690601285713],[55.268905105226111,68.31365345489013],[55.108691200302133,68.259122013139006],[54.882777571939641,68.43791179472754],[54.754182049644555,68.663825423090032],[54.689916836660814,68.755436932573048],[54.598305327178025,68.786742964026587],[54.357543204841249,68.904587545426978],[54.329907688727872,68.905813657763986],[54.325612079448376,68.93651867081968],[54.192675700236407,69.174211296214139],[54.184363957454366,69.27065579961436],[54.162656170568084,69.60986045282408],[54.156473087855602,69.684597169338019],[54.131259842828513,69.727937558112615],[54.087919454054088,69.748836822689498],[54.009143753619128,69.763372869773036],[53.636750593075078,69.74381418148306],[53.577533580930037,69.763697149547227],[53.480432361342082,69.781698388926202],[53.287186447669569,69.684597169338019],[53.399814242356229,69.506877830764381],[53.374511083470736,69.37723379367344],[53.416559892511259,69.174211296214139],[53.277571831746741,68.963787172273328],[53.0671477078061,68.877848600466223],[52.834665549574481,68.896307581321707],[52.657838810750491,68.764902399158473],[52.55676183468205,68.907547912637938],[52.36321463119225,68.980664092724339],[52.243739406261625,68.976847851510627],[52.046375961558113,69.017226668479452],[51.890203659411952,69.018038994067922],[51.688887581288043,69.021313803360101],[51.535990088434062,69.022126799600073],[51.390841443414729,69.029062651194806],[51.156771788895753,69.043043722628511],[51.025604215310125,69.04945606357262],[50.911466361205498,69.060073442109683],[50.595943386509077,69.093486251891079],[50.515218342186017,69.101174494082045],[50.45120001389671,69.110192967924775],[50.038016218212249,69.174211296214139],[50.009836801334245,69.179215628486247],[50.004832469062137,69.180195869805118],[49.996846515419065,69.18219724985704],[49.597594100029653,69.277358800305763],[49.49444659593803,69.304068967730416],[49.304758179247699,69.36389971290447],[49.204226471113145,69.394377044513135],[48.984060722813979,69.46635232451905],[48.918460164897283,69.239811854130778],[48.899785171651956,69.174211296214139],[48.857482290792518,69.047632864192565],[48.79282252594885,68.85506361995516],[48.729211101293458,68.663825423090032],[48.658790391739842,68.478709881040402],[48.575344474052145,68.255109174328254],[48.537070490931853,68.153439549966151],[48.517820473936695,68.109293925719328],[48.473674849690042,68.00849828874226],[48.35493902632021,68.034703726596263],[48.000423478870061,68.116305047662081],[47.963288976565991,68.124628971125844],[47.783779664395411,67.822562989012795],[47.643449440121174,67.833600013521334],[47.452903103442054,67.767125561528246],[47.379462526175018,67.71649425410908],[47.337500985031568,67.643053676842214],[47.264469290877912,67.454619864277902],[47.236684602956814,67.348886304203404],[47.109993344597399,67.132667803718164],[47.030183107467224,67.045001926568887],[46.942517230317947,67.016712994465422],[46.702125105588891,66.862674055323339],[46.547049761454218,66.622281930594056],[46.508691897253357,66.545721390534766],[46.432131357194066,66.459691755922165],[46.22589342606733,66.41604399946732],[46.119237516599924,66.424789898064319],[45.921745484069959,66.333376809598576],[45.66833308165252,66.365308459887785],[45.665149531974066,66.365685978498107],[45.411359610946079,66.39821302524274],[45.212350089825918,66.423272409473896],[45.081698676924987,66.441556991491041],[44.900973737822142,66.46488822504989],[44.730312588695654,66.451620781467739],[44.571664407267235,66.441205388024912],[44.390587864698091,66.426754238577473],[44.217201484762541,66.448895550658506],[44.023938103264072,66.478545818904138],[43.880201991574154,66.497757608419477],[43.799423870299051,66.541503809319124],[43.753349854820954,66.622281930594056],[43.637871037547086,66.86461288462101],[43.634180699291619,66.886646511435629],[43.594262297569571,66.908221624598696],[43.369816118450103,67.074692991773247],[43.32309284074654,67.0859445260146],[43.124529215596624,67.132667803718164],[42.916822153419844,67.190059711811841],[42.859430245326166,67.213656869900149],[42.730575321311619,67.26152272773254],[42.541784686557151,67.325408118073199],[42.349044372202059,67.404960214579887],[42.245337222732985,67.236374953187294],[42.184667181029567,67.132667803718164],[41.985522270275283,66.985804032520832],[41.838658499078008,66.957949923010233],[41.631498955381176,66.925508260021331],[41.494540501564074,66.96639992810816],[41.328272625954071,66.879306022578703],[41.174463861278866,66.978859039042959],[40.984722337896301,67.132667803718164],[40.902406867529976,67.217187918417892],[40.81788675283002,67.326533402386076],[40.690064066159607,67.515230990171631],[40.62210150159666,67.643053676842214],[40.493817416413037,67.829370213548998],[40.307500879706083,67.986558710053544],[40.228248414935194,68.074187085195263],[40.20278032409999,68.153439549966151],[40.192038697864575,68.268901731807659],[40.158234214468621,68.51455875785274],[40.145648783003594,68.663825423090032],[40.149049144790069,68.822277158006045],[40.153949761177955,69.020660177685841],[40.157265945600329,69.174211296214139],[40.161224149839711,69.320488026080511],[40.158955062200164,69.53605135183227],[40.16269085278833,69.684597169338019],[40.171508442131426,69.820589606912677],[40.179487312152105,70.066969474908149],[40.187296571741342,70.194983042462127],[40.197417838471154,70.305066083696943],[40.217310128688098,70.615178164568079],[40.22519075551088,70.705368915586064],[40.248592017609667,70.76427777768248],[40.277526286189641,71.185780195193672],[40.284899280357934,71.215754788710115],[40.28674113128767,71.236514537128585],[40.307500879706083,71.540849162816301],[40.326564682012474,71.70707685952766],[40.328340615604645,71.726140661834052],[40.33102559009734,71.749665372225252],[40.38389440874812,72.160133005916066],[40.392329503743781,72.236526534958102],[40.404695340915794,72.333720996167813],[40.44335018501522,72.611063102772903],[40.460159446519924,72.746912408082039],[40.484436372313496,72.923847900689566],[40.504523660757286,73.060275500154773],[40.530935423920823,73.25729828120609],[40.406760390999239,73.356557792499245],[40.307500879706083,73.342026343599628],[40.237251459473498,73.327547701438675],[40.186395203266727,73.25729828120609],[40.005721756878359,73.048691530909764],[39.797115006582032,73.042354633598336],[39.56789368648441,73.028076961108525],[39.306858493488107,73.25729828120609],[39.306638258731653,73.277207406479647],[39.307202049090051,73.747211238698242],[39.306981004881493,73.767684154330198],[39.313460437869878,73.79441545874198],[39.444284873052823,74.120514287859407],[39.469240187217451,74.278070027454135],[39.46823093800225,74.459571831998232],[39.468825430167215,74.606359603868896],[39.4678320468322,74.788455900578185],[39.501280750933233,75.003007518053323],[39.501480235395945,75.084090671764045],[39.549836114735285,75.298841773702122],[39.548084379423585,75.547872400860513],[39.547912514540201,75.560025154784398],[39.546184487740163,75.809227646826173],[39.54392760305268,76.062415050355355],[39.543867632433432,76.066366145801567],[39.541638570774126,76.31961351995011],[39.538944423512362,76.571828810004547],[39.538914287191744,76.577814239340341],[39.53625039703104,76.829999393074161],[39.533217075815287,77.076487335431409],[39.533088769762571,77.094025629893622],[39.530086772227946,77.340385266198098],[39.526775049498667,77.580431182238613],[39.526487781439869,77.611012491340375],[39.523208626973883,77.850771139322205],[39.519701004036506,78.083743009900616],[39.519199630383866,78.128686515520315],[39.515726351227499,78.361157012446085],[39.512085732802802,78.58651361179102],[39.511317154408857,78.646954864619261],[39.507713426097496,78.871542885570193],[39.504020249952703,79.088834002064573],[39.502945432157958,79.165712459994268],[39.499292254087834,79.381928758694073],[39.572055871416808,79.606987893859468]]},"properties":{"OBJECTID":46,"Id":46,"Contour":360,"Shape_Length":261.61840543991252}},{"type":"Feature","id":47,"geometry":{"type":"LineString","coordinates":[[20.368249129194169,81.968060822990083],[20.402451827870095,81.955764101150578],[20.418397839694308,81.949804136138368],[20.426282650592384,81.933858124314156],[20.423638394955333,81.912671557228748],[20.402451827870095,81.769995935124541],[20.338202427055023,81.869608723499084],[20.296073365122652,81.933858124314156],[20.368249129194169,81.968060822990083]]},"properties":{"OBJECTID":47,"Id":47,"Contour":300,"Shape_Length":0.51198465101780688}},{"type":"Feature","id":48,"geometry":{"type":"LineString","coordinates":[[14.726494425619023,81.995570922201182],[14.335222640333427,81.933858124314156],[14.701979540759282,81.847630441567446],[14.788207223506049,81.903628177284986],[14.803403159379741,81.918662188440635],[14.805799232813968,81.933858124314156],[14.802243037567791,81.947893938375898],[14.788207223506049,82.004961126781154],[14.726494425619023,81.995570922201182]]},"properties":{"OBJECTID":48,"Id":48,"Contour":300,"Shape_Length":1.0481109808362821}},{"type":"Feature","id":49,"geometry":{"type":"LineString","coordinates":[[10.667209676545099,84.485787489934069],[10.670648112539368,84.451315363959509],[10.705120238514041,84.424952282496747],[10.759105446078593,84.431802282369517],[10.790782256745047,84.485787489934069],[10.812629572882543,84.59329682430257],[10.705120238514041,84.863626115360319],[10.670705811352548,84.520201917095562],[10.667209676545099,84.485787489934069]]},"properties":{"OBJECTID":49,"Id":49,"Contour":300,"Shape_Length":0.97541668999874009}},{"type":"Feature","id":50,"geometry":{"type":"LineString","coordinates":[[15.217374091932243,83.465015743686081],[15.250099425135716,83.416522072191867],[15.2985930966301,83.413388645710029],[15.33771205230687,83.425896788009368],[15.356982529109928,83.465015743686081],[15.350008249754808,83.516430896810789],[15.2985930966301,83.913738941920258],[15.230870769541355,83.532738070774826],[15.217374091932243,83.465015743686081]]},"properties":{"OBJECTID":50,"Id":50,"Contour":300,"Shape_Length":1.1003095201460331}},{"type":"Feature","id":51,"geometry":{"type":"LineString","coordinates":[[16.615626472462566,79.892314631818181],[16.532783262339592,80.105733051279685],[16.461306524413146,80.260758823407002],[16.400101757706807,80.402700504942061],[16.361402039437905,80.444737701501879],[16.319364842878144,80.462193420529786],[16.282896007274644,80.439169340545391],[16.255328750950014,80.402700504942061],[16.209515268960615,80.292850931024589],[16.126707671482393,80.084971803213875],[16.041029524827707,79.892314631818181],[16.074900919287757,79.647850708227793],[16.319364842878144,79.530342592685429],[16.57162183410486,79.640057640591408],[16.615626472462566,79.892314631818181]]},"properties":{"OBJECTID":51,"Id":51,"Contour":300,"Shape_Length":2.348541938302684}},{"type":"Feature","id":52,"geometry":{"type":"LineString","coordinates":[[20.351123596830064,86.527330982430044],[20.349650175238367,86.474529329798315],[20.342352928078071,86.077044009098017],[20.340642612900069,86.016945109306164],[20.338759059681081,85.953252341117093],[20.331372885957933,85.577638178094219],[20.329227539344686,85.506559236182056],[20.326856130610224,85.430963538922185],[20.31944123036493,85.079183960563284],[20.31678129129682,84.996173363058119],[20.31382854388653,84.907550079074554],[20.306458019517208,84.581781298286955],[20.303188153462315,84.485787489934069],[20.299542195405934,84.382877857469907],[20.292314287707086,84.08553915697297],[20.288321235472267,83.975401616810132],[20.222472649500276,83.795422438440312],[20.216805343842111,83.650662227714236],[20.004508746954116,83.465015743686081],[19.99373635410808,83.363345344324159],[19.94795665379479,83.010520569610946],[19.941774350035416,82.954629870562144],[19.93676839643814,82.909927428870049],[19.892065954746045,82.574586698431403],[19.875197926533588,82.461112025650493],[19.466240504235714,82.528804420051813],[19.381680081622108,82.496335333356456],[19.344468289161,82.481455789899144],[19.321185409350733,82.444243997438093],[19.315797709391859,82.378361625208015],[19.290653070738699,82.024885135197394],[19.283034527056714,81.933858124314156],[19.123840139124127,81.681312193688086],[18.871294208498,81.585635105791766],[18.755243243502207,81.539523216186069],[18.681680710874673,81.423472251190049],[18.557636579464258,81.22674400709991],[18.36090833537412,81.152291969115936],[18.186891110103659,81.087103603336402],[18.0813843302343,80.913086378066168],[18.061739337724759,80.701869502591421],[18.051305032525875,80.603483075217923],[18.032179353532285,80.402700504942061],[17.961372934645397,80.291850032546733],[17.850522462250012,80.250177119117154],[17.612849123180979,80.165027165873028],[17.570301464971521,80.172535629096672],[17.553270843883922,80.105448886576141],[17.41023356050016,79.892314631818181],[17.40359042385353,79.828860797090783],[17.35267718469629,79.394469354264231],[17.351334194377841,79.381928758694073],[17.350214440125683,79.371850907694352],[17.340136589126132,79.29075085326383],[17.269166884449703,79.310959054017701],[17.016973701556367,79.381928758694073],[16.87199725167693,79.424175294368979],[16.829750716002025,79.436321853206493],[16.604910800946811,79.606768673749343],[16.741077322390197,79.381928758694073],[16.47077699720262,79.230516604369598],[16.319364842878144,79.157969033002189],[16.170896179656722,79.233460095472878],[15.881741026656016,79.381928758694073],[15.964226013359166,79.537175802299373],[15.808978969754037,79.420507954271955],[15.732074989120235,79.458832739327875],[15.49380912394605,79.577144786010194],[15.2985930966301,79.675127105874992],[15.207568264919132,79.801289800107156],[15.143013434593911,79.892314631818181],[15.055746107776599,80.135161620671511],[15.054521851947811,80.158629260259943],[14.805225530059545,80.402700504942061],[14.794081373897029,80.408574655333098],[14.788207223506049,80.411700709372496],[14.675912310614422,80.800791465174541],[14.644535278308354,80.913086378066168],[14.559361082066005,81.141932519506156],[14.546964720028882,81.182229747712938],[14.436591298896019,81.423472251190049],[14.47825313174684,81.623904032554947],[14.277821350382112,81.924997058238432],[14.272204882338599,81.928241656270643],[14.262581510527866,81.933858124314156],[13.952913261287222,82.119335908343146],[13.767435477258061,82.231427591330601],[13.63216434202036,82.308972862200392],[13.398674282538934,82.444243997438093],[13.309829783409782,82.497024176713751],[13.257049604134124,82.528675517886597],[13.060813390859892,82.640480210712099],[12.985614727840357,82.683194994268376],[12.746663731010074,82.820428858890239],[12.659820017414916,82.867786156967043],[12.502553050559129,82.954629870562144],[12.332454751355556,83.050806764031563],[12.236277857886137,83.105801508830154],[12.168256528754853,83.022651199693257],[12.114395692646212,82.954629870562144],[11.940461343263962,82.74006051206004],[11.725891984762029,82.466574867029919],[11.680330095478439,82.489805886721854],[11.402059003957163,82.630796889757278],[11.215506111637978,82.727170530628143],[11.137766932487978,82.521983176588037],[11.108931410290779,82.444243997438093],[11.043628298098156,82.272366183898043],[10.997458112766708,82.151906123185427],[10.915501635280918,81.933858124314156],[10.857023183647243,81.781955179180954],[10.731432966132672,81.449784978808736],[10.721403469821894,81.423472251190049],[10.716831914348688,81.411760575355402],[10.705120238514041,81.381261620023338],[10.67376435855914,81.392116371235318],[10.585431659460255,81.423472251190049],[10.298964022820087,81.527701908620202],[10.194734365389991,81.566507418686967],[9.9736932994945846,81.644513317085455],[9.9230499898729363,81.662173748796988],[9.6843484922660537,81.747507523183401],[9.5905500879944725,81.517270655461687],[9.5509798244098647,81.423472251190049],[9.4496653749246775,81.188789133848672],[9.4374154912787276,81.160019379053495],[9.3285694043191256,80.913086378066168],[9.2805174734826323,80.806531523725482],[9.1739626191420029,80.578063444313045],[8.9612693651818063,80.615393758902428],[8.8885933815499811,80.627717140474147],[8.6635767460180659,80.667784166822457],[8.573114008068444,80.493163242891683],[8.526682697390072,80.402700504942061],[8.3982089441954031,80.157682433640673],[8.376220849210938,80.11534460813499],[8.2600403728314973,79.892314631818181],[8.2134084774383496,79.83209702727379],[8.1531908728939584,79.786872978335225],[8.1152162531300291,79.854340012054251],[8.1012245885361835,79.892314631818181],[8.0843084044172997,79.961197100294839],[8.0097331786751624,80.259242810723265],[7.9749329101432522,80.402700504942061],[7.9193538963656351,80.636537481470555],[7.9110298475085301,80.670925352680513],[7.8541300965547975,80.913086378066168],[7.7869984670409735,81.057279845336893],[7.6428049997700782,81.088376861750135],[7.4080488435351981,81.188716094955339],[7.2419078615601506,81.423472251190049],[7.2221626708059148,81.513215795349993],[7.1324191266459707,81.933009926447369],[7.1316588747365586,81.933097872404574],[7.125606616795551,81.933858124314156],[6.679201487902958,81.991026358694853],[6.6220332535220905,81.99890497254313],[6.5480015193863892,82.007889858449687],[6.2226584351732868,82.04486917908946],[6.1116473803981535,82.058580389416193],[5.9718160060616015,82.073689498650538],[5.7620772905285094,82.094673907568449],[5.6012615072741028,82.112365041314433],[5.59427171760683,81.940847913981429],[5.5939961137259502,81.933858124314156],[5.5904206375235503,81.923017254563661],[5.6012615072741028,81.890582707155943],[5.7097787073419113,81.825340924246348],[6.0236530546804943,81.845863798596667],[5.925060723038257,81.610058908550002],[5.9819863861659428,81.423472251190049],[5.955149419485906,81.266974290277972],[5.9220941344471498,81.102639624017058],[5.8918357102707546,80.913086378066168],[5.9498045678385552,80.75124356550657],[6.1116473803981535,80.653403502306503],[6.2681207748287875,80.559173899372865],[6.3169268006495827,80.402700504942061],[6.2877775496588697,80.226570335681174],[6.2645280087741639,80.045195260194362],[6.2407963172712471,79.892314631818181],[6.3130719406763092,79.690890071539854],[6.2767500959881204,79.547031474284211],[6.4697597043939368,79.534202307822227],[6.6220332535220905,79.442157253859477],[6.659579166289177,79.41947467146116],[6.6714660617148525,79.381928758694073],[6.6645937192053566,79.339368293010637],[6.6220332535220905,79.007220815971436],[6.5071791694311969,78.986396969660859],[6.1612812359496161,78.921176741121599],[6.1116473803981535,78.912066692011308],[6.0775074262425619,78.905682839725614],[5.9021488420184482,78.871542885570193],[5.648714327117375,78.824090065726693],[5.6012615072741028,78.814813470433364],[5.5304773862556544,78.800758764551574],[5.2212694011487883,78.7411491185714],[5.0908756341501658,78.714882609273445],[5.032597893955824,78.813265145375851],[4.9988982189404965,78.871542885570193],[4.8832420189154391,79.079176500804749],[4.849071736445012,79.140124860989147],[4.7165670404988873,79.381928758694073],[4.6695597451569597,79.470998742824918],[4.580489761026115,79.643518728536549],[4.563745720328825,79.398672799391306],[4.0805227179565122,79.392347588748635],[4.0701038879020075,79.387242265774432],[4.0665232171056687,79.385509429490412],[4.0645666926311605,79.381928758694073],[4.0643117427479183,79.376136613539984],[4.0469846362345834,78.89466213723756],[4.0459497699661711,78.871542885570193],[4.018333538003958,78.819772535671973],[3.9900785734442934,78.4411823269038],[3.6341497137915439,78.435588711459729],[3.5597180147780705,78.399127210451582],[3.5345227719834043,78.386352255240752],[3.5210010093106803,78.361157012446085],[3.5189090113415205,78.320348009009479],[3.5030204512092382,77.907468702891038],[3.5000345771795764,77.850771139322205],[3.4969261223534431,77.787979246897521],[3.4818547035322354,77.41824857744399],[3.4779286004202845,77.340385266198098],[3.3740006641445461,77.154667915564517],[3.3627418728038947,77.026975535048223],[3.2529837964227113,77.033651047842682],[3.0493321416540198,76.942290921885103],[2.9748721501601949,76.904459384567986],[2.9347405363470784,76.829999393074161],[2.9287302233097989,76.709397474729769],[2.9181566969435266,76.450788964660603],[2.9114951202303132,76.31961351995011],[2.7814341063891561,76.077125682090866],[2.5389462685300828,75.957942303434095],[2.4353208717568009,75.912853043599341],[2.3747690342402734,75.809227646826173],[2.3649693452176734,75.635250723513764],[2.3577345936069491,75.480053448625256],[2.3473151263701766,75.298841773702122],[2.312539555439912,75.072435060612065],[2.3048371575385431,75.022565011569725],[2.2689508001701597,74.788455900578185],[2.2554733532090268,74.561542942775191],[2.2511500037208521,74.500659635768784],[2.2376362137322872,74.278070027454135],[2.2253552570264787,74.081275165833802],[2.2159464824849806,73.955070241408976],[2.203982191076193,73.767684154330198],[2.1438708734792158,73.652373676257014],[2.0285603954060321,73.590270921806905],[1.8090330110951527,73.47682566551714],[1.6882143537469574,73.25729828120609],[1.6773395472617381,73.098133256226276],[1.6602766362665307,72.889014522066645],[1.6503234017773138,72.746912408082039],[1.5958971463833791,72.669189783980755],[1.518174522282095,72.636056817518011],[1.3902625080501707,72.619000393850285],[1.1492552733305388,72.605445783909488],[1.0077886491580443,72.582897629476861],[0.88990039699820045,72.629024155922195],[0.81895434961802493,72.746912408082039],[0.80431261924428554,72.950388437995969],[0.79562963700971068,73.045139269057813],[0.78099720185213073,73.25729828120609],[0.67243019202919641,73.432325697201236],[0.49740277603410732,73.50324601116688],[0.30846486187141409,73.578746240167504],[0.19686146608364652,73.767684154330198],[0.11755299914398165,73.898220250563952],[-0.012983097090000228,73.952961417982181],[-0.24498141436572496,74.046071710178353],[-0.38129808693832956,74.278070027454135],[-0.43513787356971534,74.366301124098356],[-0.52336897021399409,74.402520171747426],[-0.73223529025335665,74.486936347493554],[-0.84144733610821731,74.470377534683735],[-0.85328905804288979,74.607990115283144],[-0.95858200784999781,74.788455900578185],[-0.98691785765834084,74.835292886257776],[-1.0337548433379879,74.85465572959265],[-1.1453696765343011,74.900070733774498],[-1.4828171211694325,74.849779495870621],[-1.5163204578731211,75.271021515113375],[-1.5324427603655408,75.298841773702122],[-1.5367490005529021,75.306233489611145],[-1.5441407164619818,75.309526161950714],[-1.55415947634242,75.308860533582504],[-1.6813862753943454,75.298841773702122],[-1.7812443233621025,75.061738166801888],[-1.7920184523430862,75.036333636459233],[-1.8953572807579349,74.788455900578185],[-1.9436291917306221,74.677558502722718],[-2.0545265895859757,74.418486398182438],[-2.0967066212659233,74.320250059134196],[-2.1145103767685214,74.278070027454135],[-2.1618375139395312,74.170759103100636],[-2.2527605850286818,73.965918149772904],[-2.3393024015965125,73.767684154330198],[-2.409967752188038,73.612739443808096],[-2.5649124627099695,73.267467037914969],[-2.568068591145618,73.260454409641852],[-2.5694657411104913,73.25729828120609],[-2.5733880441113683,73.248822699804805],[-2.7301219525159013,72.912121897888142],[-2.8058061672577992,72.746912408082039],[-2.8930510347928475,72.564665107041037],[-3.0231285914470618,72.288696279345004],[-3.0478554773292785,72.236526534958102],[-3.056943245503362,72.218171444627615],[-3.0752983358339634,72.180541753221917],[-3.2543085337011917,71.90515085970145],[-3.3680807907718986,71.726140661834052],[-3.4664798759281439,71.606936328804295],[-3.5856842089579573,71.394136091585096],[-3.644554646811855,71.274625226563955],[-3.6731155427081603,71.215754788710115],[-3.7631415034799716,71.038297494187987],[-3.8156339621633037,70.93531866879141],[-3.9311449483054162,70.705368915586064],[-3.9879231470895888,70.597221980593702],[-4.0960700820819511,70.388317326376637],[-4.1621008002717872,70.261013760651906],[-4.1958617742969295,70.194983042462127],[-4.3933430469257928,69.981870134181975],[-4.606455955205945,69.882477271447613],[-4.7419061517767886,69.820047365908977],[-4.8637159259587293,69.684597169338019],[-4.951051235938337,69.518806576946531],[-5.1168418283299388,69.199691461851842],[-5.1289167008314962,69.18628616871564],[-5.1946859543788264,69.174211296214139],[-5.5596474062422203,69.106631001002313],[-5.6272277014539327,69.022317934973159],[-5.7416627940922353,68.778260515728334],[-5.7946431757533219,68.663825423090032],[-5.9071085684475975,68.433320416959646],[-5.9530884068407772,68.337964717703301],[-6.0424307723207562,68.153439549966151],[-6.074569121605407,68.090395096993518],[-6.1376135745779266,67.965362186585537],[-6.2628475718910295,68.028205552653162],[-6.4852215923982044,68.153439549966151],[-6.61585587279626,68.185583124871926],[-6.6479994477019204,68.178977569125266],[-6.6692129056576164,68.174653007921904],[-6.6920398544576187,68.153439549966151],[-6.7289870448335023,68.072451952834626],[-6.8385454658401272,67.833599694980251],[-6.9246851227037496,67.643053676842214],[-7.0013206686307967,67.485989024646869],[-7.1583853208258574,67.170817423457493],[-7.1710579011968889,67.145340384089025],[-7.1770607319715509,67.132667803718164],[-7.1948330497481834,67.096220074795895],[-7.3386832549696237,66.802579864737652],[-7.4258213631756576,66.622281930594056],[-7.5077754309320426,66.461286167576247],[-7.668771193949965,66.140933263381726],[-7.6784707007600446,66.121595564280142],[-7.6832708765984421,66.111896057470176],[-7.6990572175124043,66.08161003390768],[-7.8535844014620579,65.786323391858218],[-7.9490870549032024,65.601510184346068],[-8.0258768078201115,65.448229925092335],[-8.1791570670740157,65.094867420615969],[-8.1802872524568215,65.092254496604937],[-8.1808394028685143,65.091124311222131],[-8.1829748817625045,65.087306496533586],[-8.3637016469244259,64.765283017948548],[-8.4660504983054352,64.580738438098081],[-8.5482823601893756,64.439477858089504],[-8.6895429401979527,64.193998774498425],[-8.7828696767912788,64.163679301567356],[-8.994656920413604,64.070352564974144],[-9.158070710828099,64.028494462480353],[-9.1999288133220034,63.972831990336829],[-9.3298535628579202,63.689891441386123],[-9.3882809100684312,63.559966691850093],[-9.4914693563638366,63.341121361767932],[-9.5538150150920842,63.206080490080012],[-9.6266270035936827,63.049580818726156],[-9.6540222568066838,62.993288389086729],[-9.7103146864459404,62.875136478416209],[-9.8185800940569266,62.647460353213148],[-9.8690126120330888,62.539194945602048],[-10.023791826188017,62.342286212220131],[-10.220700559569934,62.135346722368013],[-10.275769751200869,62.083878264108932],[-10.311684649601148,62.028809072478168],[-10.393796543672124,61.855713088375865],[-10.446852210537884,61.744574850321897],[-10.552909574817818,61.518423199354061],[-10.611225319779237,61.398562086439483],[-10.731086432693928,61.147804775264149],[-10.778493431618529,61.055444325154667],[-10.807909467794957,61.00803732623018],[-10.930290414339993,60.808833344584116],[-10.974318254842103,60.740883275254248],[-11.099800086968173,60.497651453106073],[-11.186097235651118,60.442276382939269],[-11.241472305817922,60.404610426754687],[-11.491456063787041,60.237249337951312],[-11.52926339388523,60.209860365038878],[-11.751858178941916,60.050692354244063],[-11.798097714256301,60.033505115296464],[-11.83332776622774,59.987265579982193],[-11.864956117704594,59.874167641219287],[-11.924642312074525,59.649663839990637],[-11.974849189913641,59.476879706858085],[-12.046122390519031,59.26075804531115],[-12.084113274193044,59.144624611607014],[-12.142623941209706,58.966493833734205],[-12.172453944757081,58.876703726425148],[-12.26224405206591,58.587886900640115],[-12.293607413600625,58.487471322144643],[-12.303867449350946,58.456107960610098],[-12.33262901960768,58.385722993068498],[-12.440110907323856,58.12358894274405],[-12.51245115949132,57.94572208748599],[-12.582972561547535,57.756064723843622],[-12.659152170149525,57.548813969402602],[-12.701085793079358,57.43533621436211],[-12.721775917338391,57.384482206510597],[-12.772629925190017,57.266534197020974],[-12.874208782562619,57.026529198610774],[-12.916067035566243,56.924950341238002],[-12.987305794510235,56.710274471917785],[-13.007344300711338,56.649278843635557],[-13.086010537988216,56.414564468114122],[-13.14357886192704,56.275127531727207],[-13.283015798313897,55.931051050316739],[-13.290829545348743,55.91199234202486],[-13.293979881864857,55.904178594990185],[-13.301674374966638,55.885520018337388],[-13.440633472626757,55.551410396178994],[-13.504857254500848,55.393792721866134],[-13.589405783695895,55.189796834123911],[-13.658910324031353,55.017898196148792],[-13.713859327949194,54.883406848742197],[-13.737097611889965,54.827102789194157],[-13.793401671438005,54.686688372190133],[-13.842015780550412,54.42163508473061],[-13.848824379546386,54.37302097561809],[-13.861750798856349,54.304671848199689],[-13.793401671438005,54.224857492691797],[-13.669982165360068,53.986054608572033],[-13.65834420766447,53.86263510249421],[-13.680868780885419,53.75010221194151],[-13.793401671438005,53.681721245134554],[-14.02705392380733,53.628982850124714],[-14.086777521549038,53.645625079481249],[-14.303787544561999,53.413588935747612],[-14.319727743384249,53.368189428192352],[-14.325150934291344,53.352249229370102],[-14.358215599835717,53.297821174096327],[-14.510283326213482,53.048359137897705],[-14.63439949475503,52.841863356246051],[-14.677913619123956,52.705603557684185],[-14.78395670449504,52.361694196313067],[-14.79344672732276,52.331477483122114],[-14.798174547901169,52.315478613337234],[-14.814173417685993,52.25936694793586],[-14.902470870615616,51.909389062927914],[-14.91058999134458,51.821091609998064],[-14.917808837693258,51.717456189990742],[-14.90451306537858,51.401045384566828],[-14.912522594182519,51.310705736874127],[-14.938108259644366,51.186770894915639],[-14.983863942598703,50.970010388662843],[-15.018487967672684,50.800319863750019],[-14.9892403421876,50.625252939248412],[-14.959708306770153,50.43546887971047],[-14.935867187377937,50.289933990626139],[-14.954575117762602,50.14953229054953],[-14.98212682787721,49.947501527693476],[-15.004344957078445,49.779548117502031],[-15.025463755233318,49.568257779954592],[-15.033586171206935,49.48857499789915],[-15.055420402049549,49.269162244378151],[-15.071952228770556,49.01655518233872],[-15.072310304477412,49.011025357586618],[-15.08879728850394,48.758776371254044],[-15.09567509367912,48.529892174123347],[-15.097361874102035,48.475587914838115],[-15.104202425963877,48.248390498130163],[-15.151114745378038,48.074945952698215],[-15.214539160716924,47.848024755099118],[-15.244722609195378,47.738004625006056],[-15.241041419704118,47.654486753900358],[-15.227970935237352,47.324207107454697],[-15.223673346375165,47.227618751882176],[-15.214668227604307,47.117727688676553],[-15.194159763584594,46.847632405983461],[-15.183333104846099,46.717232878758068],[-15.164125824522785,46.556799412471037],[-15.144991287122821,46.38641500932124],[-15.123127745889292,46.206847005634131],[-15.085558114656067,45.967845829480211],[-15.081371011248677,45.939649412071276],[-15.042346045718375,45.69646113251008],[-15.244369879385772,45.616271721085923],[-15.324559290809987,45.236829661929846],[-15.344708705951518,45.206224674527732],[-15.358960492675351,45.186075259386143],[-15.67504254703141,45.026172642483687],[-15.662697466541488,44.847937083654699],[-15.72579146122871,44.675689386262093],[-15.718246577921548,44.558990800249717],[-15.705829856351045,44.294418820720921],[-15.697159774498061,44.165303513138156],[-15.733160427243433,44.063518776447722],[-15.83494516393398,43.992498502449394],[-16.028152591389528,43.848125067469709],[-16.099454525991632,43.654917640014105],[-16.165239548447857,43.474826151404045],[-16.345331037057974,43.353441874078499],[-16.466429309215641,43.265630039047721],[-16.511837703356548,43.144531766890168],[-16.502160304256677,42.987702499691295],[-16.484970536795231,42.773785393503431],[-16.476045715464636,42.63414589376606],[-16.554499974872101,42.424976955951877],[-16.538127467915956,42.316556451500162],[-16.699974244373209,42.279502686450826],[-16.855716910181968,42.177887340289885],[-16.887537901135829,42.155581011596041],[-16.899847415848967,42.12376002064218],[-16.927673182861838,42.05180374796214],[-16.868258090022209,41.625915327358314],[-16.931717709987936,41.613374147518073],[-16.894857433391167,41.574233624308874],[-16.855716910181968,41.534802676094046],[-16.644722129123863,41.313983055452127],[-16.431200847026446,41.102988274394193],[-16.350294794704212,41.098024516747842],[-16.345331037057974,41.018182966202119],[-16.132004306064971,40.805929132263202],[-15.904754781838506,40.592602401270085],[-15.83903662241346,40.58851094279072],[-15.83494516393398,40.526162283860231],[-15.607800787716656,40.309360904363416],[-15.355919995037084,40.082216528146205],[-15.326422860744003,40.080352958212075],[-15.324559290809987,40.053027300022734],[-15.075283871617557,39.821106074214583],[-14.973553843769821,39.731211081105982],[-14.814173417685993,39.589934454509716],[-14.804677866558109,39.581326206150095],[-14.793605806213634,39.571830655022097],[-14.33654957229129,39.539068627292806],[-14.303787544561999,39.123020069189749],[-14.271593864574982,39.093638461885121],[-14.234802462117386,39.06144478189799],[-13.823940113265508,39.030906340070601],[-13.793401671438005,38.6332522264305],[-13.75176536317241,38.592695217039591],[-13.708337359250606,38.55105890877411],[-13.300682328738901,38.53339237834922],[-13.283015798313897,38.53139409337814],[-13.244715790756743,38.512758901216841],[-12.816010279815828,38.507678554148299],[-12.778891920674539,38.046935031134637],[-12.775527015473756,38.040673035650002],[-12.774472540728652,38.038830420111481],[-12.772629925190017,38.037691240928666],[-12.766110602104732,38.034153712564887],[-12.318874056180221,37.984043031535862],[-12.29548314680261,37.563526257262822],[-12.278820699800633,37.530287162526122],[-12.27343567992142,37.519095534670726],[-12.26224405206591,37.511357300423924],[-12.218943693682377,37.486986804142475],[-11.848151218864928,37.433994122602996],[-11.83635212841358,37.104395238873792],[-11.795413479043702,37.019901289402185],[-11.781531164788248,36.990228303555796],[-11.751858178941916,36.968537656188346],[-11.688160022288287,36.956203132748385],[-11.343076088576026,36.91829750664408],[-11.241472305817922,36.894059622248562],[-11.004672611730655,36.746315110365572],[-10.893626241005506,36.509515416278134],[-10.840177914482865,36.400423934489254],[-10.731086432693928,36.310593641354899],[-10.493355872517839,36.23686010333023],[-10.427106831924277,36.205535815508483],[-10.220700559569934,36.123366956098039],[-10.150250861874383,36.069579240849862],[-10.118690280469025,35.999129543154197],[-10.041752612416872,35.820181596001078],[-10.017143540782683,35.692300688817284],[-9.8046139411591753,35.488743670030146],[-9.779330387234495,35.419727969241649],[-9.7103146864459404,35.240943763467385],[-9.6262069583830794,35.062465524968957],[-9.5787021151198815,34.978357796906039],[-9.4997473861834578,34.767790496643556],[-9.4744163888901198,34.703870221337922],[-9.3918009599789229,34.467971923782102],[-9.3663496450284924,34.301551092075442],[-9.3775613312335508,34.135218568569542],[-9.3591128190614654,33.957586050658051],[-9.3332610809211474,33.824253783058907],[-9.2731808079575444,33.520452172169655],[-9.2588855860268495,33.447200177534114],[-9.2360298533398577,33.411099137516146],[-9.1999288133220034,33.35771628862102],[-9.0333848038592919,33.103358313872889],[-8.9328896885254494,32.936814304410063],[-8.8037107387494871,32.822646505858529],[-8.6895429401979527,32.74500834435861],[-8.4676324938189396,32.648338877665026],[-8.3874998326749619,32.634771196887073],[-8.1791570670740157,32.572415042052057],[-7.9753723825284624,32.63021311583168],[-7.8999884292289835,32.657645666565088],[-7.668771193949965,32.710007226121434],[-7.5710615035743558,32.839104614034568],[-7.53382051545492,32.936814304410063],[-7.5267970396081409,33.078788458751944],[-7.4730058720841726,33.251434855668265],[-7.4675077843428994,33.447200177534114],[-7.5409455104933159,33.57502586099082],[-7.668771193949965,33.777628217103882],[-7.8224758925371134,33.803881352071016],[-8.0146640048196787,33.957586050658051],[-8.0577722167255956,34.078970901006471],[-8.1791570670740157,34.434219617380791],[-8.201441392245556,34.445687598610505],[-8.2193120854085464,34.467971923782102],[-8.2039366145337453,34.492751471241945],[-8.1791570670740157,34.513979163248621],[-8.0558655853233176,34.855066315155511],[-7.870433726818078,34.978357796906039],[-7.7277287078701988,35.037315310826386],[-7.668771193949965,35.044891931519373],[-7.5950332602669732,35.052095730589144],[-7.3260412622749982,35.14601373835518],[-7.1583853208258574,35.155253416538471],[-7.0156198191298245,35.121123298602129],[-6.7870685763475649,35.117426925551854],[-6.6479994477019204,35.094318049215246],[-6.5653370889276061,35.061020155680353],[-6.2063092073258872,34.978357796906039],[-6.1500904536991925,34.965880917784887],[-6.1376135745779266,34.963118407662364],[-6.1191138519829451,34.959858074311171],[-5.7046813721528338,34.900904126207251],[-5.6272277014539327,34.886079181209936],[-5.5297159664626179,34.880846061914724],[-5.2109161977521126,34.884283427483979],[-5.1168418283299388,34.878496862143095],[-4.999016198684501,34.860532167260658],[-4.7373187943900916,34.847494957722063],[-4.606455955205945,34.822043279611364],[-4.3620456224896884,34.733947464189782],[-4.3449360562112815,34.729491822776652],[-4.0960700820819511,34.60653036668873],[-4.0086789817272006,34.555363024136796],[-3.8987230240741155,34.467971923782102],[-3.740161799250302,34.313494333489814],[-3.5856842089579573,34.122040008288479],[-3.5104819106171021,34.032788348998963],[-3.4554065105099312,33.957586050658051],[-3.3254412814875423,33.707443105004529],[-3.3140112823940058,33.68591312409427],[-3.1881223073555702,33.447200177534114],[-3.1620741250795277,33.36042438828855],[-3.0752983358339634,33.104419735246267],[-3.0315995545140595,32.980513085730138],[-3.0146621953680324,32.936814304410063],[-2.9962417704746258,32.857757739050669],[-2.9378242748135222,32.563902492306568],[-2.9028019315677511,32.426428431286126],[-2.8708300978269108,32.221960193278903],[-2.8609267410029702,32.130414152993126],[-2.8233451508061762,31.916042558162076],[-2.810764517609698,31.670190503262404],[-2.8083797279134046,31.649123950241574],[-2.7943585177794148,31.405656685038139],[-2.6556388695956912,31.314930278152247],[-2.5649124627099695,31.254312953961687],[-2.3425448978535997,31.117638376770401],[-2.2041427332242733,31.044886955552442],[-2.0545265895859757,30.962534052573687],[-2.0213921593635291,30.928405242136535],[-2.0086147513372339,30.895270811914031],[-1.9653441519145076,30.806088374242677],[-1.906347181796832,30.533064346579295],[-1.6769656906014347,30.384884938790151],[-1.619839787186379,30.30918586806564],[-1.5441407164619818,30.168712197563309],[-1.4299374709016206,29.988702311226461],[-1.3501520882629734,29.874499065666043],[-1.2172709625887705,29.690982946415261],[-1.0517844942266947,29.38214284343087],[-1.0412997966553803,29.364113192542163],[-1.03820917864482,29.359658857235331],[-1.0337548433379879,29.354029587666787],[-0.78416700146539142,29.103315161290652],[-0.59121767037953532,28.921576019583654],[-0.52336897021399409,28.857549869239961],[-0.52153755652199152,28.855558733110058],[-0.52026264258932997,28.853727319418056],[-0.51283105731641854,28.843189406520594],[-0.31917710982992276,28.54753330667819],[-0.11602559357720565,28.343341446294176],[-0.066588832716661273,28.289735710667401],[-0.012983097090000228,28.214326409904686],[0.15669913450835793,28.002637804768369],[0.30417034455933845,27.832955573170068],[0.40168386515188104,27.737236662287842],[0.49740277603410732,27.616144436710556],[0.63719556618877959,27.462362490200803],[0.76964877340395788,27.322569700046188],[0.8933233685909272,27.208104419479071],[1.0077886491580443,27.072550258252988],[1.1360780974956128,26.940473275259478],[1.2651586319344119,26.81218382692208],[1.3904469816261553,26.684456286266084],[1.518174522282095,26.56605541385494],[1.6541480961090542,26.437771527625102],[1.8059755070842698,26.301797953798143],[1.9440595560978409,26.217297114489838],[2.0285603954060321,26.18976073091028],[2.2506833962929704,26.079674952911262],[2.2941011955048793,26.05695288077294],[2.5389462685300828,25.948252349991833],[2.6488710101987181,25.901336822342728],[2.9108936372243193,25.791412080674093],[2.9827497319180907,25.724829670938163],[3.0493321416540198,25.680758400674051],[3.2876862611332172,25.519380327029182],[3.3812825940846096,25.459461628243616],[3.5597180147780705,25.343849309763925],[3.6090204497597824,25.330328642531867],[3.7993628069573901,25.281026207550156],[3.9945062656369146,25.205428585285063],[4.0701038879020075,25.164972860010948],[4.2725423393844153,24.973078785908285],[4.5183345452610979,24.770640334426105],[4.5524924225189807,24.74264299591897],[4.580489761026115,24.720830864833147],[4.7041272683819102,24.647002827070082],[4.8606420127557612,24.5404067130317],[5.0908756341501658,24.450332389603943],[5.214426691205972,24.383805518357974],[5.451248190023307,24.260254461302168],[5.5354002508914277,24.194393204919493],[5.6012615072741028,24.145299254204076],[5.8281767008882639,23.976783781792278],[6.0062724517143806,23.855243516861833],[6.1116473803981535,23.782213846745833],[6.1311092040994026,23.76933041187948],[6.1618982513549554,23.749868588178117],[6.2702055441729954,23.591310424403275],[6.3485062141332946,23.476341548789435],[6.5123707745564161,23.23948271505418],[6.5892985120914886,23.206747973623635],[6.6220332535220905,23.193078890369861],[6.6940559183736923,23.167460050202408],[6.970577339449278,23.077640927857317],[7.1324191266459707,23.014275440088284],[7.3304225852565992,22.927100300540701],[7.529961157265177,22.841940684434974],[7.6428049997700782,22.793180738996512],[7.6878822449450013,22.774174087105052],[7.7980831821932952,22.729096841930073],[8.0495711763936129,22.625477145429556],[8.1531908728939584,22.584146035888864],[8.3908262429116576,22.49146147191243],[8.4159892802213108,22.481509376133317],[8.6635767460180659,22.3866616434766],[8.7917539307633206,22.34688815355122],[9.1215364144937325,22.218710968806192],[9.1599335472566281,22.204681896920647],[9.1739626191420029,22.19972953851817],[9.1965421026362719,22.196131485311867],[9.5583668821670358,22.092729358706947],[9.6843484922660537,22.07790310935377],[9.8858133040764642,22.017246156995782],[9.9704098469980522,21.994386450414083],[10.194734365389991,21.920607288122142],[10.365523907969873,21.879114638262024],[10.609085811095156,21.80435952310097],[10.705120238514041,21.778496132785335],[10.764189684239057,21.7673945414071],[11.209825885188593,21.71400532213147],[11.215506111637978,21.713053592661481],[11.219054717813435,21.711873701857598],[11.22830142562816,21.708325095682085],[11.58280652515424,21.565239636074239],[11.725891984762029,21.517558627437211],[11.972157759244055,21.462059321200286],[11.986341556531841,21.458388794327959],[12.236277857886137,21.406721395194495],[12.376436783484166,21.338098148156405],[12.605753249249801,21.197939222558205],[12.689683597520116,21.140959089068076],[12.746663731010074,21.10382556835998],[12.878641095704666,21.065961857863385],[13.074148099767285,21.015037718191365],[13.257049604134124,20.958525763772229],[13.452904325767975,20.883408071068118],[13.624960015528359,20.8300288111638],[13.767435477258061,20.780882476308136],[13.842545024618914,20.762662896795007],[14.223360895886685,20.687553349434097],[14.26888927560185,20.678621274654006],[14.277821350382112,20.676322079703709],[14.294223516485829,20.67115118333021],[14.658251793783563,20.557597919711668],[14.788207223506049,20.516229155106259],[15.040890824365192,20.42985107716936],[15.048391818840344,20.427368754099803],[15.2985930966301,20.343218875840478],[15.41976502033458,20.29833940001464],[15.75186367867127,20.177167476310046],[15.793104760224082,20.161293266780206],[15.808978969754037,20.156378873938422],[15.841597626375801,20.144548819688396],[16.168207801977871,20.026010435409944],[16.319364842878144,19.971233508402179],[16.538753263322235,19.886170023630427],[16.653124415657715,19.84340790353059],[16.829750716002025,19.776277173038238],[16.927257121220293,19.764288008404378],[17.210313080321782,19.796605111990459],[17.340136589126132,19.786208505924265],[17.455156263500839,19.781801277560874],[17.820344294352935,19.696959771083357],[17.850522462250012,19.695272021336677],[17.873756721846462,19.690015862782559],[17.952779709510367,19.666781603186109],[18.274542278713284,19.580415546525273],[18.36090833537412,19.557726190959158],[18.61127575060101,19.416414187959219],[18.617438060231223,19.412925454919332],[18.871294208498,19.27077275517388],[18.93837138829457,19.223472909858572],[19.032168781106122,19.156395730062002],[19.249598060189271,19.024313708629393],[19.381680081622108,18.976239452209541],[19.615613444097676,18.87994321941386],[19.71704815759017,18.821027654093996],[19.892065954746045,18.72936314614816],[19.952477943005022,18.706421845197099],[20.097303124693042,18.646009856938122],[20.321803300370675,18.565361329438872],[20.402451827870095,18.523240270593249],[20.579191169290823,18.469270515517223],[20.699195019779893,18.432367175723982],[20.912837700994032,18.367531907058151],[21.145267499163594,18.368053781983804],[21.191876764984386,18.366970792947939],[21.423223574118083,18.367517462772014],[21.597639502054619,18.310039911750721],[21.828554015331122,18.240679415724912],[21.93360944724202,18.207545645317396],[21.999266288746242,18.201280825318236],[22.426333791689046,18.153285512491266],[22.443995320366071,18.151547268778927],[22.456231088058814,18.147859751506928],[22.497483913183999,18.135623983814014],[22.850955313238956,18.032198103562962],[22.954381193490008,18.000927382880946],[23.160281912474261,17.929723264829931],[23.235420005172045,17.906276922372172],[23.464767066614115,17.818329285265349],[23.584728923466514,17.745199967542533],[23.787018724117729,17.625238110690134],[23.919371600689715,17.569456771641853],[23.975152939737995,17.547427309216914],[24.066661693738808,17.533729356689491],[24.367497641906937,17.507196939734968],[24.485538812862103,17.486772376964268],[24.656935850869274,17.453841072682906],[24.803762816837661,17.433076241541642],[24.995924685985983,17.391209698059981],[25.212980496921205,17.331908048501418],[25.314190728136111,17.306972068540006],[25.506310559110091,17.25664976639888],[25.605595117716234,17.214136796172227],[26.014702794585787,17.116845875214267],[26.016696432233971,17.116193032873525],[26.017893808135909,17.116049613468078],[26.023097662699342,17.114852237566197],[26.398454426073044,16.986224358281163],[26.527082305358078,16.921657202236645],[26.723711354509703,16.801095413593771],[26.888930826880483,16.753003716043793],[27.037468178481959,16.692243099154666],[27.093077331261611,16.660075517221742],[27.184057273693668,16.604466364442146],[27.403328999114933,16.459941311950786],[27.547854051606066,16.37852258057967],[27.790908355987199,16.337134795699342],[27.817444358704165,16.334876057344047],[28.058239924730003,16.299435742871253],[28.241130337053278,16.276970903641313],[28.4264114995417,16.236294789630392],[28.568625797854054,16.215533731558594],[28.666234171885435,16.19168886534942],[29.077374321100763,16.095717841195381],[29.079011670978161,16.095324775682116],[29.079991156844812,16.09505997718486],[29.083204197024997,16.094080491318209],[29.465492927429523,15.970175874645463],[29.589397544102042,15.936874830774741],[29.764910216577334,15.918567818842746],[29.90320048558749,15.89749755967955],[30.099783417226149,15.879081036842877],[30.350880975642326,15.834792176610335],[30.36073221953427,15.833131689009917],[30.610169290350029,15.789717137304649],[30.776866582271794,15.750391910115866],[31.005425436693429,15.69882434497481],[31.120555163474137,15.672112738750286],[31.199397430212855,15.662536884933047],[31.595090937499094,15.619544717293081],[31.630941036598074,15.615288830178883],[31.658341315979101,15.611094897575015],[31.843048147329341,15.583694618194102],[32.102875565994452,15.545243274466429],[32.141326909722125,15.540124734694984],[32.19467459610064,15.530346931815473],[32.55280678356155,15.484788618909647],[32.651712782846062,15.463987946097006],[32.802122640568541,15.433284760471622],[32.969384075230835,15.390980037454995],[33.162098655970112,15.356186326876184],[33.401199119434182,15.344594154730089],[33.431193311033212,15.342403400133321],[33.672484529094049,15.331293649556585],[33.92193983639271,15.322764052368939],[33.93373136752183,15.322447779766321],[34.182870402217929,15.314049567245718],[34.421802925332372,15.312241268184437],[34.454355099943655,15.312209920468547],[34.693256275342037,15.310425410219864],[34.941565212020805,15.321617681748819],[34.954675071493114,15.322275822043082],[35.203642148465917,15.333377878661963],[35.431070249024231,15.300736845628364],[35.483583584639689,15.303753182020557],[35.714028021590025,15.280566450562333],[35.954930915125601,15.31421163860557],[35.980643120014349,15.317079519769777],[36.224413894714132,15.353426437491407],[36.43466368057318,15.373444832335053],[36.556003343630721,15.40489819398681],[36.734799767838012,15.427918274814147],[36.849449848948495,15.469044537083619],[37.162278722748965,15.583694618194102],[37.223968594356791,15.604911664799431],[37.24518564096212,15.612203899030646],[37.293170403881504,15.631679381113486],[37.587970069970993,15.751296062309166],[37.755571514086,15.819345836272532],[37.944669052040013,15.904982953364197],[38.182985096466609,16.011108200574711],[38.265957387210108,16.04829507838042],[38.297560653832249,16.062477224695897],[38.371492593317896,16.094080491318209],[38.657033752587893,16.213389999064361],[38.776343260333988,16.2646944654349],[39.022508347778626,16.358301276997508],[39.053791913984242,16.371529144968235],[39.286729133458095,16.465744567579577],[39.389182510468572,16.502012987431499],[39.633706847107931,16.604466364442146],[39.74836029777282,16.653221073251473],[39.797115006582032,16.677005047376213],[39.93245596485292,16.739807322713034],[40.09851962502546,16.813447619122769],[40.307500879706083,16.9181672220152],[40.439419824487345,16.982933292784935],[40.670062800438757,17.114852237566197],[40.763015874764278,17.169723115631939],[40.81788675283002,17.205751988972509],[41.050078576289991,17.347044061025997],[41.078944238093015,17.364180625427082],[41.328272625954071,17.527863183730915],[41.38790873780215,17.565601998842055],[41.474455981346807,17.625238110690134],[41.686653740784379,17.777242868983706],[41.838658499078008,17.894637894929929],[41.982553228109225,17.991729254782967],[42.181263068766214,18.135623983814014],[42.276608177788773,18.208060178227527],[42.349044372202059,18.266615056122589],[42.536752197198041,18.458302031942139],[42.659159039159931,18.646009856938122],[42.732579070198256,18.772861032065862],[42.859430245326166,18.906653094581429],[42.989895643916839,19.025930331471386],[43.127165344466164,19.156395730062002],[43.245286544803889,19.280925303708386],[43.369816118450103,19.393476127596102],[43.51167134725074,19.524926374385473],[43.666567864088222,19.666781603186109],[43.772257873740443,19.77472572101982],[43.880201991574154,19.888998303089579],[44.024678137582328,20.032691330301816],[44.16499417131223,20.177167476310046],[44.273470171055124,20.294285169952957],[44.390587864698091,20.424927449590655],[44.519278148126318,20.55886306600587],[44.639313630901484,20.687553349434097],[44.762325542097415,20.82620154515871],[44.900973737822142,20.987172538665618],[44.99941190809966,21.099501052280516],[45.073112766226302,21.197939222558205],[45.214059875481155,21.395238958023072],[45.411359610946079,21.641170396150017],[45.445051989666126,21.674632716962037],[45.482943687626573,21.708325095682085],[45.700813406782402,21.929257172969812],[45.921745484069959,22.159275475140475],[45.951235910124353,22.189220542751798],[45.980579769019641,22.218710968806192],[46.053289662876693,22.350255147612927],[46.140896298904636,22.509946027095452],[46.264293397817596,22.729096841930073],[46.344653657024935,22.816574542099374],[46.432131357194066,22.912054545587864],[46.61773764364932,23.053876428598926],[46.878165813488408,23.23948271505418],[46.913653768315612,23.268346177056685],[46.942517230317947,23.289963400935221],[47.027918957636189,23.324884442372252],[47.259553272027574,23.43283254646866],[47.452903103442054,23.497959260566233],[47.677334049518606,23.525437642101508],[47.739323104280629,23.525902715892585],[47.963288976565991,23.548230063580604],[48.159990845486846,23.553166719257376],[48.270145524392547,23.546339262880565],[48.473674849690042,23.550647405297809],[48.667788968725631,23.555754469142528],[48.784649865099084,23.550457730463052],[48.984060722813979,23.555019550131874],[49.163089212118336,23.570840098873703],[49.31995840722783,23.575380399467861],[49.49444659593803,23.58920309314675],[49.634200274535488,23.610114909580602],[49.892107216164902,23.637143335280882],[50.004832469062137,23.652744559138],[50.082191965724746,23.672509091515508],[50.397200945845327,23.749868588178117],[50.493442944397316,23.771643985966989],[50.515218342186017,23.776359267148848],[50.557560371991258,23.792210617983301],[50.86822614924165,23.907246654246592],[51.025604215310125,23.966936071570274],[51.221613300843387,24.064245375768905],[51.472305600229504,24.196569973097496],[51.535990088434062,24.229540856502808],[51.555145184520939,24.241099365215121],[51.584070315324368,24.260254461302168],[51.867868042311159,24.438762380548951],[52.046375961558113,24.55913919883028],[52.168552921792127,24.64846337419209],[52.326319880909637,24.770640334426105],[52.460565020089916,24.866837149018352],[52.55676183468205,24.938641078216051],[52.746151756401048,25.09163628583093],[52.970198405288897,25.281026207550156],[53.023205428419885,25.3249684869362],[53.0671477078061,25.361137596860033],[53.299239656717646,25.559320131762547],[53.535194647424419,25.749073147168644],[53.577533580930037,25.783338229817957],[53.581956567750751,25.786989093853549],[53.588163951687704,25.791412080674093],[53.889269230638035,25.990062304089975],[54.087919454054088,26.101406407877107],[54.228706866875484,26.161010540976804],[54.562345084961521,26.265837711581639],[54.598305327178025,26.278892966631133],[54.620974115232343,26.279129165743825],[55.103405674968769,26.296512428465007],[55.108691200302133,26.29657036607955],[55.118486044920701,26.292003109179404],[55.533176655225759,26.215897535597946],[55.619077073426013,26.0855727564105],[55.763598043528702,26.15727698369551],[56.044964647239112,26.301797953798143],[56.105301655923768,26.325959244424496],[56.12946294655012,26.340656638202631],[56.342190142904769,26.599456630567431],[56.55080282240084,26.81218382692208],[56.597266064249993,26.854766582346258],[56.639848819674,26.898219813221999],[56.821830716440843,27.140587803279345],[56.964048763401365,27.322569700046188],[57.046165814470214,27.426638578374082],[57.150234692798108,27.559035708395868],[57.270115250834806,27.713075015133313],[57.365573953351486,27.832955573170068],[57.495348599123417,27.998227539968809],[57.660620565921988,28.208222903766341],[57.717425149835492,28.286536862380672],[57.758796716913764,28.343341446294176],[57.930044844765121,28.584303040575151],[57.998888291234834,28.681609171607022],[58.120754541540862,28.853727319418056],[58.140769099972601,28.88396465849172],[58.171006439046096,28.926833976702369],[58.357342124128934,29.177777507459325],[58.505710284291808,29.364113192542163],[58.577712928776691,29.467792575935448],[58.681392312169976,29.636557136765248],[58.769930087581599,29.78596129025442],[58.828467323155962,29.874499065666043],[58.97605355140837,30.090223699551814],[59.143612994193347,30.336719747689415],[59.176393994731711,30.384884938790151],[59.182911018175844,30.393752105908391],[59.191778185294083,30.40587410379743],[59.386346830514185,30.700702166693986],[59.503673496684371,30.895270811914031],[59.576786309796375,31.020648560535847],[59.70216405841802,31.189352161980196],[59.79764960621759,31.310171137238513],[59.880229425461323,31.405656685038139],[60.010948804176905,31.607257812403304],[60.209913569882985,31.913406196503104],[60.211626096771283,31.916042558162076],[60.211921656203458,31.916670833500632],[60.212549931542071,31.918385917445562],[60.341702755583242,32.297275607244785],[60.387809859074139,32.426428431286126],[60.505979674622608,32.643384561329697],[60.600355453391217,32.814233953135272],[60.66779221224175,32.936814304410063],[60.686983720888236,32.972766388188006],[60.722935804666008,33.038788431495959],[60.867824286210748,33.302311695989545],[60.94923295233599,33.447200177534114],[61.05013508203308,33.630386773291093],[61.233321677790059,33.953466502492176],[61.235071429865229,33.955836298582881],[61.236353220015133,33.957586050658051],[61.244432144494056,33.968696517362048],[61.450040905928802,34.251252695643416],[61.607017953355182,34.467971923782102],[61.664560032361408,34.547119442334747],[61.743707550913996,34.656043708710683],[61.864039219220388,34.858026128599818],[61.938403692890688,34.978357796906039],[62.058968619474172,35.173482601469971],[62.254093424038047,35.488611461934795],[62.254146749003496,35.488690345064697],[62.254175656383609,35.488743670030146],[62.254356131799227,35.48900637779127],[62.461548453122305,35.791674514069769],[62.606295281743542,35.999129543154197],[62.671622282711553,36.091986557604628],[62.764479297161984,36.221694719289758],[62.891030171375292,36.382964542064997],[62.991569584923695,36.509515416278134],[63.116947688697337,36.667432897866888],[63.274865170286091,36.872927635281314],[63.333797021301393,36.960969438386883],[63.373083714427651,37.019901289402185],[63.537985301771243,37.267167031040913],[63.569263422236133,37.314299541352284],[63.712739981394918,37.530287162526122],[63.74193438163303,37.573603824303234],[63.785251043409971,37.638165543258765],[63.941303560426434,37.88462051863371],[64.036895784854494,38.040673035650002],[64.135279237515419,38.201030714668832],[64.295636916534079,38.462247826427188],[64.327771231703593,38.518924593604595],[64.344894538216181,38.55105890877411],[64.401543255947843,38.656965248187873],[64.507158915680009,38.84992278275223],[64.614398200138965,39.06144478189799],[64.678631838706167,39.188835732849952],[64.806022789657959,39.468444852908306],[64.834906627942644,39.542946816737583],[64.843905988548556,39.571830655022097],[64.851910263185573,39.617718128549711],[64.913147590684957,39.975091727119377],[64.931973553009641,40.082216528146205],[64.941717009918477,40.217910748406553],[64.948697997403656,40.449927193524445],[64.959906918511706,40.592602401270085],[64.970704587592536,40.757284199204491],[64.976274878378149,40.932736185674003],[64.988276121178046,41.102988274394193],[65.005078112346723,41.302043597082786],[65.011262657936129,41.408134279240073],[65.029603893671833,41.613374147518073],[65.042222461735889,41.849573819596003],[65.043378134817601,41.886404675482595],[65.056663166962323,42.12376002064218],[65.067801308447031,42.372367374977216],[65.068723689705166,42.38646092068916],[65.080267885108128,42.63414589376606],[65.08035857367679,42.870195982871337],[65.081035533918282,42.909158638026383],[65.081129087126271,43.144531766890168],[65.101819034852554,43.359121394819681],[65.111708734494698,43.450217711726907],[65.131887356593666,43.654917640014105],[65.125282016101835,43.84604428669428],[65.122225379448878,43.971120229805024],[65.115372193436428,44.165303513138156],[65.084802181375323,44.396909994544899],[65.081715725193135,44.440996448673161],[65.045974116566072,44.675689386262093],[65.01677646113933,44.886443057743406],[64.990051914475316,45.002046134568786],[64.960040421625877,45.186075259386143],[64.92199030906005,45.302042778788064],[64.870704171379543,45.631779750788496],[64.854362616180026,45.69646113251008],[64.845729339949798,45.736167682801863],[64.806022789657959,45.897737259729126],[64.745246268668382,46.146070484644383],[64.731277583413316,46.206847005634131],[64.706964080510602,46.305905714781545],[64.646079076342119,46.557289165442171],[64.606482446078189,46.717232878758068],[64.538161911288455,46.959757873512672],[64.527946743888151,46.995308924528217],[64.461926116320058,47.227618751882176],[64.421736937335709,47.353718772683749],[64.297317489913894,47.736324051626241],[64.296776585482064,47.738004625006056],[64.296476839980755,47.738844548452789],[64.295636916534079,47.741146862368964],[64.160481285481239,48.113234867077324],[64.1104403387925,48.248390498130163],[64.016185434059821,48.479324888779786],[63.981443401756678,48.562584012907507],[63.900323150623933,48.758776371254044],[63.864478918557381,48.838004246401454],[63.785251043409971,49.00858051494788],[63.701227713449782,49.185138914417735],[63.656122343928587,49.269162244378151],[63.522806775981053,49.517103850073113],[63.503311500927566,49.551101786860727],[63.374633215775816,49.779548117502031],[63.334370139572798,49.839053086788795],[63.274865170286091,49.935942173798594],[63.140629484001636,50.155698304341684],[63.065401490967417,50.289933990626139],[62.946236311625626,50.47169100508961],[62.764479297161984,50.741658162604494],[62.74057340863726,50.776413975225296],[62.725043901941888,50.800319863750019],[62.612026374021127,50.952772786891103],[62.524887322512029,51.071113762224172],[62.34028573052376,51.310705736874127],[62.301415210708967,51.358027523545218],[62.254093424038047,51.412763232495934],[62.062432518787659,51.62943070474762],[61.896211495637203,51.821091609998064],[61.82083960296535,51.898223662049418],[61.743707550913996,51.969283171787481],[61.553957956355703,52.141727888563651],[61.353758027636161,52.331477483122114],[61.290517078109076,52.388672883441302],[61.233321677790059,52.43713946064679],[61.012268672179005,52.620810350635111],[60.727039487075899,52.841863356246051],[60.724696875242671,52.843624426822714],[60.722935804666008,52.844859978770728],[60.71248373863591,52.85231542227632],[60.428173997853094,53.057487422557074],[60.212549931542071,53.202585354395865],[60.122053886031154,53.261753183859184],[59.972834637170081,53.352249229370102],[59.803829728056257,53.453914899008396],[59.70216405841802,53.511083435909768],[59.4730591099771,53.633530154053119],[59.357924165600991,53.696489122187131],[59.191778185294083,53.786730392953132],[59.140734364590401,53.81159128179047],[59.026292421715937,53.86263510249421],[58.784609230179626,53.965852020503633],[58.681392312169976,54.007105763855691],[58.456208056554601,54.087819358109584],[58.412319839619272,54.103948503067386],[58.171006439046096,54.188031402212516],[58.027388688175961,54.229403224748012],[57.721419700624097,54.312221840916038],[57.660620565921988,54.329269504260139],[57.624346697978183,54.336747107674114],[57.431290393641689,54.37302097561809],[57.195908123953984,54.418694406774023],[57.150234692798108,54.427506080315766],[57.08647713696746,54.436778531448738],[56.752856313332302,54.486028469276221],[56.639848819674,54.502379483213531],[56.497200826222297,54.51566896906985],[56.291888433995666,54.535446463063806],[56.12946294655012,54.550473183957195],[55.939513544201247,54.562970377966792],[55.817403898660757,54.571347800852891],[55.619077073426013,54.584317805678211],[55.397749555290204,54.594348493753898],[55.333260511456274,54.597590286772459],[55.108691200302133,54.607662932843141],[54.872700955918049,54.609011220002003],[54.834738406686938,54.609454055126832],[54.598305327178025,54.61078879676387],[54.37299940869832,54.598326894097852],[54.310318531328562,54.595420052892564],[54.087919454054088,54.583325499546902],[53.889831630952642,54.571108798719592],[53.770006728431326,54.565494123119379],[53.577533580930037,54.553950444627162],[53.410367798846949,54.540186757701349],[53.222397686265367,54.528270954077357],[53.0671477078061,54.515928118345926],[52.937213927773882,54.502954755650194],[52.667450420487228,54.483709561423325],[52.55676183468205,54.473216146315622],[52.46834072523086,54.46144208506928],[52.100664584530477,54.427309598590682],[52.046375961558113,54.420577422389613],[52.004117982682544,54.415278954493715],[51.544849815906787,54.381880703090872],[51.535990088434062,54.380869156456811],[51.529131273246776,54.379879790805376],[51.439666172287389,54.37302097561809],[51.054900908629975,54.343724282298297],[51.025604215310125,54.343344964780442],[50.995421332308297,54.342838092616262],[50.584709767747142,54.303529550057021],[50.515218342186017,54.302535969285032],[50.43714899691048,54.294951630342382],[50.126856701626195,54.250996743053918],[50.004832469062137,54.240256109059942],[49.844930506708238,54.213119013264418],[49.679976637541984,54.187490934013965],[49.49444659593803,54.154897301893584],[49.255163033617919,54.133737413297808],[49.225182135499153,54.131899562932915],[48.984060722813979,54.109269058629536],[48.728969624413708,54.117929877217875],[48.728747295587652,54.117948529720536],[48.473674849690042,54.127487825202252],[48.260521407315593,54.159867533243641],[48.15391260108504,54.182397351099041],[47.963288976565991,54.214504754221025],[47.835655913375831,54.245387912427816],[47.470596488635806,54.355327590424338],[47.452903103442054,54.360037301897421],[47.442916445452624,54.36303431762866],[47.414665158478954,54.37302097561809],[47.069453751769515,54.499957497069659],[46.942517230317947,54.554731813381409],[46.718314197638392,54.659203816062416],[46.567165970750011,54.748372235186253],[46.432131357194066,54.822919474353853],[46.391237599264286,54.842513090812417],[46.316106628675925,54.883406848742197],[46.052661641911698,55.014323006583766],[45.921745484069959,55.084253652106383],[45.715279569292818,55.187326807088937],[45.501426516965807,55.303725815846576],[45.411359610946079,55.351476657906005],[45.382572622558712,55.365005733478768],[45.328869077468823,55.393792721866134],[45.052690116569579,55.545509100613685],[44.900973737822142,55.633547715199029],[44.718896656410664,55.722101513578707],[44.399784814338659,55.904178594990185],[44.393704824408132,55.907295554700113],[44.390587864698091,55.908929602112835],[44.382750845533053,55.912015614155223],[44.022182681656716,56.046159285072747],[43.880201991574154,56.106226479254588],[43.715197023856035,56.069183562708133],[43.490255942069098,56.024618418609236],[43.369816118450103,55.998720474067113],[43.305699964656583,55.968294748783705],[43.166761574852956,55.904178594990185],[42.966962316088257,55.796646524227754],[42.859430245326166,55.750874248425646],[42.630313228068928,55.622909739123202],[42.527341406765458,55.572089756429477],[42.349044372202059,55.480480065783127],[42.295286576446415,55.447550517621778],[42.190024697839647,55.393792721866134],[41.95874137269999,55.273709848244096],[41.838658499078008,55.216619161905157],[41.624643398747878,55.097421949072327],[41.478036926131438,55.033171148919337],[41.328272625954071,54.961576694719042],[41.277512741392172,54.934166733303925],[41.190447677923373,54.883406848742197],[40.947969226037856,54.753324375534135],[40.81788675283002,54.696908397872392],[40.597074973814415,54.593832754633695],[40.456111943321503,54.521632039233566],[40.307500879706083,54.447829105828362],[40.256337823682998,54.424184031641232],[40.133849362504293,54.37302097561809],[39.88817536634906,54.281960615851233],[39.797115006582032,54.242809064073413],[39.6022560107549,54.178161979790843],[39.512812136441426,54.146937972634817],[39.286729133458095,54.075723347174517],[39.119487760346999,54.029876475605136],[38.888274182837449,53.974566024997443],[38.776343260333988,53.945518692472035],[38.705212666052716,53.933765696775538],[38.346200084919872,53.86263510249421],[38.27888367448287,53.849708815221277],[38.265957387210108,53.847427701266668],[38.24813234242481,53.844810057708742],[37.826018085699502,53.792188530880708],[37.755571514086,53.781290785670137],[37.652217458165808,53.75928104657379],[37.393063921930207,53.714756821525953],[37.24518564096212,53.679790906264998],[37.02529927554383,53.64274873707592],[36.96672543242579,53.630709437906262],[36.734799767838012,53.594974825260238],[36.54020897177196,53.546840025436154],[36.386226926778647,53.514062261434674],[36.224413894714132,53.476189865796073],[36.125798220577906,53.450864903506329],[35.777222727081664,53.352249229370102],[35.728109559235634,53.338167691724664],[35.714028021590025,53.332251864849013],[35.685664845269741,53.323886053049819],[35.348237848757037,53.207653529079209],[35.203642148465917,53.170601763111677],[34.982788372105574,53.131395453009532],[34.923691072170641,53.121814432541555],[34.693256275342037,53.079346300060479],[34.493692387557815,53.041427244030444],[34.362433720079423,53.021426674107545],[34.182870402217929,52.989399792192842],[34.061523277323204,52.963210481141118],[33.72416035032893,52.893539177481102],[33.672484529094049,52.882555823888822],[33.638967817128048,52.875380068212223],[33.484891290134215,52.841863356246051],[33.215178786775027,52.788783225441136],[33.162098655970112,52.779022337013487],[33.083456791368064,52.763221491644117],[32.791509503266241,52.702066635826043],[32.651712782846062,52.674573224048743],[32.455001468299713,52.645152041699703],[32.356827056116856,52.62636320985132],[32.141326909722125,52.597153023795954],[31.915378442446581,52.557425950397544],[31.838800834804715,52.539337281328756],[31.630941036598074,52.498833326000579],[31.487282874174525,52.475135645545606],[31.244339069030559,52.455261388678537],[31.120555163474137,52.437562921468725],[31.02702533388748,52.425007312708772],[30.671207400480057,52.392515593251915],[30.610169290350029,52.384919318968741],[30.560724555186084,52.380922218286116],[30.117869917081975,52.349563982978168],[30.099783417226149,52.348128762497709],[30.084253599229953,52.34700730111814],[29.594410360853772,52.336490299873844],[29.589397544102042,52.336161022081114],[29.584538682297421,52.336336344926735],[29.125464140127292,52.377929952271415],[29.079011670978161,52.379426642966735],[29.01879366723665,52.391695486863455],[28.703572043956058,52.466423729224118],[28.568625797854054,52.491708815204674],[28.327152447129095,52.600390005521263],[28.279324313162931,52.620778967813294],[28.058239924730003,52.717072813226423],[27.987605265842944,52.771228697358993],[27.910825631063631,52.841863356246051],[27.71929808965109,53.013307394291019],[27.547854051606066,53.210982454029136],[27.492605893529515,53.297001071293778],[27.467008599062524,53.352249229370102],[27.433930643573888,53.466172637402281],[27.360366056471094,53.67514710735901],[27.314633988339722,53.86263510249421],[27.325466568908269,54.085022585192007],[27.33149290343249,54.156659827444514],[27.342768571298734,54.37302097561809],[27.374015142163671,54.546859885060485],[27.432477963878284,54.768030761014245],[27.456419772189804,54.883406848742197],[27.470462996667663,54.9607979036806],[27.547854051606066,55.261081903880154],[27.58086859085995,55.36077818261225],[27.593444569584847,55.393792721866134],[27.610117807748281,55.45605647800835],[27.685973336599773,55.766059309996479],[27.725368205435473,55.904178594990185],[27.763394903806443,56.119719447190391],[27.774157542132457,56.188260977587731],[27.816009462537977,56.414564468114122],[27.838548543658931,56.634255849185138],[27.849062253291436,56.715772669799321],[27.871574825599112,56.924950341238002],[27.879445708550747,57.103744557417428],[27.889462282885688,57.266558572517624],[27.897145538232678,57.43533621436211],[27.897731375127194,57.595844763964863],[27.898763500505595,57.786245663261639],[27.899347627999703,57.94572208748599],[27.894790417962497,58.109171594253667],[27.891230855499543,58.289098891379695],[27.886496167885866,58.456107960610098],[27.876670376111122,58.637677509229093],[27.869585264580053,58.777839173584255],[27.859298780520362,58.966493833734205],[27.845996526343072,59.17873723212108],[27.84160791565489,59.260247697782972],[27.827772264744056,59.476879706858085],[27.813033248995339,59.722086382592693],[27.812230483611074,59.741256138863093],[27.796858183778681,59.987265579982193],[27.784918511481976,60.224330039857932],[27.781652329947008,60.263853174765188],[27.769130574111045,60.497651453106073],[27.760960165684253,60.71075756718426],[27.753636143101005,60.802255234735071],[27.745086217858898,61.00803732623018],[27.739871613137154,61.200054887761269],[27.729730751160901,61.336546499799283],[27.724316380384948,61.518423199354061],[27.721313702923794,61.691882850671846],[27.709848794949721,61.866814329134513],[27.706765462882174,62.028809072478168],[27.705446721136695,62.186401742008798],[27.693112969177889,62.393936028030225],[27.691767765794907,62.539194945602048],[27.691126816131771,62.68246771012798],[27.678867673685204,62.918567196646848],[27.678223447631865,63.049580818726156],[27.678245910721785,63.179972677841874],[27.666636697118179,63.44118404633798],[27.666659071829315,63.559966691850093],[27.667070495703513,63.679183135947653],[27.656406290060488,63.961800326519722],[27.656813210141934,64.070352564974144],[27.657299227671274,64.179797741039351],[27.647357122053393,64.481235367650925],[27.647833506321774,64.580738438098081],[27.648816193208688,64.681700579700646],[27.644152781836397,64.994825580991801],[27.645137885741178,65.091124311222131],[27.644415696529109,65.187685956145174],[27.63234806973918,65.517016166212954],[27.631678458527858,65.601510184346068],[27.630787793234731,65.684443925974733],[27.610599386787158,66.049150722288857],[27.609863297362722,66.111896057470176],[27.606595576251266,66.170637582115319],[27.568162619491375,66.601973362708748],[27.56695888487917,66.622281930594056],[27.565330468700381,66.639758347688371],[27.547854051606066,66.772028258927094],[27.50652708991754,67.091340842029638],[27.499422693932956,67.132667803718164],[27.487656408721932,67.192865446602298],[27.435402405996797,67.530602031232775],[27.411077588715841,67.643053676842214],[27.367450811733534,67.823456916714576],[27.341606904148875,67.947192402508961],[27.287195916723931,68.153439549966151],[27.234342620871644,68.350313992355609],[27.179187594901407,68.522106006670811],[27.137849771870435,68.663825423090032],[27.115399003127379,68.741756247735452],[27.037468178481959,68.972107474886457],[26.985230983110739,69.121974100842692],[26.964224455537305,69.174211296214139],[26.95740895485153,69.254270519844738],[26.881727989332376,69.528856980188436],[26.873039337804357,69.684597169338019],[26.828641486979052,69.893423860841153],[26.812127843773283,69.969642707753451],[26.764709974170216,70.194983042462127],[26.725309610252395,70.393210347356444],[26.69837808327253,70.534073137671783],[26.664758245603139,70.705368915586064],[26.677802287776103,70.856088898004259],[26.610992863287606,71.131844230780416],[26.626423856919871,71.215754788710115],[26.601945790870559,71.290618274222595],[26.527082305358078,71.495420024588327],[26.464290898941101,71.663349255417245],[26.438347570977839,71.726140661834052],[26.38227923812201,71.870943729070063],[26.322557593115448,72.032001822715472],[26.239010536555156,72.236526534958102],[26.155289346139966,72.375119448863927],[26.016696432233971,72.498043221649482],[25.884627031224795,72.614843007072693],[25.790364766040682,72.746912408082039],[25.700509722212928,72.941111571184877],[25.579864322872822,73.183744517443529],[25.544185216828112,73.25729828120609],[25.532329268732269,73.283316990828325],[25.506310559110091,73.336526034461315],[25.362181512274049,73.623555107494155],[25.285035900674927,73.767684154330198],[25.188308672052756,73.96006814039697],[25.044187695781204,74.229807017658857],[25.018882322464606,74.278070027454135],[25.011301854054807,74.293447195522958],[24.995924685985983,74.322823344323012],[24.836589524515659,74.629120739107691],[24.756891553061678,74.788455900578185],[24.666574922369364,74.969492010085276],[24.503820810169373,75.280559776394796],[24.494399251956338,75.298841773702122],[24.491651864772109,75.304954825612128],[24.485538812862103,75.316538245102038],[24.286750785926699,75.610439619890769],[24.14328698116384,75.809227646826173],[24.069147101740725,75.903221808828732],[23.975152939737995,76.04730967254136],[23.871769829329196,76.216230409541254],[23.80582058466706,76.31961351995011],[23.677623082237801,76.532469535573796],[23.535188196044828,76.759578263643277],[23.491436791375349,76.829999393074161],[23.481572741872412,76.846805068332515],[23.464767066614115,76.874303478673653],[23.285204458627788,77.160822658211771],[23.168480654528935,77.340385266198098],[23.086964021066251,77.472968093774341],[22.954381193490008,77.680989474830312],[22.931578550258052,77.82796849609025],[22.937246812311912,77.850771139322205],[22.935667105650793,77.869485227161363],[22.894839087344508,78.301614906300642],[22.889922314223782,78.361157012446085],[22.884469657833733,78.43106854810236],[22.854626036213062,78.77178772829302],[22.847006055491988,78.871542885570193],[22.847633003883857,78.978291075176344],[22.873235522659797,79.300783087863863],[22.873787260510596,79.381928758694073],[22.863686520650788,79.472623431533293],[22.821173736762375,79.759107175090548],[22.807525087790282,79.892314631818181],[22.847669273029908,79.999026552278224],[22.954381193490008,80.073331920576209],[23.132005994062411,80.225075704369658],[23.18955334316297,80.402700504942061],[23.188517117184915,80.636836428636798],[23.186390689775976,80.6810768817802],[23.185270597737144,80.913086378066168],[23.173216960507659,81.131922145083649],[23.169628669305155,81.208224775375072],[23.157952305147319,81.423472251190049],[23.148009719392405,81.617100777092503],[23.142381658940224,81.745857658863713],[23.13286732145707,81.933858124314156],[23.124704433794705,82.104181364618853],[23.117506791065239,82.281118399862862],[23.109796241020376,82.444243997438093],[23.212766734053389,82.696244329998763],[23.464767066614115,82.859232892614955],[23.519960208488214,82.899436728688045],[23.544838107337796,82.954629870562144],[23.541828785831683,83.031691589779712],[23.529790097950752,83.399992712349388],[23.527281810385205,83.465015743686081],[23.525078011532287,83.525326688604252],[23.51282076942266,83.927347914001587],[23.511085241553701,83.975401616810132],[23.509552913360096,84.020187463556169],[23.49722615678445,84.453328399763677],[23.496127875808043,84.485787489934069],[23.495153650514567,84.516174073834691],[23.482872536649154,84.978067893023081],[23.482298179996747,84.996173363058119],[23.481786585792065,85.013192882235955],[23.469645751957614,85.5016805508385],[23.46950057698956,85.506559236182056],[23.473122833597131,85.514915003165072],[23.464767066614115,85.70918367308991],[23.441404784376459,85.529921518419712],[23.437950500995157,85.506559236182056],[23.209552388507063,85.251388041165001],[22.954381193490008,85.213497579819432],[22.763968651486891,85.186585905061293],[22.58341067411277,84.996173363058119],[22.561878856642068,84.878289826782009],[22.491828931338546,84.533621100906657],[22.482782427435211,84.485787489934069],[22.476326696158537,84.453456114141602],[22.443995320366071,84.307930126647705],[22.394263880933408,84.436056050501406],[22.374219900555886,84.485787489934069],[22.331008854318725,84.598773955981585],[22.253294009111585,84.805472051803633],[22.178818889598915,84.996173363058119],[22.112508982121312,85.175072897937468],[22.017069729393995,85.423098954030024],[21.985489849652765,85.506559236182056],[21.971779869945294,85.544729658885387],[21.93360944724202,85.647059437641872],[21.83272175527361,85.916057417337527],[21.793515886287594,86.016945109306164],[21.711496898501082,86.239057658047102],[21.693869548862438,86.287591084050518],[21.603621565122467,86.527330982430044]]},"properties":{"OBJECTID":52,"Id":52,"Contour":300,"Shape_Length":284.62192473574089}},{"type":"Feature","id":53,"geometry":{"type":"LineString","coordinates":[[6.4358456085499256,56.924950341238002],[6.2889342950390414,56.747663426597114],[6.1116473803981535,56.542208448053714],[6.043250983876419,56.482960864635686],[5.9758992442143608,56.414564468114122],[5.7877628343993592,56.228063140988638],[5.6012615072741028,56.031648239512549],[5.541836534575225,55.963603567688892],[5.4939433624227831,55.904178594990185],[5.303765096711345,55.691289132428835],[5.0908756341501658,55.443395743520682],[5.069083970944007,55.415584385072293],[5.0540516960405739,55.393792721866134],[4.9386354329620872,55.241552520677999],[4.8492513667382582,55.125031116153934],[4.679192543804561,54.883406848742197],[4.6354739343071856,54.828422675460956],[4.580489761026115,54.754045137797164],[4.4305347076250428,54.522976029019162],[4.3446729296914555,54.37302097561809],[4.2254849687137153,54.217639894806609],[4.0701038879020075,54.038385314690174],[3.9922348559966281,53.940504134399418],[3.9540775622767228,53.86263510249421],[3.8560986844507283,53.64862989904276],[3.8289795622065412,53.593373555065568],[3.731235524708211,53.352249229370102],[3.6767486738018533,53.235218570346319],[3.5597180147780705,52.925976909109181],[3.5368755379379309,52.864705833086362],[3.5313457853069963,52.841863356246051],[3.5174989651724218,52.799644306640346],[3.4047302502694947,52.486465247630747],[3.3585330178331674,52.331477483122114],[3.2838160100154141,52.096993614760891],[3.266657848550949,52.038417316894993],[3.2000583983063393,51.821091609998064],[3.1623346585285503,51.708089093123704],[3.0493321416540198,51.370539477995123],[3.0348280226187967,51.32520985590935],[3.0301777284395257,51.310705736874127],[3.0183098482789887,51.279683443499096],[2.8984479340972484,50.951204071306847],[2.8373264805671283,50.800319863750019],[2.744695167125542,50.594570965154787],[2.6266203100905159,50.377608032186572],[2.5816763471324862,50.289933990626139],[2.5663362864515875,50.262543972704464],[2.5389462685300828,50.223996808913057],[2.3642910727180038,49.95420331331411],[2.2316871609187388,49.779548117502031],[2.1418541655011722,49.666254347407062],[2.0285603954060321,49.538719726998693],[1.9006750674503792,49.397047572333804],[1.7758620615757081,49.269162244378151],[1.6623757899513407,49.124960976708905],[1.518174522282095,48.961712616366754],[1.4106938904501476,48.866257003086048],[1.2759994659225526,48.758776371254044],[1.1459106591714203,48.620654361240668],[1.0077886491580443,48.495567134167402],[0.84448538801893847,48.411693759269212],[0.49982605523774737,48.248390498130163],[0.49836310533976302,48.247430168824451],[0.49740277603410732,48.246811240846114],[0.49512401334567357,48.24611173544173],[0.10918601870906741,48.126221382331266],[-0.012983097090000228,48.089115580214127],[-0.18506862438380267,48.07630497083619],[-0.34989836770409966,48.074919895620269],[-0.52336897021399409,48.060021748014208],[-0.68579900484951395,48.085960463494587],[-0.94791713475893857,48.162552789551228],[-1.0337548433379879,48.179797111943287],[-1.0875956667606488,48.194549674707559],[-1.194740242201533,48.248390498130163],[-1.4356193279442095,48.356911886647936],[-1.5441407164619818,48.456207258339816],[-1.7352353644640743,48.567681723252008],[-1.8867034778066341,48.758776371254044],[-1.9496159309619543,48.863687029878065],[-1.994770526853813,49.209406181645988],[-2.014354718446441,49.269162244378151],[-2.0176460307146726,49.306042803249341],[-1.960778093712122,49.685799621628405],[-1.9661337052474437,49.779548117502031],[-1.9532026497549282,49.880872057333193],[-1.89360420331667,50.129011604356947],[-1.8777611474387186,50.289933990626139],[-1.8264865790187628,50.517974001193181],[-1.814693660196383,50.560486934360597],[-1.7676145553173228,50.800319863750019],[-1.7646691688744909,51.020848316162756],[-1.7663571785375325,51.088489274798519],[-1.7636054861063144,51.310705736874127],[-1.861564726978429,51.503667599481673],[-1.955546086273614,51.722111106685873],[-2.0008855100088567,51.821091609998064],[-2.0220756526777564,51.85354254690634],[-2.0545265895859757,51.902245609155045],[-2.298731572393649,52.087272500314498],[-2.3414897861748614,52.108054806587006],[-2.5649124627099695,52.232018035102271],[-2.6647032976930518,52.231686648139032],[-2.9879417102952743,52.244120857583368],[-3.0752983358339634,52.243805371738802],[-3.2338941676878221,52.172881651268142],[-3.3750198381875975,52.120813112351755],[-3.5856842089579573,51.995537590478648],[-3.6833790030945579,51.918786404134835],[-3.7814357284224798,51.821091609998064],[-3.9043144261298721,51.629335954046155],[-4.073932161910875,51.332843657045316],[-4.0869777004716639,51.310705736874127],[-4.0881313452139807,51.302767000006043],[-4.0960700820819511,51.268724112103996],[-4.1854767923307463,50.889726573998985],[-4.2123099134238373,50.800319863750019],[-4.2178068882417961,50.678583057590288],[-4.2125057140470972,50.406369622591171],[-4.2185267109312008,50.289933990626139],[-4.2044098660470013,50.181594206661089],[-4.1182861588384867,49.801764194258567],[-4.1148513019090274,49.779548117502031],[-4.1111468859357956,49.764471313648301],[-4.0960700820819511,49.719486022607441],[-3.9576396477120852,49.407592678748017],[-3.8822838137538156,49.269162244378151],[-3.7815912572655179,49.073255196070647],[-3.6249108970706061,48.798003059366749],[-3.6032220273298208,48.758776371254044],[-3.5974730034046161,48.746987576807271],[-3.5856842089579573,48.722471854823596],[-3.3731492147298923,48.460925492358228],[-3.2353186310979822,48.248390498130163],[-3.1830189920702878,48.140669841893725],[-3.0752983358339634,47.745166323922433],[-3.0732353589426111,47.740067601897408],[-3.0729167387447092,47.738004625006056],[-3.0719474461110963,47.734653735283189],[-2.9271893696947586,47.375727718021437],[-2.8961946796273423,47.227618751882176],[-2.8074734800108558,46.985057734581176],[-2.7996284679764472,46.951948884024546],[-2.7285762761321735,46.717232878758068],[-2.6764908915415049,46.60565444992659],[-2.5649124627099695,46.347351433098595],[-2.5196250444323596,46.252134423911684],[-2.4992596391375628,46.206847005634131],[-2.4252261455841904,46.067160688508466],[-2.3437507443591699,45.917622850860937],[-2.2337155036543095,45.69646113251008],[-2.1696659523036033,45.58132176979251],[-2.0545265895859757,45.350758074872658],[-1.9960595724940049,45.244542276478114],[-1.9674423468207465,45.186075259386143],[-1.8933831298026575,45.024931799602768],[-1.8310109319996286,44.899205043848497],[-1.7412871822059515,44.675689386262093],[-1.6835768558739801,44.536253246850151],[-1.5516217176677856,44.172784514343903],[-1.5487403927576224,44.165303513138156],[-1.5474270408602706,44.162017188739753],[-1.5441407164619818,44.152689326512984],[-1.4174980988519792,43.781560257624051],[-1.3824068386908266,43.654917640014105],[-1.3014481768166206,43.412225100368801],[-1.2948850694631915,43.393787413888845],[-1.2171393900439966,43.144531766890168],[-1.1690509601794474,43.009235650048481],[-1.0439794502846098,42.644370500712796],[-1.0404124760585773,42.63414589376606],[-1.038608736529909,42.629292000574196],[-1.0337548433379879,42.615382462200273],[-0.90847792433908126,42.249036939641087],[-0.86575909455694955,42.12376002064218],[-0.79839465534814735,41.88839983265234],[-0.78941569869260775,41.857713292163453],[-0.72072118999869872,41.613374147518073],[-0.68563466937274598,41.451108448359321],[-0.64146716981963436,41.221086473999776],[-0.61692791551843129,41.102988274394193],[-0.60383366386179205,41.022523580746167],[-0.53716138829042848,40.606394819346519],[-0.53492658772449886,40.592602401270085],[-0.5343751668300456,40.581596204654147],[-0.52336897021399409,40.401288720601769],[-0.50249946227876308,40.103086036081322],[-0.50086952840013055,40.082216528146205],[-0.49894469517533935,40.057792253107436],[-0.47614198295690358,39.619057642279188],[-0.4721967660240125,39.571830655022097],[-0.46012422216449522,39.508585906972598],[-0.39308940701369011,39.191724345098407],[-0.36945995525815079,39.06144478189799],[-0.32960514254807549,38.867680954232185],[-0.30795648814421384,38.766471390843947],[-0.26455556032937011,38.55105890877411],[-0.22534995591689722,38.338692049947269],[-0.20616707048247918,38.233857009042595],[-0.17060094117965718,38.040673035650002],[-0.14780999057234112,37.905846142167718],[-0.098561645143774967,37.61586571058001],[-0.084075884448907345,37.530287162526122],[-0.074449473499555552,37.468820786116453],[-0.012983097090000228,37.086736302483246],[-0.0024498510570651888,37.03043453543512],[-2.6667318593354139e-05,37.019901289402185],[0.0043979591833931408,37.002520233128848],[0.091139895871606313,36.613638409239684],[0.11998594436755639,36.509515416278134],[0.20777875871249307,36.288753560475641],[0.22571135517040375,36.237823995414374],[0.3361767022097979,35.999129543154197],[0.41957835572031854,35.921305122840408],[0.49740277603410732,35.852445334825859],[0.69365938260216353,35.685000276598146],[0.8944721318045481,35.488743670030146],[0.95901507046113466,35.439970091333237],[1.0077886491580443,35.396028845791477],[1.2237387931949115,35.194307940943133],[1.4285436669129012,34.978357796906039],[1.4767881378617744,34.936971412485889],[1.518174522282095,34.896579129819713],[1.7353787125574058,34.685176114057413],[1.9266651627089004,34.467971923782102],[1.9756653081902869,34.415076836566413],[2.0285603954060321,34.352217481129344],[2.2081822587589954,34.137207914011015],[2.3490851560103465,33.957586050658051],[2.434955145248523,33.853594927376434],[2.5389462685300828,33.720086280238434],[2.6577434561475002,33.565997365151532],[2.7467851615384689,33.447200177534114],[2.8797752005904158,33.277643236470567],[3.0493321416540198,33.063643919392803],[3.1100794726665981,32.997561635422642],[3.165632656655589,32.936814304410063],[3.3528634224196026,32.729959712051709],[3.5597180147780705,32.507799087095066],[3.5955715285864471,32.462281945094503],[3.6242738406527337,32.426428431286126],[3.7726292517648972,32.213517194299129],[3.8063242461474829,32.162648789531431],[4.0221375740741223,31.916042558162076],[4.0455619900234296,31.891500660283668],[4.0701038879020075,31.866917283379564],[4.2819075717624742,31.617460368898435],[4.4673194164819279,31.405656685038139],[4.5155191105369568,31.340686034548867],[4.580489761026115,31.273201454910804],[4.7566175745287183,31.071398625416691],[4.9151088431106587,30.895270811914031],[4.9954499279220954,30.799845105686131],[5.0908756341501658,30.689564062971272],[5.2412846925979011,30.535293997238057],[5.4228274383201551,30.384884938790151],[5.5146384005713571,30.298261832087462],[5.6012615072741028,30.220030903259328],[5.7729328545817111,30.046170412973879],[5.9465012373989907,29.874499065666043],[6.0902156112649095,29.85306729653297],[6.1116473803981535,29.849810101699518],[6.1686015010480446,29.817544945016209],[6.4876461835361852,29.740111995680309],[6.5706301626253776,29.415516283438819],[6.600228823820089,29.364113192542163],[6.6088564521870694,29.350936391207142],[6.6220332535220905,29.343926176206423],[6.6451008462454979,29.341045599818528],[7.0599337115233993,29.291627777419365],[7.1324191266459707,29.282456426664226],[7.2250802544264729,29.271452064761661],[7.5174993107387422,29.238807503510827],[7.6428049997700782,29.223683772793493],[7.7958800141435063,29.211038178168508],[7.9869293356595108,29.197851655307659],[8.1531908728939584,29.183703699419937],[8.3331140412159925,29.184190024220129],[8.502726826900755,29.203263273424852],[8.6635767460180659,29.203804915211037],[8.8768801985895038,29.067030771989494],[9.036425192414697,28.853727319418056],[9.0919278951130877,28.77169259538914],[9.1739626191420029,28.731368745816155],[9.2985177427508461,28.729172195809383],[9.5011607758260084,28.67053960297801],[9.6843484922660537,28.668708904899859],[9.8805178913104328,28.657557920373733],[9.9929464355450364,28.651939389573101],[10.194734365389991,28.640300714235821],[10.43194784876556,28.616513836042657],[10.464436667925156,28.613043748829341],[10.705120238514041,28.589256837437802],[10.899405691160212,28.537626898940346],[11.044893351502935,28.513954206429389],[11.215506111637978,28.475440622544625],[11.343067084224913,28.47090241888111],[11.610826989612463,28.458406441443799],[11.725891984762029,28.454224162286664],[11.833056643455507,28.450506104987426],[12.141928209157129,28.437691095023126],[12.236277857886137,28.434374373665833],[12.323450300702859,28.430513889111069],[12.677696284270723,28.412308893033526],[12.746663731010074,28.409212781168662],[12.816224696588108,28.41290241187221],[13.195405179866214,28.404985870562086],[13.257049604134124,28.408809286166104],[13.318957153996791,28.405248996156956],[13.730073481871443,28.380703441680737],[13.767435477258061,28.378545823573802],[13.799637524246805,28.375543493282748],[14.206612298097866,28.343341446294176],[14.254721761838823,28.320241857750887],[14.277821350382112,28.308860258657091],[14.386339821583022,27.941474044370977],[14.719730273615141,27.901432523060919],[14.788207223506049,27.867492443920014],[14.820661300122197,27.865409649786216],[15.29262870214194,27.832955573170068],[15.296899161682063,27.831261638222202],[15.2985930966301,27.830610649283358],[15.302738632726061,27.828810037074163],[15.652630705941817,27.676607309357848],[15.808978969754037,27.608853246060733],[16.015647469097246,27.529238199389169],[16.180735677525149,27.461198865399126],[16.319364842878144,27.405678764839308],[16.340620832143372,27.343825689311416],[16.492321822010581,27.322569700046188],[16.716718049549229,27.209537033593335],[16.829750716002025,27.153355510239294],[17.066867056292949,27.049300167213005],[17.129976718898433,27.022343697149779],[17.340136589126132,26.931605586306205],[17.411724542382501,26.88377178017862],[17.475521359974607,26.81218382692208],[17.650112684843293,26.611774049515361],[17.850522462250012,26.470792300380367],[17.981103934610815,26.432379426158775],[18.327459013697535,26.335247275474558],[18.36090833537412,26.325614103657699],[18.375649546556303,26.316539164980384],[18.399849005288672,26.301797953798143],[18.687496859822033,26.118000605122006],[18.871294208498,26.01602121757486],[19.000842113234626,25.920959985410491],[19.177279313408917,25.791412080674093],[19.291371488962454,25.701103488014439],[19.381680081622108,25.641464485627694],[19.602929671219101,25.570162491077099],[19.655417676489208,25.554763802417256],[19.892065954746045,25.471706825110459],[20.018820599308185,25.407780852112126],[20.323037334900334,25.281026207550156],[20.376644645602823,25.255219025282884],[20.402451827870095,25.233185844668128],[20.629436709089873,24.997625215645826],[20.774495213384796,24.908982822035284],[20.912837700994032,24.815128799150159],[20.947111004662759,24.804913638094831],[21.400082520000183,24.793781388544005],[21.423223574118083,24.789284671766382],[21.437873390285745,24.78529015059371],[21.485778249260306,24.770640334426105],[21.79463375616001,24.631664643344095],[21.93360944724202,24.569902952141547],[22.144143856778044,24.470788870838248],[22.311582026221799,24.392667755446325],[22.443995320366071,24.330686632660274],[22.487998509863928,24.304257650800025],[22.542277856912278,24.260254461302168],[22.760402204925299,24.066275472737516],[22.954381193490008,23.92783152812035],[23.066218110628483,23.861705505316593],[23.283469654864575,23.749868588178117],[23.401182884068817,23.686284405632819],[23.464767066614115,23.642934217144841],[23.696724929245192,23.517910725546813],[23.726956994280044,23.501672642720166],[23.975152939737995,23.366802760302619],[24.076199821131411,23.340529596447595],[24.364154128383461,23.360867399532651],[24.485538812862103,23.342427072461419],[24.565204156778407,23.319148058970541],[24.841916388482673,23.23948271505418],[24.951898879820874,23.195456908888843],[24.995924685985983,23.17772245335135],[25.249132114804297,22.982304270748216],[25.266807821977068,22.968599579063095],[25.506310559110091,22.783012022942273],[25.545967540726679,22.768753823546717],[25.654511581111365,22.729096841930073],[25.919539965022466,22.631940374718567],[26.016696432233971,22.595859217656653],[26.238308696194224,22.507484577969876],[26.286401474343222,22.488416010915444],[26.527082305358078,22.391704853934243],[26.660974998350412,22.352603661798526],[27.006595175963241,22.24958397132491],[27.037468178481959,22.240483345159362],[27.053750628794319,22.234993419118325],[27.101075708528072,22.218710968806192],[27.450217097910013,22.121074015110139],[27.547854051606066,22.093576668951357],[27.720452408613426,22.046112611798833],[27.850199698443021,22.010670742519039],[28.058239924730003,21.953169714986529],[28.263256642284659,21.913341813236627],[28.406025197774795,21.870925695761343],[28.568625797854054,21.833385681558923],[28.61205726695448,21.751756564782511],[28.961002687621374,21.708325095682085],[29.061767073134035,21.691080497838186],[29.079011670978161,21.68720164337816],[29.116989197885744,21.670347568774332],[29.396610349432422,21.515537901012465],[29.589397544102042,21.458201813999494],[29.767945949623936,21.376487628080099],[29.898311076372579,21.197939222558205],[29.989852801958875,21.088008607290874],[30.099783417226149,21.026781316370261],[30.345275801383025,20.933045733591143],[30.590166702175793,20.687553349434097],[30.600150510892092,20.67753456997616],[30.610169290350029,20.673104038520307],[30.632753048423808,20.664969591360375],[31.058344130611545,20.625342316571505],[31.120555163474137,20.570822051303765],[31.257714395976677,20.550394116931557],[31.463179096129238,20.519791408965432],[31.630941036598074,20.494806100400069],[31.863808174921985,20.454686211110186],[31.90195265233632,20.448179092048463],[32.141326909722125,20.406768836565846],[32.326170728536908,20.362011295125001],[32.526391751196002,20.30248850796022],[32.651712782846062,20.269323952447394],[32.730185375428789,20.255640068892774],[33.117095272966651,20.222170859313678],[33.162098655970112,20.215415914627727],[33.183931968027082,20.199000788367186],[33.2093048930127,20.177167476310046],[33.460518954064696,19.965201901280636],[33.672484529094049,19.781399920828278],[33.7954689742852,19.78976604837726],[34.066651640970576,19.78300036443369],[34.182870402217929,19.792658450350643],[34.308757049282747,19.792668250250756],[34.553228744924411,19.806809133603906],[34.693256275342037,19.806818843659585],[34.832127129912124,19.805652457756025],[35.0694428308542,19.800980920798054],[35.203642148465917,19.799828256155024],[35.325864680571556,19.789004135291577],[35.633218280987307,19.747591343788827],[35.714028021590025,19.739800676793266],[35.781489591013553,19.734243172609467],[36.161434115076986,19.666781603186109],[36.217132519479264,19.659500227951241],[36.224413894714132,19.658477166873297],[36.233993795492722,19.657201702407519],[36.669648783827483,19.601630619175523],[36.734799767838012,19.592844003674031],[36.801387513007683,19.600193858016439],[37.224883010191775,19.646478972415764],[37.24518564096212,19.648715569032277],[37.253813084800356,19.658154159347816],[37.261153758201431,19.666781603186109],[37.265799475988445,19.687395438212604],[37.321513448578855,20.100839668693254],[37.343272908346535,20.177167476310046],[37.373839084626411,20.305820919974508],[37.418717684655348,20.514021305740698],[37.46239992364201,20.687553349434097],[37.543293314816196,20.899831548703901],[37.583300297020457,21.025668005492435],[37.643207608172588,21.197939222558205],[37.674175211010379,21.279335525633826],[37.755571514086,21.49238354587402],[37.809123663432104,21.654772946335981],[37.827479561474718,21.708325095682085],[37.885958498513673,21.838712080109758],[37.961483134729065,22.012799348162957],[38.058882825763305,22.218710968806192],[38.132783288689325,22.351885067326805],[38.265957387210108,22.571736961458953],[38.324147362040208,22.670906867100143],[38.362825101052863,22.729096841930073],[38.529345057178375,22.976095045085685],[38.57209761315238,23.035237067872401],[38.718046652390171,23.23948271505418],[38.742487100436392,23.273338874951833],[38.776343260333988,23.318666690312],[38.961865118323999,23.564346730188277],[39.104588830402861,23.749868588178117],[39.180974173905668,23.855623547730488],[39.286729133458095,23.997440199244352],[39.39843375138463,24.148549843375463],[39.48227065978881,24.260254461302168],[39.607880725053292,24.449488742830908],[39.797115006582032,24.72844742706468],[39.813257591557601,24.754497749450707],[39.8230211760972,24.770640334426105],[39.854125068459552,24.827650396303625],[39.991964172066162,25.086177042065799],[40.104242752556786,25.281026207550156],[40.176886224280281,25.411640862975787],[40.307500879706083,25.637771783321114],[40.362302484991972,25.736610475388204],[40.394752446841665,25.791412080674093],[40.554137781269844,26.038048982237854],[40.560664159178032,26.048634674326081],[40.754262079970317,26.301797953798143],[40.775398750150657,26.344285956477506],[40.81788675283002,26.42788047372261],[40.944320360071515,26.685750219680756],[41.014749515757273,26.81218382692208],[41.147978925731593,26.992477527144558],[41.328272625954071,27.181112313240931],[41.385570838548745,27.265271487451287],[41.422477935607105,27.322569700046188],[41.477695697815761,27.471992771907821],[41.53925711024948,27.621971088874716],[41.607718243868305,27.832955573170068],[41.69585367689757,27.975760395350676],[41.838658499078008,28.23341191179594],[41.891176313247286,28.290823632124841],[41.963534281557543,28.343341446294176],[42.193125934874274,28.49925988362196],[42.349044372202059,28.627682934327311],[42.456711601485836,28.746060090134279],[42.576351345532657,28.853727319418056],[42.743609254738203,28.969548310006019],[42.859430245326166,29.031541983335956],[43.061607374350331,29.161936063517828],[43.342293492214083,29.364113192542163],[43.358206373390374,29.375722937601893],[43.369816118450103,29.384569964096045],[43.431728789056365,29.426025863148425],[43.66069288246598,29.583622301650166],[43.880201991574154,29.714844685389153],[43.974240864832211,29.780460192408043],[44.105188909057233,29.874499065666043],[44.273973604361231,29.991113326002903],[44.390587864698091,30.064570376897052],[44.562345301818823,30.213127501669362],[44.761877164623968,30.384884938790151],[44.841413328428189,30.444445348183933],[44.900973737822142,30.488485983588987],[45.119934077979849,30.676310471756153],[45.36724278159744,30.895270811914031],[45.391111021266795,30.915519401593315],[45.411359610946079,30.933683723930244],[45.654447325185515,31.162568970798702],[45.905729652288812,31.405656685038139],[45.913735057403642,31.413667111704456],[45.921745484069959,31.421348434286017],[46.079397039909736,31.563308240877916],[46.181892676245525,31.65589536598651],[46.432131357194066,31.868631187189408],[46.459354302359714,31.888819612996372],[46.49824508454833,31.916042558162076],[46.754935458382988,32.103624330097261],[46.942517230317947,32.22989304295578],[47.070788679538509,32.298156982065734],[47.309614235769232,32.426428431286126],[47.399520825351658,32.479810709376522],[47.452903103442054,32.511658346111972],[47.605002991387721,32.578528319231793],[47.749468829047942,32.640248578804119],[47.963288976565991,32.738513166825328],[48.126288823806988,32.773814457169237],[48.416903812233045,32.880043266953066],[48.473674849690042,32.8957692406006],[48.509666829210005,32.9008223248901],[48.804414138348932,32.936814304410063],[48.96264231374721,32.958232713477003],[48.984060722813979,32.964701682663474],[49.010974916348403,32.963728497944487],[49.45540265613198,32.975858244216113],[49.49444659593803,32.974609392967182],[49.527172768689013,32.969540477161161],[49.594131770444676,32.936814304410063],[49.8821933326156,32.814175167963697],[50.004832469062137,32.744928591216024],[50.220675880359579,32.642271842583568],[50.429384976385677,32.512261797086467],[50.515218342186017,32.462383663432945],[50.535331943554127,32.446542032654065],[50.5571532623091,32.426428431286126],[50.846789620235711,32.247613836211713],[51.025604215310125,32.136928261084449],[51.168381573310455,32.058819916162577],[51.522478177107132,31.916042558162076],[51.53230522532715,31.912357695055164],[51.535990088434062,31.911098656834952],[51.541176152114417,31.910856494481664],[52.025155102107306,31.894821698711382],[52.046375961558113,31.89380219012827],[52.063499264277141,31.898919255442991],[52.104629509314009,31.916042558162076],[52.420061042508735,32.052743350335334],[52.55676183468205,32.152006693429996],[52.698632971639995,32.284557294328181],[52.816534717954426,32.426428431286126],[52.892295346607455,32.601280792484829],[52.998268112238065,32.867934708842199],[53.026655309215357,32.936814304410063],[53.025788651023731,32.978173361192432],[53.061875101631358,33.441927571359372],[53.061739823752305,33.447200177534114],[53.059992994369452,33.454354890970762],[53.00246420782571,33.892902550677604],[52.981121352442074,33.957586050658051],[52.919085896124216,34.105647862339936],[52.865411363447606,34.266235579423608],[52.752019724721947,34.467971923782102],[52.69688549212583,34.608095581225882],[52.55676183468205,34.853376963955611],[52.49610346091265,34.917699423136639],[52.410616968033935,34.978357796906039],[52.353078218576115,35.182041413011916],[52.332698275787322,35.264680111135419],[52.262739586230168,35.488743670030146],[52.423596457389067,35.621909047323072],[52.55676183468205,35.800373823063296],[52.626589479784059,35.929301898052188],[52.664870978220165,35.999129543154197],[52.860407065099139,36.205870185861045],[53.010475930748328,36.452843639220475],[53.048203851187793,36.509515416278134],[53.057344884820395,36.519318239263839],[53.0671477078061,36.529146145295897],[53.309892497769056,36.777156499439116],[53.462451597797838,37.019901289402185],[53.507197930947541,37.090236939384681],[53.577533580930037,37.21375278515842],[53.694920082797012,37.412900660659318],[53.750163954486311,37.530287162526122],[53.861537376196054,37.756669240384156],[53.908492852331108,37.861246433927192],[53.991823454308815,38.040673035650002],[54.015876583886495,38.112715905817652],[54.087919454054088,38.35554589728298],[54.1453541739657,38.493624188862498],[54.17934849850343,38.55105890877411],[54.224482000493254,38.687621455213218],[54.295239846256834,38.854124389695471],[54.346813435607089,39.06144478189799],[54.400345266499244,39.259404842576771],[54.440036557772146,39.413561885616048],[54.481971825450785,39.571830655022097],[54.49943083645087,39.670705145749423],[54.564226217906025,40.048137418874205],[54.570193874226277,40.082216528146205],[54.570791669187145,40.109730186137028],[54.567974299020648,40.562271373112765],[54.568598208907474,40.592602401270085],[54.566010073262817,40.624897655185293],[54.543860707764281,41.048543654980278],[54.539225003355682,41.102988274394193],[54.565191892878374,41.136101708693616],[54.598305327178025,41.168622284864796],[54.757597527052269,41.262280474268437],[54.924483698164522,41.287195776531576],[54.917306122572711,41.421989069788708],[55.001299392809472,41.613374147518073],[54.957282742936457,41.764782604883749],[54.932272749188996,41.947341569529044],[54.85260430053961,42.12376002064218],[54.765086335372985,42.290541028836913],[54.700626050087124,42.531825170857019],[54.662453311934598,42.63414589376606],[54.660865982744554,42.696706549332646],[54.631722875811931,43.111114218256091],[54.630797232961527,43.144531766890168],[54.619889349940536,43.166115789652508],[54.598305327178025,43.199133433320014],[54.417692157073191,43.474304469909214],[54.348551825037021,43.654917640014105],[54.269323037616118,43.836321223576078],[54.087919454054088,44.147821115146485],[54.081286399534577,44.158670458618644],[54.076693220344339,44.165303513138156],[54.048393959202258,44.204829007989815],[53.873862137363972,44.46163206957192],[53.675627679463446,44.675689386262093],[53.626661423025951,44.724817228358006],[53.577533580930037,44.775005673080841],[53.400771820016189,45.009313498472352],[53.218079250236144,45.186075259386143],[53.138035017544553,45.256962569124596],[53.0671477078061,45.316899192915457],[52.871642860116879,45.500956284821029],[52.630188345730971,45.69646113251008],[52.58765608755516,45.727355385383362],[52.55676183468205,45.745642876266061],[52.315359917090461,45.937863050101669],[52.300122659622957,45.950207830575039],[52.046375961558113,46.126440363653103],[52.005314731950534,46.16578577602661],[51.957587809841925,46.206847005634131],[51.721737954179844,46.39259487137997],[51.535990088434062,46.526182293245711],[51.437849420681573,46.61909221100575],[51.335809684445678,46.717232878758068],[51.1816333530885,46.873262016536444],[51.025604215310125,47.025957425249203],[50.927974636651697,47.129989173223748],[50.830927776070268,47.227618751882176],[50.679611634850971,47.392012044546902],[50.515218342186017,47.53738877158014],[50.413788665675611,47.636574948495593],[50.299713679459273,47.738004625006056],[50.146728249505884,47.87990040545003],[50.004832469062137,47.982340623941582],[49.857054397548154,48.100612426616124],[49.653177004627366,48.248390498130163],[49.56052160215404,48.314465504345947],[49.49444659593803,48.348536332412323],[49.338203805507817,48.404633288560149],[49.204749334069106,48.46907910938512],[48.984060722813979,48.522649436500046],[48.793173015523962,48.567888663964084],[48.565354901909302,48.667096319034783],[48.473674849690042,48.697128804643057],[48.435130512832018,48.72023203439602],[48.369155463851939,48.758776371254044],[48.106867481763913,48.902354876452023],[47.963288976565991,48.968678165522704],[47.755454481583172,49.061327749395161],[47.60315899875161,49.118906349068595],[47.452903103442054,49.179894709759651],[47.390078135920419,49.206337276856516],[47.220077993240807,49.269162244378151],[47.020625018640317,49.347270032700465],[46.942517230317947,49.375022467223403],[46.778522946964699,49.433156527731626],[46.6454201170543,49.482451004238158],[46.432131357194066,49.55443302456348],[46.262778964663255,49.610195724971277],[46.017818472828765,49.683475128743453],[45.921745484069959,49.713707167634425],[45.870496685641001,49.728299319073074],[45.657516058303088,49.779548117502031],[45.459723343390522,49.827911849946531],[45.411359610946079,49.838737991815037],[45.326925387261497,49.863982341186613],[45.07149364238154,49.9500680220616],[44.900973737822142,49.995802525981048],[44.668998627855046,50.057958880658987],[44.603103693879916,50.077418161444143],[44.390587864698091,50.13687248517482],[44.26453657038951,50.163882696317557],[43.947508321231567,50.222627660968556],[43.880201991574154,50.236377651523924],[43.831106202617377,50.240838201669362],[43.392618243919458,50.267131865156728],[43.369816118450103,50.269089434542423],[43.350384459536144,50.27050233171218],[43.111424656265456,50.289933990626139],[42.87903178305919,50.309535528359163],[42.859430245326166,50.310889438390006],[42.837771923800801,50.311592312151333],[42.391422247330638,50.332311865754662],[42.349044372202059,50.333648006445571],[42.305497600250646,50.333480762577551],[41.892507504321145,50.343782995869105],[41.838658499078008,50.343587715979027],[41.785428345286391,50.343164144417926],[41.378480065795657,50.340141430467668],[41.328272625954071,50.339742331343643],[41.27957827985972,50.33862833672049],[40.863002189806139,50.335049427602087],[40.81788675283002,50.334045741829925],[40.773755172375616,50.334065571080487],[40.359522173950495,50.341955284870551],[40.307500879706083,50.341977805239026],[40.250785605344561,50.346649264987491],[39.87471143845562,50.367530422499556],[39.797115006582032,50.37430698979],[39.712345725801242,50.374703271406929],[39.3561287351489,50.359333592316943],[39.286729133458095,50.359690772312945],[39.212193395222414,50.36446972886182],[38.897551258497458,50.411141988789552],[38.776343260333988,50.417630206025251],[38.661315775009314,50.404961475950813],[38.368964733837061,50.392941337253092],[38.265957387210108,50.382924591229198],[38.174964590652792,50.380926787183228],[37.836529467757771,50.370891944297739],[37.755571514086,50.369087490396566],[37.681415165427666,50.364090339284473],[37.291423284510529,50.336171634174548],[37.24518564096212,50.333031207841714],[37.212022476199365,50.323097155388893],[36.75964241707851,50.314776639866636],[36.734799767838012,50.309982267003647],[36.717265218158957,50.307468540305194],[36.670779146453015,50.289933990626139],[36.340090029001431,50.174257856338841],[36.224413894714132,50.164207813262522],[36.064464839879179,50.129984935791015],[35.87928538591791,50.124676626298253],[35.714028021590025,50.067505696135981],[35.487111988621109,50.063017957657053],[35.432378281993465,50.061197857098762],[35.203642148465917,50.056796825021536],[34.981318329552607,50.001871936415341],[34.895188032491376,49.98147987465137],[34.693256275342037,49.932409431817291],[34.536676830420902,49.936127562423223],[34.354253005180681,49.950930720464612],[34.182870402217929,49.954548373983584],[34.00510132128494,49.957317198435248],[33.849901865159552,49.956965453567534],[33.672484529094049,49.959830814671307],[33.498014132716207,49.954018513880044],[33.332528520120775,49.949977981652864],[33.162098655970112,49.944397232216943],[32.99200634170586,49.94964043176634],[32.831189622811905,49.959024957468102],[32.651712782846062,49.964251817167508],[32.467835781072779,49.963425119275314],[32.32955241912299,49.967773626903067],[32.141326909722125,49.96698584629911],[31.952176241916675,49.968698785307538],[31.823381290432337,49.971988371336352],[31.630941036598074,49.973674065521664],[31.437288620079585,49.973200534020691],[31.311125683012165,49.9701186370404],[31.120555163474137,49.969631745718118],[30.916776887892411,49.983326393083757],[30.822276630984561,49.991655458136506],[30.610169290350029,50.005284082657909],[30.363600963198564,50.026116444653553],[30.347647349485612,50.027412049761722],[30.099783417226149,50.048504400803097],[29.888063155245788,50.078213728645778],[29.786664388390079,50.092667146338158],[29.589397544102042,50.120456158085517],[29.449569151139031,50.150105597663128],[29.150717109590744,50.218228552013557],[29.079011670978161,50.233837493631711],[29.035089229943708,50.246011549591685],[28.880848862939843,50.289933990626139],[28.636260835238659,50.357569028010744],[28.568625797854054,50.377300050517931],[28.419778704852206,50.438781083627987],[28.267706647705722,50.499400713601688],[28.058239924730003,50.590280025349159],[27.916033569838248,50.658113508858321],[27.647910145409412,50.800319863750019],[27.581240678790891,50.833706490934901],[27.547854051606066,50.854061283296915],[27.307691251347308,51.040482664008778],[27.290623023826527,51.053474709094587],[27.037468178481959,51.278311699748883],[27.021086542008504,51.294324100400672],[27.006655003762148,51.310705736874127],[26.840916480282658,51.507257435073484],[26.786771714278018,51.570395145793896],[26.61079779128977,51.821091609998064],[26.576893558446898,51.870902863086826],[26.527082305358078,51.966303160167456],[26.401598175545303,52.205993353309395],[26.351434988618337,52.331477483122114],[26.27514049752574,52.583419290954453],[26.273418587739798,52.588199638627714],[26.208285602190415,52.841863356246051],[26.185085909314125,53.010252833326149],[26.176511218825112,53.192434442779188],[26.157744426243994,53.352249229370102],[26.158094399699564,53.493647196835695],[26.17254779768075,53.706783737047431],[26.172886118330098,53.86263510249421],[26.184339222281722,54.03027789254179],[26.200580062572499,54.189137345279789],[26.212260217950472,54.37302097561809],[26.214551407729914,54.570875951113862],[26.21344400242873,54.686659278547438],[26.215821978320491,54.883406848742197],[26.199924214335795,55.066634630843851],[26.170295767688742,55.240193386411534],[26.154737492637196,55.393792721866134],[26.138080511766475,55.515176801398582],[26.055509594820819,55.865365432403337],[26.049172585031727,55.904178594990185],[26.044798264327142,55.932280427083356],[26.016696432233971,56.05028040944552],[25.938649210218443,56.336517246098424],[25.91027135359036,56.414564468114122],[25.87071482807994,56.560546072268153],[25.829044297363794,56.737298206367996],[25.773035111876538,56.924950341238002],[25.727599427705968,57.14623920983388],[25.705907393074824,57.23573938039732],[25.662326542120695,57.43533621436211],[25.643431015989904,57.572456671241923],[25.601362972166328,57.850669674429923],[25.587952189458008,57.94572208748599],[25.581520652162396,58.020932180538466],[25.550816282053006,58.411602237667182],[25.547058624581439,58.456107960610098],[25.544134822658521,58.493932224158527],[25.51828777696403,58.954516615880038],[25.517397647555981,58.966493833734205],[25.515906333816133,58.976089608440191],[25.506310559110091,59.038397865969728],[25.443541945008519,59.414111092756684],[25.436750344280995,59.476879706858085],[25.380126451364674,59.603063814603502],[25.307896167270542,59.788851188142587],[25.197126548829431,59.987265579982193],[25.121741058628061,60.1130819526241],[24.995924685985983,60.287354779945531],[24.88678649051144,60.388513257631303],[24.768991116308086,60.497651453106073],[24.629031099032431,60.641143739276572],[24.485538812862103,60.783078464676748],[24.351340547420762,60.873839060788896],[24.168483899063517,61.00803732623018],[24.060982859278738,61.093867245770696],[23.975152939737995,61.163786988364109],[23.749451385219345,61.29272164483541],[23.598465620827994,61.384724645140182],[23.464767066614115,61.464896218717399],[23.426690941623008,61.48034707436301],[23.341450709134335,61.518423199354061],[23.078527282014136,61.642569287878189],[22.954381193490008,61.704706259912086],[22.714881975256844,61.789309854244834],[22.663426552786973,61.809377840057323],[22.443995320366071,61.891220617637089],[22.332192753666732,61.917006505778772],[21.9403603903761,62.022058129344032],[21.93360944724202,62.023712932871661],[21.929038312043303,62.024237937279452],[21.897040548487723,62.028809072478168],[21.483778184012522,62.08936368237255],[21.423223574118083,62.099863240268917],[21.346107674392101,62.10592497220415],[21.0086166600301,62.124588031514065],[20.912837700994032,62.13250753520191],[20.801365604640637,62.140281168831336],[20.525321792780005,62.151679037388078],[20.402451827870095,62.160788065869042],[20.279472558293207,62.151788342055056],[19.983875256908277,62.120618374640458],[19.892065954746045,62.113483159162229],[19.813282587415642,62.107592439808514],[19.41512923382254,62.062258224678772],[19.381680081622108,62.059568400058083],[19.35564567066956,62.054843483430716],[19.238036288771013,62.028809072478168],[18.936797870830674,61.963305410145495],[18.871294208498,61.945549406030125],[18.754719376524122,61.91223424050429],[18.535599096149269,61.854118311703019],[18.36090833537412,61.801235141451059],[18.125711746706315,61.753619788021922],[18.063296432266043,61.731197169370148],[17.850522462250012,61.67520243293302],[17.725565842459275,61.643379819144855],[17.415310043461659,61.593596653689588],[17.340136589126132,61.577126512359882],[17.293837869102049,61.564721919378144],[17.119501349824588,61.518423199354061],[16.888737400895195,61.45943651446089],[16.829750716002025,61.445518892874816],[16.735852363791764,61.4245248471438],[16.474983035749915,61.362805006482233],[16.319364842878144,61.32915831074763],[16.073736177388355,61.272794533864328],[16.058189426272349,61.269212742835748],[15.808978969754037,61.212163599642054],[15.663886869129669,61.153129426854548],[15.421400337707666,61.00803732623018],[15.343769772892074,60.962860649968036],[15.2985930966301,60.913419472753162],[15.081326878622519,60.714917671113653],[14.97203833263336,60.681482562233384],[14.788207223506049,60.594489978101024],[14.712890727021204,60.572967949590918],[14.455811267294337,60.497651453106073],[14.316058695883783,60.459414107604459],[14.277821350382112,60.44900374370394],[14.213782057059007,60.433612159783138],[13.928334225318736,60.336752705045399],[13.767435477258061,60.306997002073786],[13.525490984256805,60.229210072983278],[13.483822947613305,60.214038923461374],[13.257049604134124,60.136273839576461],[13.139343898812399,60.104971285303748],[12.886290280597279,59.987265579982193],[12.79107239024853,59.942856920743509],[12.746663731010074,59.923584751498879],[12.611732567228501,59.852334416200449],[12.455258238925524,59.768285198942635],[12.236277857886137,59.657024850752634],[12.122922359487234,59.590235205256818],[11.912758530487224,59.476879706858085],[11.785148719477377,59.417622972142738],[11.725891984762029,59.392363997283667],[11.584507347474357,59.335495069570413],[11.423042320746504,59.26934349774973],[11.215506111637978,59.187926417658957],[11.053427681945095,59.128572263427031],[10.734181575139246,58.995555170359353],[10.705120238514041,58.984096536276525],[10.691238464560968,58.980375607687108],[10.650338276019397,58.966493833734205],[10.309630442809464,58.851597756314675],[10.194734365389991,58.80663819620122],[9.9873907149539036,58.759150183297891],[9.9003610714661363,58.750481254534122],[9.6843484922660537,58.681046910569364],[9.5034527650880136,58.637003687788138],[9.3265987015949463,58.608744043063041],[9.1739626191420029,58.576267789911412],[9.0823349259770225,58.547735653775192],[8.8317286900761474,58.456107960610098],[8.7065882592116282,58.413096447416535],[8.6635767460180659,58.394556037451537],[8.5588518610679785,58.351383075660181],[8.3427165730942647,58.266582260409791],[8.1531908728939584,58.182973674441257],[8.0040396622925414,58.094873298087577],[7.7674556984560468,57.94572208748599],[7.6885414430782362,57.899985644178003],[7.6428049997700782,57.8753979661534],[7.473778451299097,57.776695539015236],[7.3627168393795728,57.715424374752786],[7.1324191266459707,57.558335003743423],[7.075164388345172,57.492590952662908],[7.0275751972340004,57.43533621436211],[6.8236290850191494,57.233740382865051],[6.6220332535220905,57.094837876980876],[6.5248585254248042,57.022125069335459],[6.4358456085499256,56.924950341238002]]},"properties":{"OBJECTID":53,"Id":53,"Contour":240,"Shape_Length":173.06464599296254}},{"type":"Feature","id":54,"geometry":{"type":"LineString","coordinates":[[19.222467935535633,46.876445024844543],[19.053731902317736,46.899670572577804],[18.871294208498,46.953946732061581],[18.72383766591139,47.080162209295338],[18.607615879106618,47.227618751882176],[18.587439134904969,47.454149551413025],[18.578470455515458,47.520442504864718],[18.557374837872999,47.738004625006056],[18.664431891231516,47.94486694227254],[18.871294208498,48.170609469520798],[18.93080312248992,48.188881584138244],[19.371289594421512,48.238000010929568],[19.381680081622108,48.240360033656657],[19.412818203881386,48.217252375870828],[19.681844054959811,48.038168598343759],[19.892065954746045,47.750758254394384],[19.896844845756959,47.742783516016971],[19.898496079347865,47.738004625006056],[19.89779903183728,47.732271547914934],[19.892065954746045,47.645460798676766],[19.863948151665454,47.255736554962709],[19.863726585351401,47.227618751882176],[19.623080158166943,46.98621867533717],[19.381680081622108,46.839469993323917],[19.222467935535633,46.876445024844543]]},"properties":{"OBJECTID":54,"Id":54,"Contour":180,"Shape_Length":4.3414996680702966}},{"type":"Feature","id":55,"geometry":{"type":"LineString","coordinates":[[28.979876250484494,28.442476866787615],[29.079011670978161,28.515000076598881],[29.255797616349582,28.676941374046464],[29.407319081620869,28.853727319418056],[29.50388097010466,28.939243893415664],[29.589397544102042,29.047119658680629],[29.719838301480991,29.233672435163044],[29.784610181848109,29.364113192542163],[29.92971732548682,29.534179284281322],[30.099783417226149,29.78996157136686],[30.131117815163805,29.843164667728217],[30.145038100467445,29.874499065666043],[30.243503407978778,30.018219056418673],[30.336979350718593,30.147689005297707],[30.465418893977926,30.384884938790151],[30.530076788139922,30.464977441000315],[30.610169290350029,30.561650525915297],[30.763144371957253,30.742295730307035],[30.916588130970354,30.895270811914031],[31.016063722922979,30.999762252465189],[31.120555163474137,31.085214178387503],[31.332760890308236,31.193450958203869],[31.507022167505966,31.281737815945917],[31.630941036598074,31.344657637487444],[31.683344381741279,31.353253339894934],[31.885964659981767,31.405656685038139],[32.089177175671921,31.457806419088172],[32.141326909722125,31.472909337635258],[32.22195867332357,31.486288448639584],[32.532196643978978,31.525172823905166],[32.651712782846062,31.547032926935515],[32.823011189359534,31.576955091551611],[32.971276059614013,31.596479281394068],[33.162098655970112,31.633475600203951],[33.405003717613454,31.673137496518905],[33.443637814843783,31.687195843911979],[33.672484529094049,31.740135108231243],[33.775354093373494,31.813172993882745],[33.908426743505402,31.916042558162076],[34.101870597391098,31.997042362989077],[34.182870402217929,32.027711692690502],[34.437029115980579,32.172269717523477],[34.440993522014253,32.174165677958172],[34.693256275342037,32.301989918478625],[34.767549287572194,32.352135419055969],[34.909486017080553,32.426428431286126],[35.118587071242814,32.511483508509457],[35.203642148465917,32.535847359078844],[35.36890618664961,32.591692469469763],[35.499426734835538,32.641029718040613],[35.714028021590025,32.705266196092794],[35.907464924018541,32.743377401981718],[36.068106358286741,32.780506767982843],[36.224413894714132,32.813109310042478],[36.336872963445444,32.824355235678752],[36.698500068293299,32.90051460486535],[36.734799767838012,32.904956148347139],[36.767410351650369,32.904203720597877],[37.143498772817793,32.936814304410063],[37.237388224570793,32.94461172080139],[37.24518564096212,32.946453526347511],[37.257492779034521,32.949121442482635],[37.716941574274585,32.975444244221478],[37.755571514086,32.988100792693672],[37.814635233473723,32.995878023797729],[38.189010663721035,33.013761027899136],[38.265957387210108,33.026060608355806],[38.398234283438853,33.069091200638809],[38.573867368164258,33.139290196579964],[38.776343260333988,33.192075707381093],[38.986758571598557,33.236784866269602],[39.116481969139613,33.276953013215632],[39.286729133458095,33.319430065458505],[39.397005040591807,33.336924270400459],[39.765370369501227,33.415455540453365],[39.797115006582032,33.42098913000757],[39.817985754560027,33.42632942955629],[39.891049577026365,33.447200177534114],[40.219806120819499,33.534894936420699],[40.307500879706083,33.562183278841644],[40.420084663083685,33.559783960911716],[40.726822520587461,33.538264409776673],[40.81788675283002,33.536128749164618],[40.94619391438448,33.575507339088574],[41.158815327188108,33.616657476300077],[41.328272625954071,33.689007039007322],[41.499089244178094,33.786769432434028],[41.746288684166245,33.957586050658051],[41.809381789720931,33.986862760015299],[41.838658499078008,34.001760626084774],[41.873909244488857,33.9928367960689],[42.269246387792862,34.037384035067305],[42.349044372202059,34.026312422818592],[42.427990537846142,34.036532216302248],[42.802541551748789,33.957586050658051],[42.849375983545883,33.947531788877939],[42.859430245326166,33.948303283239284],[42.866261291153648,33.950755004830569],[42.879846032004821,33.957586050658051],[43.13182057209599,34.195581597012108],[43.369816118450103,34.411150044291048],[43.400072528574071,34.437715513658134],[43.44048823384702,34.467971923782102],[43.680935386489011,34.667238528867244],[43.880201991574154,34.800703698633754],[43.98585720192284,34.872702586557352],[44.186445665669225,34.978357796906039],[44.311949480726014,35.056996180878116],[44.390587864698091,35.082053868367666],[44.616174322903305,35.263157211824762],[44.86776504594468,35.488743670030146],[44.878358343364027,35.511359064488261],[44.900973737822142,35.530588821115089],[45.122025464041201,35.778077816935024],[45.36482539296918,35.999129543154197],[45.391800956672284,36.018688197427991],[45.411359610946079,36.030354799015015],[45.660112955244131,36.260762071980025],[45.881371620248387,36.509515416278134],[45.901791279702707,36.529469620645386],[45.921745484069959,36.556519909026349],[46.110388245146851,36.831258528325293],[46.202729827132032,37.019901289402185],[46.257298928143769,37.194733718452312],[46.30002865186151,37.398184457193565],[46.335307463588379,37.530287162526122],[46.334844844344104,37.627573675376084],[46.335330298632812,37.943871977088747],[46.33486413242656,38.040673035650002],[46.344048980394973,38.128755412449152],[46.43108595311412,38.550013504694164],[46.431217231536777,38.55105890877411],[46.431348060582138,38.551842205386038],[46.432131357194066,38.55474145723781],[46.563832519339144,38.929743619752969],[46.606192068001292,39.06144478189799],[46.653852962416181,39.283166387120332],[46.664267524249567,39.339694487966597],[46.718231659669357,39.571830655022097],[46.738986713540669,39.775361171799602],[46.755334347056703,39.895033644884734],[46.775660893921383,40.082216528146205],[46.78294223154046,40.241791526923691],[46.803069621405484,40.453154792357623],[46.810066233430177,40.592602401270085],[46.805037501307538,40.730082130280721],[46.798193732045149,40.958664776121168],[46.792841418513035,41.102988274394193],[46.772571733416783,41.272933771295243],[46.757229388522148,41.428086305722104],[46.734082480295228,41.613374147518073],[46.690947237006469,41.86494414082955],[46.689790784128149,41.871033574452156],[46.648344852054777,42.12376002064218],[46.614852447371902,42.306481110820016],[46.584883308321309,42.481393942638988],[46.557444534676449,42.63414589376606],[46.535144731564458,42.737159268136509],[46.458119760238219,43.118543363846015],[46.452626580454478,43.144531766890168],[46.448559941958479,43.16096035165458],[46.432131357194066,43.231017201238103],[46.332910171433525,43.555696454253564],[46.30220831762864,43.654917640014105],[46.228137715837022,43.858911281371149],[46.20115358139401,43.934325737338099],[46.115879739375828,44.165303513138156],[45.997713739617552,44.241271768685579],[45.921745484069959,44.309925420871878],[45.770061102167404,44.524005004359481],[45.713964589656882,44.675689386262093],[45.607137428798751,44.871467204114765],[45.411359610946079,45.084523359515742],[45.364236814989738,45.138952463429803],[45.343820285958088,45.186075259386143],[45.242144578841931,45.355290291490292],[45.186678301216489,45.471779822780491],[44.928959129995917,45.69646113251008],[44.914883668096252,45.710371062784191],[44.900973737822142,45.731925057722719],[44.733775233933898,46.039648501745887],[44.463441008510472,46.206847005634131],[44.412006357317921,46.228265498254018],[44.390587864698091,46.23674779483116],[44.291573405682925,46.305861464649126],[44.11673558376657,46.443380597826774],[43.880201991574154,46.533621850372299],[43.771067111562161,46.608097998746246],[43.716670035921993,46.717232878758068],[43.559149737573648,46.906566497881784],[43.369816118450103,46.962286905755491],[43.125439879203725,46.983242512635798],[43.102291447482742,46.984757549725543],[42.859430245326166,47.004818691774801],[42.662034532570431,47.03022303912644],[42.543552523844539,47.033110600239695],[42.349044372202059,47.05390728312409],[42.094031411432979,46.97260579111304],[42.093624481572135,46.972652769388162],[42.092593274823344,46.971167654503404],[41.873601080256776,46.717232878758068],[41.85953581923917,46.696355558597077],[41.838658499078008,46.690410660769373],[41.812547435950137,46.691121815630197],[41.353196889470837,46.692308615241359],[41.328272625954071,46.692955628415916],[41.304580853622554,46.693541106426721],[40.83918318686051,46.695936444727579],[40.81788675283002,46.696443007693745],[40.797637381810773,46.696983507738821],[40.324893824807134,46.699839933657017],[40.307500879706083,46.700285882409958],[40.279174885066425,46.68890688411858],[39.843228328566397,46.671119556773874],[39.797115006582032,46.596263375801698],[39.756514495218823,46.67663236739503],[39.302738520088724,46.70122349212744],[39.286729133458095,46.708034765356103],[39.272133694373565,46.702637439673538],[38.903752838665582,46.717232878758068],[38.794313206942093,46.735202825366116],[38.776343260333988,46.737937485967564],[38.751283009276221,46.742293129816005],[38.360153642388241,46.811429133936372],[38.265957387210108,46.827684470369377],[38.126274256350939,46.856916009617407],[37.936303309152606,46.897964673824845],[37.755571514086,46.93514074084203],[37.560037701064232,47.03208493886018],[37.40284309953546,47.069961293308609],[37.24518564096212,47.125369532621221],[37.153129454649388,47.135562565569387],[36.759888449150367,47.202530070569765],[36.734799767838012,47.205622906792996],[36.710567477300685,47.203386461344792],[36.255343539142132,47.196689107453949],[36.224413894714132,47.193301004165164],[36.199247291532629,47.202452148700672],[36.126118378694969,47.227618751882176],[35.804864022047298,47.318454752339221],[35.714028021590025,47.341014438637671],[35.462956533432873,47.478690240039327],[35.457925241717362,47.481901845133393],[35.203642148465917,47.575012627091212],[35.042322580149118,47.576685056689257],[34.816785753903105,47.614475146444988],[34.693256275342037,47.616227692534039],[34.591176317575162,47.635924667239181],[34.219520838202527,47.701354189021629],[34.182870402217929,47.708228466611672],[34.150989765040492,47.706123987828562],[33.798641756284098,47.611847397816007],[33.672484529094049,47.606475921113486],[33.541288741835615,47.606808837747792],[33.24765068182802,47.652452599148148],[33.162098655970112,47.652747830753526],[33.071897562683773,47.647803531719717],[32.803691943762828,47.586025464089289],[32.651712782846062,47.580304312225053],[32.47807013225605,47.564361974416045],[32.30165747938014,47.577674055348041],[32.141326909722125,47.556307418364383],[31.984747250622434,47.581424965906535],[31.76043728741422,47.60850837418991],[31.630941036598074,47.627907926660612],[31.531955112280002,47.639018700688041],[31.197120295628508,47.661439492851684],[31.120555163474137,47.669361178995871],[31.057890852618414,47.675340314150503],[30.633148963008466,47.715024952347619],[30.610169290350029,47.717209641194017],[30.591458451365213,47.719293786021183],[30.45093250374174,47.738004625006056],[30.142646106366897,47.780867314146803],[30.099783417226149,47.784326959518069],[30.048605098079292,47.789182944152742],[29.667606306620485,47.816213387524499],[29.589397544102042,47.824037289232535],[29.49582578115286,47.831576387955408],[29.192872013296778,47.851864967324843],[29.079011670978161,47.861314209205716],[28.945436823717557,47.871579472266433],[28.710370025663565,47.879748852815737],[28.568625797854054,47.891682880856195],[28.385922005374823,47.920708417485343],[28.260669453676257,47.94043415395231],[28.058239924730003,47.972699067396093],[27.821356321819906,48.011506895220066],[27.7673147104029,48.028929839333273],[27.547854051606066,48.076226166016681],[27.411670581470617,48.112207027994714],[27.048310733116182,48.237547943496111],[27.037468178481959,48.240803524312241],[27.032182838687163,48.243105158335368],[27.021788054825606,48.248390498130163],[26.679431172880811,48.400739365652839],[26.527082305358078,48.482239976133144],[26.360315490339701,48.592009556235723],[26.114951903046517,48.758776371254044],[26.05435788297865,48.796437821998722],[26.016696432233971,48.823203693406697],[25.765286293291695,49.017752105435704],[25.724372688314361,49.051100115173881],[25.506310559110091,49.227878838979564],[25.4839501529367,49.24680183820476],[25.459397710310498,49.269162244378151],[25.228968430613008,49.50220598900512],[24.995924685985983,49.701701345070774],[24.95267557789083,49.736299009406878],[24.90191081526541,49.779548117502031],[24.702134073201933,49.996143377842088],[24.485538812862103,50.186834707288142],[24.431082418178903,50.235477595942939],[24.375616660835931,50.289933990626139],[24.210520099212204,50.52530115010012],[23.975152939737995,50.78371411388315],[23.967473562446401,50.792640486458481],[23.962793815579062,50.800319863750019],[23.956639478001932,50.81883332548631],[23.894542153309658,51.230094950445789],[23.847743310886813,51.310705736874127],[23.726184322332472,51.55967435427965],[23.721575177303464,51.567513847563532],[23.638137521709325,51.821091609998064],[23.598345665805141,51.954670209189317],[23.489105336814703,52.30713921292147],[23.481719436930518,52.331477483122114],[23.479794263127701,52.346504679635586],[23.464767066614115,52.425344705976727],[23.374450815850082,52.751547105482018],[23.340369956251266,52.841863356246051],[23.295957792839829,53.010672630020281],[23.271247722027397,53.15872988478344],[23.205046581683234,53.352249229370102],[23.136399475841131,53.534267511721055],[22.954381193490008,53.809835380097809],[22.927265534461299,53.83551944346533],[22.883311783986812,53.86263510249421],[22.584278457159087,54.002918239287169],[22.443995320366071,54.055583219404525],[22.198706516434811,54.107923906425356],[22.182872364547904,54.111898019799924],[21.93360944724202,54.160233909440024],[21.764831150021905,54.204242678397975],[21.521342743756179,54.274901805979823],[21.423223574118083,54.301709961917652],[21.34425766079255,54.294055062292557],[21.029069839660394,54.256788836951898],[20.912837700994032,54.246040544321033],[20.737804696558953,54.197987971183068],[20.601054487688828,54.174418315799187],[20.402451827870095,54.102018471689973],[20.25436370246365,54.010723227900485],[20.002589560112824,53.973158707860989],[19.892065954746045,53.935581442137618],[19.830634635968522,53.924066421271505],[19.468095728070864,53.86263510249421],[19.396135933925564,53.848179250190583],[19.381680081622108,53.845958068940604],[19.362893935490604,53.843848956362706],[18.958939066251276,53.774990244740991],[18.871294208498,53.766361062057001],[18.748116317687163,53.739457211683202],[18.530142395068196,53.693401042799906],[18.36090833537412,53.655757973988557],[18.20312290702924,53.510034657714812],[18.161466903747453,53.352249229370102],[18.007611755197729,53.195159936422385],[17.850522462250012,53.132023145826395],[17.64126587321141,53.051119945284825],[17.402497522082683,52.841863356246051],[17.387896337769121,52.794103607603176],[17.340136589126132,52.756787995597676],[17.212742787538161,52.714469554658081],[17.022467576758743,52.649146495489333],[16.829750716002025,52.587226116195836],[16.642245558606987,52.518982640516981],[16.389369512511905,52.401482152755875],[16.319364842878144,52.371941502981201],[16.271382006185718,52.379460319814314],[15.925303473852523,52.4478019872206],[15.808978969754037,52.46434836390597],[15.715574605704546,52.424881847171605],[15.4961874448461,52.331477483122114],[15.363361075645855,52.266709504106416],[15.2985930966301,52.235294402715567],[15.140663779115698,52.173548165607713],[14.998603700736851,52.121081005891313],[14.788207223506049,52.032759505301215],[14.647061616683118,51.962237216821165],[14.403355935619061,51.821091609998064],[14.315506638437625,51.78340632194255],[14.277821350382112,51.766239046812757],[14.182844855614235,51.726115115230357],[13.947609522458606,51.640917564797633],[13.767435477258061,51.547059508724828],[13.622669950334341,51.45547126379779],[13.409715215078904,51.310705736874127],[13.316811342764424,51.250943998243827],[13.257049604134124,51.212585140020565],[13.005702043892825,51.051667423991319],[12.982483180348083,51.036139313088086],[12.746663731010074,50.879813776326671],[12.700002719212023,50.84698087554824],[12.63579142296976,50.800319863750019],[12.406320564444229,50.630277157191983],[12.236277857886137,50.499015197123924],[12.118647108158143,50.407564740354132],[11.971256014552694,50.289933990626139],[11.84111260994905,50.174713365439118],[11.725891984762029,50.06565734460446],[11.576395472046443,49.929044630217675],[11.400649386335601,49.779548117502031],[11.316262705126576,49.678791524013604],[11.215506111637978,49.551946686168947],[11.110050120250264,49.374618235765809],[11.049564997265634,49.269162244378151],[10.962020395247464,49.015676527987466],[10.961216991439812,49.01306549145238],[10.862671355637815,48.758776371254044],[10.806273299723557,48.657623310044755],[10.705120238514041,48.492731367670046],[10.621130484649882,48.332380251994323],[10.57196421234562,48.248390498130163],[10.41957552580385,48.023549337716418],[10.227405464953279,47.770675724569401],[10.202981185991689,47.738004625006056],[10.199589423006159,47.73314956738983],[10.194734365389991,47.725074271188873],[9.9958922902616223,47.426460827010487],[9.8466072551220805,47.227618751882176],[9.7878388369894651,47.124128407158764],[9.6843484922660537,46.909874925407166],[9.6195630448905831,46.782018326133539],[9.5976213229738505,46.717232878758068],[9.5851326900927916,46.618017076584806],[9.538627083252095,46.352568414648147],[9.5222440259908581,46.206847005634131],[9.4973228951988062,46.019821408566713],[9.4746959281350769,45.906113696641228],[9.4506988652455561,45.69646113251008],[9.3993622434367126,45.471061508215541],[9.3802549298760027,45.39236757012003],[9.332104193951352,45.186075259386143],[9.3035212458219121,45.056516632706234],[9.2093989298629708,44.711125696983061],[9.2008868157828942,44.675689386262093],[9.1976291927658735,44.652022812638393],[9.1739626191420029,44.510789909955292],[9.1144108744405798,44.224855257839351],[9.1059614417908961,44.165303513138156],[9.1039956152523587,44.095336509248341],[9.0906014889139897,43.738278770242061],[9.0883042817197293,43.654917640014105],[9.091044691847344,43.571999712719446],[9.0995455806457812,43.21894880538656],[9.101962689670529,43.144531766890168],[9.1041173025573698,43.074686450305364],[9.1174412541411698,42.690667258767064],[9.1191979099706941,42.63414589376606],[9.118291457118346,42.57847473174246],[9.1280205810891744,42.169702058694952],[9.1272089909040801,42.12376002064218],[9.1265848038569857,42.076382205356992],[9.1362444836712484,41.651092282988998],[9.1357100524626276,41.613374147518073],[9.1282262999103523,41.567637828286479],[9.075393465123625,41.201557428412514],[9.0585025001278723,41.102988274394193],[8.893727159418745,40.872837860993343],[8.6635767460180659,40.767792603840178],[8.5854996861739892,40.670679461114162],[8.5519065500636202,40.592602401270085],[8.4281897782670967,40.357215433519116],[8.4174882591283335,40.328305015035937],[8.1621014605691471,40.082216528146205],[8.1584047407848175,40.077002660255346],[8.1531908728939584,40.069679938519698],[7.9778415578264799,39.747179970089746],[7.8752135425445431,39.571830655022097],[7.7804695201511436,39.434166134641032],[7.6428049997700782,39.219514391040718],[7.589296023223369,39.114953758444926],[7.5689502381014222,39.06144478189799],[7.4959539121928174,38.914593694320899],[7.4212542513481026,38.772609657196085],[7.3231486420646661,38.55105890877411],[7.259289383305088,38.424188652114992],[7.1324191266459707,38.082388624818236],[7.1223636845664373,38.050728477729706],[7.1204667395915067,38.040673035650002],[7.1189746508678127,38.027228559871844],[7.0315331768532019,37.631173112319061],[7.0227983402335212,37.530287162526122],[7.0361565151050058,37.434024550985157],[7.0409811447321999,37.111339271315956],[7.0511811623268272,37.019901289402185],[7.0765323601160617,36.964014522872105],[7.1324191266459707,36.823427642744434],[7.2205300778500145,36.597626367482121],[7.2559292193427609,36.509515416278134],[7.4145487711363103,36.281259187644366],[7.6428049997700782,36.043880356684269],[7.6761330698712982,36.032457613255247],[7.7556519009045815,35.999129543154197],[8.0231452096620046,35.869083879922016],[8.1531908728939584,35.807052287435738],[8.3546282443125506,35.797692171735605],[8.4670087588654042,35.802561556001592],[8.6635767460180659,35.791528552784598],[8.8388244647181295,35.823881824453963],[9.0785561822718819,35.903723106283962],[9.1739626191420029,35.926382636720518],[9.231779835488112,35.941312326808088],[9.3690076903085924,35.999129543154197],[9.5755836902864644,36.107894345133616],[9.6843484922660537,36.201399163493761],[9.8825660036589511,36.311297904885237],[10.111806683421491,36.509515416278134],[10.154648328851636,36.549601452816603],[10.194734365389991,36.595983159181856],[10.24656869047493,36.561349741362903],[10.358291535541468,36.509515416278134],[10.591523391760745,36.395918569524781],[10.705120238514041,36.357435912170729],[10.892205003716413,36.186214308356398],[11.172857036431196,35.999129543154197],[11.201222340444758,35.984845771960806],[11.215506111637978,35.978996881796093],[11.268334614075457,35.946301040716719],[11.514858554370619,35.788096112762616],[11.725891984762029,35.672255113623919],[11.831270855774619,35.59412254104268],[11.99427125735599,35.488743670030146],[12.151599609100799,35.404065421244809],[12.236277857886137,35.36630963241555],[12.486459014244247,35.228538953264319],[12.505048969252186,35.219972558663926],[12.746663731010074,35.101497564357828],[12.820856394883378,35.052550460779571],[12.950776694824981,34.978357796906039],[13.156385634988567,34.877693827760652],[13.257049604134124,34.837221884398843],[13.507568551001953,34.71849087064993],[13.523629387144751,34.711778013895412],[13.767435477258061,34.604683845872501],[13.863398742579705,34.563935189103972],[14.105726946429854,34.467971923782102],[14.228518767546632,34.418669340946622],[14.277821350382112,34.398041551108236],[14.386364297027626,34.359428977136417],[14.60756826497078,34.287332965246662],[14.788207223506049,34.216838231089412],[14.988949139667852,34.158327966820025],[15.157663716700995,34.098515430587156],[15.2985930966301,34.053222190057625],[15.376199073099599,34.035192027127664],[15.624769480249029,33.957586050658051],[15.761324688912623,33.909931769816637],[15.808978969754037,33.887793794374318],[15.925282867361602,33.841282153050486],[16.124667539843642,33.762888747623776],[16.319364842878144,33.683258023947587],[16.501340098494211,33.629175433150181],[16.712957488969835,33.563993404566304],[16.829750716002025,33.528698788404881],[16.893666954580624,33.51111641611277],[17.073142878540068,33.447200177534114],[17.264312171202334,33.371375759610316],[17.340136589126132,33.338936978648348],[17.515079280771374,33.272257485888872],[17.632443949339972,33.229121664623904],[17.850522462250012,33.14226159762552],[17.993492582229351,33.079784424389345],[18.328808267814679,32.936814304410063],[18.350412981205579,32.926318950241694],[18.36090833537412,32.921233804519602],[18.39977007312973,32.897952566654396],[18.663994718245874,32.729514814158108],[18.871294208498,32.627036522021115],[19.011882860723176,32.567017083511246],[19.361244365941729,32.446864146966504],[19.381680081622108,32.439098911108431],[19.390389079789713,32.435137429453732],[19.413477676505636,32.426428431286126],[19.737698487254875,32.272060963794843],[19.892065954746045,32.212044421947439],[20.062752929594183,32.086729533010214],[20.330698031220493,31.916042558162076],[20.364336270140143,31.877927000432123],[20.402451827870095,31.830420926911927],[20.542270369187008,31.545475226355052],[20.636452673810709,31.405656685038139],[20.742228623542644,31.23504760758675],[20.912837700994032,31.002488625665308],[20.957058490840268,30.939491601760324],[20.999104373891043,30.895270811914031],[21.195563110469266,30.667610348265384],[21.423223574118083,30.44807726759467],[21.450249832769373,30.411911197441441],[21.466322299390299,30.384884938790151],[21.509961941392362,30.298146571515701],[21.604140867692649,30.05541635924061],[21.750059145693854,29.874499065666043],[21.835776879915556,29.776666498339637],[21.93360944724202,29.660949378656824],[22.064974647266354,29.495478392566326],[22.198058193468967,29.364113192542163],[22.319269688107738,29.239387560283944],[22.443995320366071,29.114834411780691],[22.572029557069641,28.981761556121796],[22.648982281734447,28.853727319418056],[22.756373588788108,28.655719714716156],[22.954381193490008,28.484554761660945],[23.037121943417446,28.426082196221614],[23.166616898772645,28.343341446294176],[23.342960456335049,28.22153483601511],[23.464767066614115,28.144749894002928],[23.714813384227625,28.083001890783578],[23.727619019096721,28.080489493811513],[23.975152939737995,28.024143189757126],[24.107964520351686,27.965767153783759],[24.436101240608195,27.832955573170068],[24.472845006972989,27.820261767281011],[24.485538812862103,27.819115672800706],[24.500298090406773,27.818196295625398],[24.635521805873054,27.832955573170068],[24.955604493448732,27.873275765707376],[24.995924685985983,27.876905484879671],[25.034123066790585,27.871153953974613],[25.322398694555204,27.832955573170068],[25.491105593889301,27.817750607949506],[25.506310559110091,27.821020189103422],[25.5193253161857,27.819940816094459],[25.562273719202096,27.832955573170068],[25.914962553702651,27.934689451701615],[26.016696432233971,27.931720317813017],[26.103598709723826,27.919857850659696],[26.315974001217683,27.832955573170068],[26.427156244555135,27.733029512367295],[26.527082305358078,27.61456506128917],[26.711704949299758,27.648332929228218],[26.882401974447191,27.677889369135301],[27.037468178481959,27.705787551836011],[27.16063822327817,27.709785528373914],[27.390064252453669,27.675165774017842],[27.547854051606066,27.678742673496345],[27.661566427883145,27.71924319689299],[27.934387981819498,27.832955573170068],[28.021968928244064,27.869226569656007],[28.058239924730003,27.882405571948311],[28.162439125287506,27.937154773727627],[28.363022936229584,28.038558434794595],[28.568625797854054,28.156037296972386],[28.678897047675719,28.233070196472511],[28.814407168258299,28.343341446294176],[28.979876250484494,28.442476866787615]]},"properties":{"OBJECTID":55,"Id":55,"Contour":180,"Shape_Length":108.8179861183342}},{"type":"Feature","id":56,"geometry":{"type":"LineString","coordinates":[[23.808365442374395,46.717232878758068],[23.582352176068866,46.834817988212819],[23.464767066614115,46.885378668033866],[23.362599800656142,46.819400144715985],[23.249853964447709,46.717232878758068],[23.250580092416499,46.503045904560452],[23.295889591010791,46.375724481237285],[23.297082166322355,46.206847005634131],[23.322859908721625,46.064939847741698],[23.464767066614115,45.989129326678267],[23.539265276853428,46.132348795394648],[23.590201098049135,46.206847005634131],[23.682176099237267,46.424256038257511],[23.704362844415073,46.477637100957281],[23.808365442374395,46.717232878758068]]},"properties":{"OBJECTID":56,"Id":56,"Contour":120,"Shape_Length":2.2866159729601772}},{"type":"Feature","id":57,"geometry":{"type":"LineString","coordinates":[[27.300399151294073,33.18426920472217],[27.547854051606066,33.241518853085665],[27.702653458080249,33.292400771059931],[28.016121053012,33.405081305815941],[28.058239924730003,33.419581993486474],[28.077662376252817,33.4277777260113],[28.119825454158104,33.447200177534114],[28.426075762724508,33.589750212663716],[28.568625797854054,33.662505151466689],[28.768003382883876,33.758208465628229],[29.009321360030469,33.887895739710586],[29.079011670978161,33.924047384556104],[29.098516509465981,33.938081212170232],[29.127146127770459,33.957586050658051],[29.396945371722666,34.150038223037427],[29.589397544102042,34.283487643378635],[29.703741460510628,34.353628007373572],[29.905769972253438,34.467971923782102],[30.025347901160046,34.542407439848205],[30.099783417226149,34.586521106771841],[30.305996314896333,34.674184821452457],[30.37349081129355,34.704650402838638],[30.610169290350029,34.796473115684535],[30.750906669792926,34.83762041746337],[31.038576454542692,34.896379087974765],[31.120555163474137,34.917287532209571],[31.180024156304057,34.918888804075948],[31.555481494533922,34.902898254842057],[31.630941036598074,34.904672449331713],[31.710607701950323,34.898691131553903],[32.023713280339621,34.860744167523706],[32.141326909722125,34.852752553496089],[32.27187610034332,34.847808606284843],[32.507033026823308,34.833678040883285],[32.651712782846062,34.828446320526666],[32.801511530392418,34.828559049359853],[33.009991776005791,34.826250916941831],[33.162098655970112,34.826362709512239],[33.30617476534195,34.834281687534201],[33.545110713096506,34.850983980908666],[33.672484529094049,34.85818606048764],[33.779143233024115,34.871699092975973],[34.148213365481354,34.943700760169406],[34.182870402217929,34.948659142351403],[34.209283137300076,34.951945061824119],[34.329367138322425,34.978357796906039],[34.609860548549136,35.06175352369911],[34.693256275342037,35.091801850798902],[34.921426385459768,35.206527907023769],[34.959512183672189,35.222487761699995],[35.203642148465917,35.394976077418733],[35.252941029216061,35.439444789280174],[35.308140420052212,35.488743670030146],[35.530932541935442,35.671839149684729],[35.714028021590025,35.816963377800164],[35.810386653234332,35.90277091150989],[35.932986952073065,35.999129543154197],[36.072672074958632,36.15087136290947],[36.224413894714132,36.306182033556013],[36.32979380270001,36.404135508292029],[36.472473347238974,36.509515416278134],[36.595418034409249,36.648897149706897],[36.734799767838012,36.83616579952394],[36.846208947675677,36.908492109564577],[37.242711546892963,37.017427195333028],[37.24518564096212,37.01843895553543],[37.245994541750747,37.019092388613387],[37.247228537040883,37.019901289402185],[37.247939364409945,37.022655012850066],[37.276010429658754,37.49946237382926],[37.289811319257865,37.530287162526122],[37.569836960338307,37.716021716273985],[37.755571514086,37.917699055423611],[37.79670448736681,37.99954006236942],[37.816691335466544,38.040673035650002],[37.918505300050185,38.203606821614187],[37.991267065949557,38.315363356910552],[38.119321748267737,38.55105890877411],[38.169511050405163,38.647505245579055],[38.265957387210108,38.870004938656336],[38.31949938066748,39.007902788440674],[38.344921842697204,39.06144478189799],[38.379508152324661,39.17499554701277],[38.44013814198604,39.397649900246165],[38.498357366736514,39.571830655022097],[38.476555780070726,39.782429047882545],[38.468555297920034,39.879618617436108],[38.448372733952056,40.082216528146205],[38.392526535319234,40.208785676255275],[38.265957387210108,40.547411174460194],[38.25415970387354,40.580804717933518],[38.249539933891867,40.592602401270085],[38.233552535698834,40.625007252781359],[38.086750804256383,40.923781691440468],[37.997629523642729,41.102988274394193],[37.915519177710053,41.262935938018018],[37.755571514086,41.589735599258631],[37.74745821396732,41.605260847399393],[37.743880727503665,41.613374147518073],[37.736904409148849,41.632041252455281],[37.603392575708369,41.971581082264379],[37.549953093335603,42.12376002064218],[37.475852349034483,42.354426728714373],[37.454931039257815,42.424400495470366],[37.389783766178539,42.63414589376606],[37.359324044955372,42.74828429775954],[37.258974641390353,43.130742766461765],[37.255320791096381,43.144531766890168],[37.253669634473397,43.153015760401445],[37.24518564096212,43.195344327414887],[37.169938832262403,43.579670831314388],[37.155303619556491,43.654917640014105],[37.140221123068159,43.759882157908066],[37.104313652235874,44.024431524411909],[37.083691668489621,44.165303513138156],[37.066154707610963,44.344334446489142],[37.054224083601866,44.484727828901839],[37.034972485043397,44.675689386262093],[37.014159942438823,44.906715084785333],[37.013023139077347,44.953912757501428],[36.988836702605226,45.186075259386143],[36.981629022959055,45.432904514507186],[36.980100779905001,45.451160120443262],[36.972136493522044,45.69646113251008],[36.752383269700545,45.714044634372783],[36.734799767838012,45.714665906933817],[36.718661216862074,45.712599683486189],[36.667608408840806,45.69646113251008],[36.589682886466562,45.55134425113863],[36.578944757094746,45.34193027012941],[36.388741014375967,45.350402379048035],[36.224413894714132,45.273946110297118],[36.182317495185032,45.228171658915244],[36.05523001137567,45.186075259386143],[35.883129350352647,45.016973930623521],[35.714028021590025,45.003495004466458],[35.508155453408904,44.980202691205022],[35.353944962708226,45.035772445143834],[35.203642148465917,44.979810619105251],[35.118285432554046,45.100718543474102],[35.095281175702439,45.186075259386143],[34.777605187763868,45.270424171807804],[34.693256275342037,45.293804825005509],[34.448169754449737,45.431161780278273],[34.431933939107466,45.43513879627551],[34.42684881608136,45.452482718646877],[34.281661643625625,45.69646113251008],[34.238926784572186,45.752517514864337],[34.182870402217929,45.778906584424476],[34.118567747652321,45.760763787075746],[34.039374211200311,45.69646113251008],[33.869919293647285,45.499026367956844],[33.672484529094049,45.447315750693122],[33.452514928915321,45.476491532331352],[33.369682519432388,45.488877269047975],[33.162098655970112,45.517243950891441],[32.993703858251649,45.528066334791788],[32.810932124708245,45.537241790648068],[32.651712782846062,45.547207528688716],[32.512787994805649,45.557536344469668],[32.259978024308509,45.577810017923696],[32.141326909722125,45.586728034643784],[32.040642230106982,45.595776452894881],[31.695279261868109,45.632122907239989],[31.630941036598074,45.638070353026706],[31.560691355998131,45.626211451910137],[31.139739366054414,45.677276929929803],[31.120555163474137,45.670565474678483],[31.10492372868157,45.680829697717627],[30.945345569775554,45.69646113251008],[30.651168610633704,45.737460452793755],[30.610169290350029,45.742050612631544],[30.561113880214975,45.745516542645134],[30.184180175480321,45.780857890764423],[30.099783417226149,45.786531482591158],[30.016603206928892,45.779641342807281],[29.67226506191156,45.779328650319599],[29.589397544102042,45.773430032919521],[29.519522701315339,45.766335975296784],[29.105533108699319,45.722982570231409],[29.079011670978161,45.720274306639908],[29.059568001796606,45.715904801691636],[28.988717207895832,45.69646113251008],[28.659596543391672,45.605490386972463],[28.568625797854054,45.580630347997669],[28.327675348280991,45.455510682937017],[28.308438013407681,45.446263043832573],[28.058239924730003,45.29367951645105],[27.999491115560147,45.244824068555943],[27.945552048779462,45.186075259386143],[27.750577260581963,44.983352050410247],[27.547854051606066,44.680166021879472],[27.546131491215021,44.677411946653137],[27.54533523412988,44.675689386262093],[27.538940407393625,44.666775742049822],[27.332367576034585,44.380789988709466],[27.183041798806585,44.165303513138156],[27.118318130155274,44.084453561464841],[27.037468178481959,43.995981066175545],[26.866205150630663,43.826180667865401],[26.654875094265492,43.654917640014105],[26.585242266357852,43.596757679014331],[26.527082305358078,43.553477316104932],[26.343670914849724,43.471506249505921],[26.244239363601707,43.427374708646539],[26.016696432233971,43.324538868005561],[25.847121697135719,43.314106501988419],[25.649022678299616,43.287243886079693],[25.506310559110091,43.277146751602572],[25.334399180122603,43.316443145877486],[25.187094198213572,43.335701279117757],[24.995924685985983,43.392095934682743],[24.816314309766597,43.475307263794662],[24.529020482714486,43.654917640014105],[24.503066794567417,43.672445621719419],[24.485538812862103,43.68953500980632],[24.236910970478846,43.916675670754898],[24.009170369423032,44.165303513138156],[23.996103460746724,44.186254034146884],[23.975152939737995,44.223928090341929],[23.785903168953382,44.486439615477252],[23.642750025820988,44.675689386262093],[23.589550742081485,44.800473061729463],[23.464767066614115,45.0453055199456],[23.39403265790088,45.115340850672908],[23.281731558671879,45.186075259386143],[23.1611830971421,45.392877163038293],[22.954381193490008,45.522785876473165],[22.767401241110974,45.373055211765006],[22.591177681268618,45.333257620288634],[22.443995320366071,45.272443268513825],[22.400248712063842,45.229821867688429],[22.337464480651818,45.186075259386143],[22.074763598178436,45.044921108449728],[21.93360944724202,44.989008137009876],[21.754929675539984,44.854369157964129],[21.495186794381993,44.675689386262093],[21.449890393500141,44.649022566879864],[21.423223574118083,44.633710996137381],[21.202067162872197,44.454532975016207],[21.164434670835135,44.424092416421161],[20.912837700994032,44.217447967431099],[20.883701841511083,44.194439372621105],[20.841797497991138,44.165303513138156],[20.612307392993102,43.955447948015149],[20.402451827870095,43.760680787160027],[20.332085919557926,43.725283548326274],[20.193802856686148,43.654917640014105],[20.05056833004835,43.49641526471197],[19.892065954746045,43.357574765453364],[19.71123132546893,43.325366396167112],[19.559282446635677,43.322134131903738],[19.381680081622108,43.297934246632053],[19.237170971717774,43.289040876794502],[18.99713693944409,43.270374497836258],[18.871294208498,43.26238949635291],[18.757407452756865,43.258418522631359],[18.420408657471512,43.204032088987617],[18.36090833537412,43.201379526791925],[18.282419446610277,43.223020655653841],[17.96574405507863,43.259753359718786],[17.850522462250012,43.309499304076382],[17.670537772627597,43.474932950391633],[17.552485827296039,43.654917640014105],[17.417245045793663,43.732026096681807],[17.340136589126132,43.779237345154058],[17.115750617888693,43.940917541900774],[16.958102837887736,44.036951391252444],[16.829750716002025,44.118189189745806],[16.796777243034001,44.132330040169961],[16.592391228207589,44.165303513138156],[16.353682341442209,44.199621011702277],[16.319364842878144,44.203859145782417],[16.290342899137102,44.194325456879199],[16.22907138964473,44.165303513138156],[15.954011531278184,44.020270951614009],[15.808978969754037,43.85626250915675],[15.729205565549705,43.734691044218437],[15.693712018193878,43.654917640014105],[15.702660074374705,43.548598744634774],[15.746765687876916,43.206745048767289],[15.752453683011026,43.144531766890168],[15.771790394559105,43.107343191695236],[15.808978969754037,43.053263876357903],[16.020235785539398,42.845402709551422],[16.317239413727066,42.63414589376606],[16.318516926612745,42.633297977500888],[16.319364842878144,42.632815712664978],[16.320969541134332,42.632541195509873],[16.766058264121739,42.570453441885604],[16.829750716002025,42.558694547789287],[16.900904155566536,42.562992454201606],[17.324117744784303,42.618127049424231],[17.340136589126132,42.619231150520307],[17.354002247350877,42.620280235541316],[17.510870515214151,42.63414589376606],[17.78311202548781,42.701556330528319],[17.850522462250012,42.767134806376532],[17.960289647779859,42.743913079295908],[18.024694535856213,42.63414589376606],[18.315031854391123,42.58826941278312],[18.36090833537412,42.58559182118114],[18.426039841877753,42.569014387262257],[18.70810143647401,42.47095312174207],[18.871294208498,42.438642924311125],[19.059036757251363,42.446403345012925],[19.180042944294655,42.432508756438608],[19.381680081622108,42.438669708318116],[19.517350279541347,42.498475695846821],[19.887849464785631,42.63414589376606],[19.887484987068831,42.638726861443274],[19.892065954746045,42.643885572429667],[19.895983704341347,42.63806364336142],[19.900384077025876,42.63414589376606],[20.318906582976922,42.550600648872887],[20.402451827870095,42.518797360633869],[20.602108459741771,42.323416652513799],[20.755306075605233,42.12376002064218],[20.831188884122184,42.042111203770162],[20.912837700994032,41.908223368075483],[21.024561541207447,41.725097987731544],[21.080913857921757,41.613374147518073],[21.171508221882618,41.361658795282779],[21.1750104376178,41.351201410894305],[21.261118507595768,41.102988274394193],[21.282306013486846,40.962070713762955],[21.339362372637936,40.676463602750061],[21.353103193207346,40.592602401270085],[21.356086002052393,40.525464829204395],[21.410265539410659,40.095174562853458],[21.410938676746184,40.082216528146205],[21.41368142977052,40.072674383798812],[21.423223574118083,40.049567070004116],[21.559286725371237,39.707893806275194],[21.62371998727815,39.571830655022097],[21.690935691387438,39.329156899167515],[21.706068209877628,39.288986019262552],[21.779769946894305,39.06144478189799],[21.811838272538125,38.939673607194152],[21.93360944724202,38.591012534531444],[21.944681913088061,38.56213137461998],[21.950079343805896,38.55105890877411],[21.960854180434524,38.523814175581776],[22.08479824862718,38.191861837035162],[22.149129487570349,38.040673035650002],[22.214775344909526,37.811453060193628],[22.226777264761438,37.747505218130755],[22.280119638709436,37.530287162526122],[22.309924813405019,37.39621665556524],[22.379107437593916,37.084789172174169],[22.393528799460569,37.019901289402185],[22.403173292758936,36.97907926179505],[22.443995320366071,36.751486198537634],[22.477835521315797,36.543355617227803],[22.481963304375142,36.509515416278134],[22.494113263605527,36.459397473038507],[22.57462665985264,36.12976088264071],[22.60614333362048,35.999129543154197],[22.705919466221303,35.750667815885322],[22.71638372554969,35.726741137970635],[22.816963981431741,35.488743670030146],[22.863498611472778,35.397861088012917],[22.954381193490008,35.245178037548442],[23.044130410149364,35.068107013565395],[23.093497532658262,34.978357796906039],[23.242257290122723,34.755848020414874],[23.439136115275858,34.493602875120359],[23.458047385992359,34.467971923782102],[23.460967465249325,34.464172322417369],[23.464767066614115,34.460160960402391],[23.704047985623049,34.196866969666985],[23.969667633266738,33.957586050658051],[23.972567684429521,33.95500079534952],[23.975152939737995,33.952905299808208],[23.994285050816529,33.938453939579688],[24.261671108052496,33.733718345848445],[24.485538812862103,33.578343547725581],[24.57083101505799,33.532492379730229],[24.744460963891242,33.447200177534114],[24.907300531298006,33.358576022846137],[24.995924685985983,33.305611097323379],[25.227694053038135,33.215430810482133],[25.260746772092148,33.201636390516228],[25.506310559110091,33.114535282617737],[25.670699609908581,33.101203355208725],[25.87205261740371,33.081458119240324],[26.016696432233971,33.069353543269472],[26.146261114459833,33.066378986635925],[26.405632908816528,33.058263700951557],[26.527082305358078,33.055429672411208],[26.666097701071124,33.075829700123109],[26.87239983290408,33.101882649988113],[27.037468178481959,33.127296152236852],[27.28115703005335,33.180503155981228],[27.300399151294073,33.18426920472217]]},"properties":{"OBJECTID":57,"Id":57,"Contour":120,"Shape_Length":64.474809656915085}},{"type":"Feature","id":58,"geometry":{"type":"LineString","coordinates":[[29.866737856285113,39.294490342839026],[30.099783417226149,39.357298310830572],[30.250768487613186,39.42084558463489],[30.511726836321429,39.571830655022097],[30.574193220522147,39.607806724849979],[30.610169290350029,39.636805087434254],[30.842041137296121,39.850344681200113],[31.058211443727487,40.082216528146205],[31.084615069402105,40.118156622218009],[31.120555163474137,40.180138645355498],[31.272886562625729,40.440271002118493],[31.354321108870181,40.592602401270085],[31.417505868244348,40.806037569623811],[31.443929655258955,40.915976893055074],[31.49473035228732,41.102988274394193],[31.50289900337782,41.231030307614219],[31.520174518522424,41.50260762944265],[31.527238594276866,41.613374147518073],[31.511004548332153,41.733310635783994],[31.488509120487777,41.981328104531883],[31.467130445672069,42.12376002064218],[31.36669016970427,42.369895026872314],[31.339992024367461,42.414709032872793],[31.222903796877233,42.63414589376606],[31.179495542403629,42.69308627269578],[31.120555163474137,42.753653874362783],[30.939279542767906,42.963256146183937],[30.71983931446232,43.144531766890168],[30.655653462249688,43.19001593878977],[30.610169290350029,43.21637247448416],[30.457122406398526,43.297578650841729],[30.326754512786351,43.37150286245037],[30.099783417226149,43.474579059771884],[29.95655908582853,43.5116933086166],[29.682017115862607,43.56229806825354],[29.589397544102042,43.583606917319798],[29.514528635451768,43.580048731363775],[29.174722250757497,43.559207060234598],[29.079011670978161,43.554788366364733],[28.891166758516533,43.467072727552647],[28.79944708952786,43.424096348340299],[28.568625797854054,43.316959502719897],[28.481461797426164,43.231695767318058],[28.384310761210031,43.144531766890168],[28.201605341312586,43.001166350307756],[28.058239924730003,42.891836568756219],[27.929192350674953,42.763193467821111],[27.797552353733806,42.63414589376606],[27.676354127343131,42.505645818029052],[27.547854051606066,42.353264469945884],[27.440880449614269,42.230733622633977],[27.349842539783651,42.12376002064218],[27.237284599338864,41.923943599785275],[27.113932313914233,41.689838282950348],[27.072819582130649,41.613374147518073],[27.068661626606968,41.58218069939312],[27.037468178481959,41.372407622271282],[26.995598180285072,41.14485827259108],[26.985997226073664,41.102988274394193],[26.994540786810092,41.060060882722269],[27.037468178481959,40.915598212183909],[27.098601886121457,40.653736108909527],[27.119176187940809,40.592602401270085],[27.295505710598945,40.340254060262964],[27.331197735066837,40.298872844685434],[27.514889793048781,40.082216528146205],[27.53197111407485,40.066333590614761],[27.547854051606066,40.052768805376445],[27.773881983901788,39.856188595850426],[27.804889758298089,39.82886636171412],[28.058239924730003,39.644052959069199],[28.104631817403344,39.618222547695268],[28.202070215439335,39.571830655022097],[28.441060940196337,39.444265797364551],[28.568625797854054,39.383308511620157],[28.82349634445012,39.316315328494227],[28.824395752153237,39.316060700722915],[29.079011670978161,39.24695266020359],[29.262488291792806,39.244921402712805],[29.417210773593979,39.23363155240628],[29.589397544102042,39.231476661142096],[29.812207931310013,39.284255169105961],[29.866737856285113,39.294490342839026]]},"properties":{"OBJECTID":58,"Id":58,"Contour":60,"Shape_Length":13.768128194422667}}]
}